-- MySQL dump 10.13  Distrib 8.0.35, for Linux (x86_64)
--
-- Host: localhost    Database: fbp-dev-strapi2
-- ------------------------------------------------------
-- Server version	8.0.35-0ubuntu0.22.04.1

/*!40101 SET @OLD_CHARACTER_SET_CLIENT=@@CHARACTER_SET_CLIENT */;
/*!40101 SET @OLD_CHARACTER_SET_RESULTS=@@CHARACTER_SET_RESULTS */;
/*!40101 SET @OLD_COLLATION_CONNECTION=@@COLLATION_CONNECTION */;
/*!50503 SET NAMES utf8mb4 */;
/*!40103 SET @OLD_TIME_ZONE=@@TIME_ZONE */;
/*!40103 SET TIME_ZONE='+00:00' */;
/*!40014 SET @OLD_UNIQUE_CHECKS=@@UNIQUE_CHECKS, UNIQUE_CHECKS=0 */;
/*!40014 SET @OLD_FOREIGN_KEY_CHECKS=@@FOREIGN_KEY_CHECKS, FOREIGN_KEY_CHECKS=0 */;
/*!40101 SET @OLD_SQL_MODE=@@SQL_MODE, SQL_MODE='NO_AUTO_VALUE_ON_ZERO' */;
/*!40111 SET @OLD_SQL_NOTES=@@SQL_NOTES, SQL_NOTES=0 */;

--
-- Table structure for table `admin_permissions`
--

DROP TABLE IF EXISTS `admin_permissions`;
/*!40101 SET @saved_cs_client     = @@character_set_client */;
/*!50503 SET character_set_client = utf8mb4 */;
CREATE TABLE `admin_permissions` (
  `id` int unsigned NOT NULL AUTO_INCREMENT,
  `action` varchar(255) DEFAULT NULL,
  `subject` varchar(255) DEFAULT NULL,
  `properties` json DEFAULT NULL,
  `conditions` json DEFAULT NULL,
  `created_at` datetime(6) DEFAULT NULL,
  `updated_at` datetime(6) DEFAULT NULL,
  `created_by_id` int unsigned DEFAULT NULL,
  `updated_by_id` int unsigned DEFAULT NULL,
  PRIMARY KEY (`id`),
  KEY `admin_permissions_created_by_id_fk` (`created_by_id`),
  KEY `admin_permissions_updated_by_id_fk` (`updated_by_id`),
  CONSTRAINT `admin_permissions_created_by_id_fk` FOREIGN KEY (`created_by_id`) REFERENCES `admin_users` (`id`) ON DELETE SET NULL,
  CONSTRAINT `admin_permissions_updated_by_id_fk` FOREIGN KEY (`updated_by_id`) REFERENCES `admin_users` (`id`) ON DELETE SET NULL
) ENGINE=InnoDB AUTO_INCREMENT=801 DEFAULT CHARSET=utf8mb4 COLLATE=utf8mb4_0900_ai_ci;
/*!40101 SET character_set_client = @saved_cs_client */;

--
-- Dumping data for table `admin_permissions`
--

LOCK TABLES `admin_permissions` WRITE;
/*!40000 ALTER TABLE `admin_permissions` DISABLE KEYS */;
INSERT INTO `admin_permissions` VALUES (1,'plugin::upload.read',NULL,'{}','[]','2023-09-19 11:45:52.674000','2023-09-19 11:45:52.674000',NULL,NULL),(2,'plugin::upload.configure-view',NULL,'{}','[]','2023-09-19 11:45:52.682000','2023-09-19 11:45:52.682000',NULL,NULL),(3,'plugin::upload.assets.create',NULL,'{}','[]','2023-09-19 11:45:52.689000','2023-09-19 11:45:52.689000',NULL,NULL),(4,'plugin::upload.assets.update',NULL,'{}','[]','2023-09-19 11:45:52.699000','2023-09-19 11:45:52.699000',NULL,NULL),(5,'plugin::upload.assets.download',NULL,'{}','[]','2023-09-19 11:45:52.707000','2023-09-19 11:45:52.707000',NULL,NULL),(6,'plugin::upload.assets.copy-link',NULL,'{}','[]','2023-09-19 11:45:52.714000','2023-09-19 11:45:52.714000',NULL,NULL),(13,'plugin::content-manager.explorer.create','plugin::users-permissions.user','{\"fields\": [\"username\", \"email\", \"provider\", \"password\", \"resetPasswordToken\", \"confirmationToken\", \"confirmed\", \"blocked\", \"role\"]}','[]','2023-09-19 11:45:52.795000','2023-09-19 11:45:52.795000',NULL,NULL),(14,'plugin::content-manager.explorer.read','plugin::users-permissions.user','{\"fields\": [\"username\", \"email\", \"provider\", \"password\", \"resetPasswordToken\", \"confirmationToken\", \"confirmed\", \"blocked\", \"role\"]}','[]','2023-09-19 11:45:52.803000','2023-09-19 11:45:52.803000',NULL,NULL),(15,'plugin::content-manager.explorer.update','plugin::users-permissions.user','{\"fields\": [\"username\", \"email\", \"provider\", \"password\", \"resetPasswordToken\", \"confirmationToken\", \"confirmed\", \"blocked\", \"role\"]}','[]','2023-09-19 11:45:52.810000','2023-09-19 11:45:52.810000',NULL,NULL),(16,'plugin::content-manager.explorer.delete','plugin::users-permissions.user','{}','[]','2023-09-19 11:45:52.818000','2023-09-19 11:45:52.818000',NULL,NULL),(17,'plugin::content-manager.single-types.configure-view',NULL,'{}','[]','2023-09-19 11:45:52.826000','2023-09-19 11:45:52.826000',NULL,NULL),(18,'plugin::content-manager.collection-types.configure-view',NULL,'{}','[]','2023-09-19 11:45:52.833000','2023-09-19 11:45:52.833000',NULL,NULL),(19,'plugin::content-manager.components.configure-layout',NULL,'{}','[]','2023-09-19 11:45:52.841000','2023-09-19 11:45:52.841000',NULL,NULL),(20,'plugin::content-type-builder.read',NULL,'{}','[]','2023-09-19 11:45:52.848000','2023-09-19 11:45:52.848000',NULL,NULL),(21,'plugin::email.settings.read',NULL,'{}','[]','2023-09-19 11:45:52.855000','2023-09-19 11:45:52.855000',NULL,NULL),(22,'plugin::upload.read',NULL,'{}','[]','2023-09-19 11:45:52.871000','2023-09-19 11:45:52.871000',NULL,NULL),(23,'plugin::upload.assets.create',NULL,'{}','[]','2023-09-19 11:45:52.879000','2023-09-19 11:45:52.879000',NULL,NULL),(24,'plugin::upload.assets.update',NULL,'{}','[]','2023-09-19 11:45:52.886000','2023-09-19 11:45:52.886000',NULL,NULL),(25,'plugin::upload.assets.download',NULL,'{}','[]','2023-09-19 11:45:52.893000','2023-09-19 11:45:52.893000',NULL,NULL),(26,'plugin::upload.assets.copy-link',NULL,'{}','[]','2023-09-19 11:45:52.901000','2023-09-19 11:45:52.901000',NULL,NULL),(27,'plugin::upload.configure-view',NULL,'{}','[]','2023-09-19 11:45:52.907000','2023-09-19 11:45:52.907000',NULL,NULL),(28,'plugin::upload.settings.read',NULL,'{}','[]','2023-09-19 11:45:52.915000','2023-09-19 11:45:52.915000',NULL,NULL),(29,'plugin::users-permissions.roles.create',NULL,'{}','[]','2023-09-19 11:45:52.922000','2023-09-19 11:45:52.922000',NULL,NULL),(30,'plugin::users-permissions.roles.read',NULL,'{}','[]','2023-09-19 11:45:52.929000','2023-09-19 11:45:52.929000',NULL,NULL),(31,'plugin::users-permissions.roles.update',NULL,'{}','[]','2023-09-19 11:45:52.938000','2023-09-19 11:45:52.938000',NULL,NULL),(32,'plugin::users-permissions.roles.delete',NULL,'{}','[]','2023-09-19 11:45:52.945000','2023-09-19 11:45:52.945000',NULL,NULL),(33,'plugin::users-permissions.providers.read',NULL,'{}','[]','2023-09-19 11:45:52.952000','2023-09-19 11:45:52.952000',NULL,NULL),(34,'plugin::users-permissions.providers.update',NULL,'{}','[]','2023-09-19 11:45:52.959000','2023-09-19 11:45:52.959000',NULL,NULL),(35,'plugin::users-permissions.email-templates.read',NULL,'{}','[]','2023-09-19 11:45:52.965000','2023-09-19 11:45:52.965000',NULL,NULL),(36,'plugin::users-permissions.email-templates.update',NULL,'{}','[]','2023-09-19 11:45:52.972000','2023-09-19 11:45:52.972000',NULL,NULL),(37,'plugin::users-permissions.advanced-settings.read',NULL,'{}','[]','2023-09-19 11:45:52.979000','2023-09-19 11:45:52.979000',NULL,NULL),(38,'plugin::users-permissions.advanced-settings.update',NULL,'{}','[]','2023-09-19 11:45:52.985000','2023-09-19 11:45:52.985000',NULL,NULL),(39,'plugin::i18n.locale.create',NULL,'{}','[]','2023-09-19 11:45:52.993000','2023-09-19 11:45:52.993000',NULL,NULL),(40,'plugin::i18n.locale.read',NULL,'{}','[]','2023-09-19 11:45:52.999000','2023-09-19 11:45:52.999000',NULL,NULL),(41,'plugin::i18n.locale.update',NULL,'{}','[]','2023-09-19 11:45:53.005000','2023-09-19 11:45:53.005000',NULL,NULL),(42,'plugin::i18n.locale.delete',NULL,'{}','[]','2023-09-19 11:45:53.011000','2023-09-19 11:45:53.011000',NULL,NULL),(43,'admin::marketplace.read',NULL,'{}','[]','2023-09-19 11:45:53.017000','2023-09-19 11:45:53.017000',NULL,NULL),(44,'admin::webhooks.create',NULL,'{}','[]','2023-09-19 11:45:53.024000','2023-09-19 11:45:53.024000',NULL,NULL),(45,'admin::webhooks.read',NULL,'{}','[]','2023-09-19 11:45:53.030000','2023-09-19 11:45:53.030000',NULL,NULL),(46,'admin::webhooks.update',NULL,'{}','[]','2023-09-19 11:45:53.038000','2023-09-19 11:45:53.038000',NULL,NULL),(47,'admin::webhooks.delete',NULL,'{}','[]','2023-09-19 11:45:53.044000','2023-09-19 11:45:53.044000',NULL,NULL),(48,'admin::users.create',NULL,'{}','[]','2023-09-19 11:45:53.050000','2023-09-19 11:45:53.050000',NULL,NULL),(49,'admin::users.read',NULL,'{}','[]','2023-09-19 11:45:53.057000','2023-09-19 11:45:53.057000',NULL,NULL),(50,'admin::users.update',NULL,'{}','[]','2023-09-19 11:45:53.073000','2023-09-19 11:45:53.073000',NULL,NULL),(51,'admin::users.delete',NULL,'{}','[]','2023-09-19 11:45:53.081000','2023-09-19 11:45:53.081000',NULL,NULL),(52,'admin::roles.create',NULL,'{}','[]','2023-09-19 11:45:53.088000','2023-09-19 11:45:53.088000',NULL,NULL),(53,'admin::roles.read',NULL,'{}','[]','2023-09-19 11:45:53.095000','2023-09-19 11:45:53.095000',NULL,NULL),(54,'admin::roles.update',NULL,'{}','[]','2023-09-19 11:45:53.101000','2023-09-19 11:45:53.101000',NULL,NULL),(55,'admin::roles.delete',NULL,'{}','[]','2023-09-19 11:45:53.108000','2023-09-19 11:45:53.108000',NULL,NULL),(56,'admin::api-tokens.access',NULL,'{}','[]','2023-09-19 11:45:53.114000','2023-09-19 11:45:53.114000',NULL,NULL),(57,'admin::api-tokens.create',NULL,'{}','[]','2023-09-19 11:45:53.120000','2023-09-19 11:45:53.120000',NULL,NULL),(58,'admin::api-tokens.read',NULL,'{}','[]','2023-09-19 11:45:53.127000','2023-09-19 11:45:53.127000',NULL,NULL),(59,'admin::api-tokens.update',NULL,'{}','[]','2023-09-19 11:45:53.133000','2023-09-19 11:45:53.133000',NULL,NULL),(60,'admin::api-tokens.regenerate',NULL,'{}','[]','2023-09-19 11:45:53.139000','2023-09-19 11:45:53.139000',NULL,NULL),(61,'admin::api-tokens.delete',NULL,'{}','[]','2023-09-19 11:45:53.145000','2023-09-19 11:45:53.145000',NULL,NULL),(62,'admin::project-settings.update',NULL,'{}','[]','2023-09-19 11:45:53.153000','2023-09-19 11:45:53.153000',NULL,NULL),(63,'admin::project-settings.read',NULL,'{}','[]','2023-09-19 11:45:53.158000','2023-09-19 11:45:53.158000',NULL,NULL),(64,'admin::transfer.tokens.access',NULL,'{}','[]','2023-09-19 11:45:53.166000','2023-09-19 11:45:53.166000',NULL,NULL),(65,'admin::transfer.tokens.create',NULL,'{}','[]','2023-09-19 11:45:53.173000','2023-09-19 11:45:53.173000',NULL,NULL),(66,'admin::transfer.tokens.read',NULL,'{}','[]','2023-09-19 11:45:53.179000','2023-09-19 11:45:53.179000',NULL,NULL),(67,'admin::transfer.tokens.update',NULL,'{}','[]','2023-09-19 11:45:53.185000','2023-09-19 11:45:53.185000',NULL,NULL),(68,'admin::transfer.tokens.regenerate',NULL,'{}','[]','2023-09-19 11:45:53.190000','2023-09-19 11:45:53.190000',NULL,NULL),(69,'admin::transfer.tokens.delete',NULL,'{}','[]','2023-09-19 11:45:53.197000','2023-09-19 11:45:53.197000',NULL,NULL),(102,'plugin::content-manager.explorer.delete','api::site-configuration.site-configuration','{}','[]','2023-09-27 15:30:14.051000','2023-09-27 15:30:14.051000',NULL,NULL),(103,'plugin::content-manager.explorer.publish','api::site-configuration.site-configuration','{}','[]','2023-09-27 15:30:14.072000','2023-09-27 15:30:14.072000',NULL,NULL),(107,'plugin::content-manager.explorer.delete','api::menu.menu','{}','[]','2023-09-27 18:17:35.698000','2023-09-27 18:17:35.698000',NULL,NULL),(108,'plugin::content-manager.explorer.publish','api::menu.menu','{}','[]','2023-09-27 18:17:35.709000','2023-09-27 18:17:35.709000',NULL,NULL),(178,'plugin::content-manager.explorer.delete','api::article.article','{}','[]','2023-09-29 17:27:19.436000','2023-09-29 17:27:19.436000',NULL,NULL),(179,'plugin::content-manager.explorer.publish','api::article.article','{}','[]','2023-09-29 17:27:19.449000','2023-09-29 17:27:19.449000',NULL,NULL),(192,'plugin::content-manager.explorer.delete','api::property.property','{}','[]','2023-10-01 13:30:00.669000','2023-10-01 13:30:00.669000',NULL,NULL),(193,'plugin::content-manager.explorer.publish','api::property.property','{}','[]','2023-10-01 13:30:00.679000','2023-10-01 13:30:00.679000',NULL,NULL),(335,'plugin::content-manager.explorer.delete','api::property-type.property-type','{}','[]','2023-10-20 07:29:07.573000','2023-10-20 07:29:07.573000',NULL,NULL),(336,'plugin::content-manager.explorer.publish','api::property-type.property-type','{}','[]','2023-10-20 07:29:07.581000','2023-10-20 07:29:07.581000',NULL,NULL),(352,'plugin::content-manager.explorer.delete','api::contact-module.contact-module','{}','[]','2023-10-20 13:19:08.518000','2023-10-20 13:19:08.518000',NULL,NULL),(353,'plugin::content-manager.explorer.publish','api::contact-module.contact-module','{}','[]','2023-10-20 13:19:08.526000','2023-10-20 13:19:08.526000',NULL,NULL),(357,'plugin::content-manager.explorer.create','api::contact-module.contact-module','{\"fields\": [\"Name\", \"Message\", \"Image\", \"Phone_Number\"]}','[]','2023-10-20 13:23:22.954000','2023-10-20 13:23:22.954000',NULL,NULL),(358,'plugin::content-manager.explorer.read','api::contact-module.contact-module','{\"fields\": [\"Name\", \"Message\", \"Image\", \"Phone_Number\"]}','[]','2023-10-20 13:23:22.965000','2023-10-20 13:23:22.965000',NULL,NULL),(359,'plugin::content-manager.explorer.update','api::contact-module.contact-module','{\"fields\": [\"Name\", \"Message\", \"Image\", \"Phone_Number\"]}','[]','2023-10-20 13:23:22.973000','2023-10-20 13:23:22.973000',NULL,NULL),(371,'plugin::content-manager.explorer.delete','api::builder.builder','{}','[]','2023-10-21 18:11:00.782000','2023-10-21 18:11:00.782000',NULL,NULL),(372,'plugin::content-manager.explorer.publish','api::builder.builder','{}','[]','2023-10-21 18:11:00.792000','2023-10-21 18:11:00.792000',NULL,NULL),(405,'plugin::content-manager.explorer.delete','api::property-location.property-location','{}','[]','2023-11-15 19:16:17.939000','2023-11-15 19:16:17.939000',NULL,NULL),(406,'plugin::content-manager.explorer.publish','api::property-location.property-location','{}','[]','2023-11-15 19:16:17.946000','2023-11-15 19:16:17.946000',NULL,NULL),(410,'plugin::content-manager.explorer.delete','api::property-area.property-area','{}','[]','2023-11-15 19:18:17.142000','2023-11-15 19:18:17.142000',NULL,NULL),(411,'plugin::content-manager.explorer.publish','api::property-area.property-area','{}','[]','2023-11-15 19:18:17.151000','2023-11-15 19:18:17.151000',NULL,NULL),(421,'plugin::content-manager.explorer.delete','api::client-feedback.client-feedback','{}','[]','2023-11-16 14:26:04.276000','2023-11-16 14:26:04.276000',NULL,NULL),(422,'plugin::content-manager.explorer.publish','api::client-feedback.client-feedback','{}','[]','2023-11-16 14:26:04.287000','2023-11-16 14:26:04.287000',NULL,NULL),(426,'plugin::content-manager.explorer.delete','api::blog.blog','{}','[]','2023-11-16 17:35:12.806000','2023-11-16 17:35:12.806000',NULL,NULL),(427,'plugin::content-manager.explorer.publish','api::blog.blog','{}','[]','2023-11-16 17:35:12.817000','2023-11-16 17:35:12.817000',NULL,NULL),(431,'plugin::content-manager.explorer.delete','api::blog-tag.blog-tag','{}','[]','2023-11-16 17:48:23.560000','2023-11-16 17:48:23.560000',NULL,NULL),(432,'plugin::content-manager.explorer.publish','api::blog-tag.blog-tag','{}','[]','2023-11-16 17:48:23.569000','2023-11-16 17:48:23.569000',NULL,NULL),(442,'plugin::content-manager.explorer.delete','api::property-status.property-status','{}','[]','2023-11-17 07:25:46.411000','2023-11-17 07:25:46.411000',NULL,NULL),(443,'plugin::content-manager.explorer.publish','api::property-status.property-status','{}','[]','2023-11-17 07:25:46.428000','2023-11-17 07:25:46.428000',NULL,NULL),(594,'plugin::content-manager.explorer.delete','api::email-template.email-template','{}','[]','2023-11-24 08:13:43.706000','2023-11-24 08:13:43.706000',NULL,NULL),(595,'plugin::content-manager.explorer.publish','api::email-template.email-template','{}','[]','2023-11-24 08:13:43.719000','2023-11-24 08:13:43.719000',NULL,NULL),(608,'plugin::content-manager.explorer.create','api::popup-contact.popup-contact','{\"fields\": [\"Name\", \"Image\", \"Description\"]}','[]','2023-12-01 08:56:56.886000','2023-12-01 08:56:56.886000',NULL,NULL),(609,'plugin::content-manager.explorer.read','api::popup-contact.popup-contact','{\"fields\": [\"Name\", \"Image\", \"Description\"]}','[]','2023-12-01 08:56:56.901000','2023-12-01 08:56:56.901000',NULL,NULL),(610,'plugin::content-manager.explorer.update','api::popup-contact.popup-contact','{\"fields\": [\"Name\", \"Image\", \"Description\"]}','[]','2023-12-01 08:56:56.910000','2023-12-01 08:56:56.910000',NULL,NULL),(611,'plugin::content-manager.explorer.delete','api::popup-contact.popup-contact','{}','[]','2023-12-01 08:56:56.921000','2023-12-01 08:56:56.921000',NULL,NULL),(612,'plugin::content-manager.explorer.publish','api::popup-contact.popup-contact','{}','[]','2023-12-01 08:56:56.933000','2023-12-01 08:56:56.933000',NULL,NULL),(616,'plugin::content-manager.explorer.create','api::site-configuration.site-configuration','{\"fields\": [\"Name\", \"Url\", \"Logo\", \"Social_Links.Name\", \"Social_Links.Icon\", \"Social_Links.Link\", \"Footer_Menu_Links.Link\", \"Footer_Menu_Links.Separator\", \"Phone_Number\", \"Email_Id\", \"Address\", \"Copy_Write\", \"Contacts.Name\", \"Contacts.Link\", \"Contacts.Icon\", \"Contacts.Value\", \"Top_Menu.Menu\", \"Top_Menu.Name\", \"Popular_Search.Search_List\", \"Privacy_Policy\", \"Terms_Conditions\", \"Logo2\", \"Logo3\", \"Mail_Template_Header\", \"Mail_Template_Footer\"]}','[]','2023-12-05 15:34:23.898000','2023-12-05 15:34:23.898000',NULL,NULL),(617,'plugin::content-manager.explorer.read','api::site-configuration.site-configuration','{\"fields\": [\"Name\", \"Url\", \"Logo\", \"Social_Links.Name\", \"Social_Links.Icon\", \"Social_Links.Link\", \"Footer_Menu_Links.Link\", \"Footer_Menu_Links.Separator\", \"Phone_Number\", \"Email_Id\", \"Address\", \"Copy_Write\", \"Contacts.Name\", \"Contacts.Link\", \"Contacts.Icon\", \"Contacts.Value\", \"Top_Menu.Menu\", \"Top_Menu.Name\", \"Popular_Search.Search_List\", \"Privacy_Policy\", \"Terms_Conditions\", \"Logo2\", \"Logo3\", \"Mail_Template_Header\", \"Mail_Template_Footer\"]}','[]','2023-12-05 15:34:23.909000','2023-12-05 15:34:23.909000',NULL,NULL),(618,'plugin::content-manager.explorer.update','api::site-configuration.site-configuration','{\"fields\": [\"Name\", \"Url\", \"Logo\", \"Social_Links.Name\", \"Social_Links.Icon\", \"Social_Links.Link\", \"Footer_Menu_Links.Link\", \"Footer_Menu_Links.Separator\", \"Phone_Number\", \"Email_Id\", \"Address\", \"Copy_Write\", \"Contacts.Name\", \"Contacts.Link\", \"Contacts.Icon\", \"Contacts.Value\", \"Top_Menu.Menu\", \"Top_Menu.Name\", \"Popular_Search.Search_List\", \"Privacy_Policy\", \"Terms_Conditions\", \"Logo2\", \"Logo3\", \"Mail_Template_Header\", \"Mail_Template_Footer\"]}','[]','2023-12-05 15:34:23.919000','2023-12-05 15:34:23.919000',NULL,NULL),(619,'plugin::content-manager.single-types.configure-view',NULL,'{}','[]','2023-12-08 07:12:35.197000','2023-12-08 07:12:35.197000',NULL,NULL),(620,'plugin::content-manager.collection-types.configure-view',NULL,'{}','[]','2023-12-08 07:12:35.206000','2023-12-08 07:12:35.206000',NULL,NULL),(621,'plugin::content-manager.components.configure-layout',NULL,'{}','[]','2023-12-08 07:12:35.215000','2023-12-08 07:12:35.215000',NULL,NULL),(622,'plugin::content-type-builder.read',NULL,'{}','[]','2023-12-08 07:12:35.223000','2023-12-08 07:12:35.223000',NULL,NULL),(623,'plugin::content-manager.explorer.create','plugin::users-permissions.user','{\"fields\": [\"username\", \"email\", \"provider\", \"password\", \"resetPasswordToken\", \"confirmationToken\", \"confirmed\", \"blocked\", \"role\"]}','[]','2023-12-08 07:12:35.230000','2023-12-08 07:12:35.230000',NULL,NULL),(624,'plugin::content-manager.explorer.read','plugin::users-permissions.user','{\"fields\": [\"username\", \"email\", \"provider\", \"password\", \"resetPasswordToken\", \"confirmationToken\", \"confirmed\", \"blocked\", \"role\"]}','[]','2023-12-08 07:12:35.238000','2023-12-08 07:12:35.238000',NULL,NULL),(625,'plugin::content-manager.explorer.update','plugin::users-permissions.user','{\"fields\": [\"username\", \"email\", \"provider\", \"password\", \"resetPasswordToken\", \"confirmationToken\", \"confirmed\", \"blocked\", \"role\"]}','[]','2023-12-08 07:12:35.247000','2023-12-08 07:12:35.247000',NULL,NULL),(626,'plugin::content-manager.explorer.create','api::article.article','{\"fields\": [\"Name\", \"Alias\", \"Menu_Link\", \"Module_Enabled.Enabled\", \"Module_Enabled.Name\", \"Module_Enabled.Collection_Name\", \"Banners.Image\", \"Banners.Line_1\", \"Banners.Line_2\", \"Banners.Line_3\", \"Banners.Line_4\", \"Banners.Description\", \"Video_Banners.Name\", \"Video_Banners.URL\", \"Video_Banners.Image\"]}','[]','2023-12-08 07:12:35.255000','2023-12-08 07:12:35.255000',NULL,NULL),(627,'plugin::content-manager.explorer.read','api::article.article','{\"fields\": [\"Name\", \"Alias\", \"Menu_Link\", \"Module_Enabled.Enabled\", \"Module_Enabled.Name\", \"Module_Enabled.Collection_Name\", \"Banners.Image\", \"Banners.Line_1\", \"Banners.Line_2\", \"Banners.Line_3\", \"Banners.Line_4\", \"Banners.Description\", \"Video_Banners.Name\", \"Video_Banners.URL\", \"Video_Banners.Image\"]}','[]','2023-12-08 07:12:35.263000','2023-12-08 07:12:35.263000',NULL,NULL),(628,'plugin::content-manager.explorer.update','api::article.article','{\"fields\": [\"Name\", \"Alias\", \"Menu_Link\", \"Module_Enabled.Enabled\", \"Module_Enabled.Name\", \"Module_Enabled.Collection_Name\", \"Banners.Image\", \"Banners.Line_1\", \"Banners.Line_2\", \"Banners.Line_3\", \"Banners.Line_4\", \"Banners.Description\", \"Video_Banners.Name\", \"Video_Banners.URL\", \"Video_Banners.Image\"]}','[]','2023-12-08 07:12:35.270000','2023-12-08 07:12:35.270000',NULL,NULL),(629,'plugin::content-manager.explorer.publish','api::article.article','{}','[]','2023-12-08 07:12:35.279000','2023-12-08 07:12:35.279000',NULL,NULL),(630,'plugin::content-manager.explorer.create','api::blog.blog','{\"fields\": [\"Title\", \"Description\", \"Posted_At\", \"Image\", \"Tags.Tag\"]}','[]','2023-12-08 07:12:35.287000','2023-12-22 13:01:44.400000',NULL,NULL),(631,'plugin::content-manager.explorer.read','api::blog.blog','{\"fields\": [\"Title\", \"Description\", \"Posted_At\", \"Image\", \"Tags.Tag\"]}','[]','2023-12-08 07:12:35.299000','2023-12-22 13:01:44.400000',NULL,NULL),(632,'plugin::content-manager.explorer.update','api::blog.blog','{\"fields\": [\"Title\", \"Description\", \"Posted_At\", \"Image\", \"Tags.Tag\"]}','[]','2023-12-08 07:12:35.311000','2023-12-22 13:01:44.400000',NULL,NULL),(633,'plugin::content-manager.explorer.publish','api::blog.blog','{}','[]','2023-12-08 07:12:35.325000','2023-12-08 07:12:35.325000',NULL,NULL),(634,'plugin::content-manager.explorer.create','api::blog-tag.blog-tag','{\"fields\": [\"Name\"]}','[]','2023-12-08 07:12:35.335000','2023-12-08 07:12:35.335000',NULL,NULL),(635,'plugin::content-manager.explorer.read','api::blog-tag.blog-tag','{\"fields\": [\"Name\"]}','[]','2023-12-08 07:12:35.345000','2023-12-08 07:12:35.345000',NULL,NULL),(636,'plugin::content-manager.explorer.update','api::blog-tag.blog-tag','{\"fields\": [\"Name\"]}','[]','2023-12-08 07:12:35.355000','2023-12-08 07:12:35.355000',NULL,NULL),(637,'plugin::content-manager.explorer.publish','api::blog-tag.blog-tag','{}','[]','2023-12-08 07:12:35.364000','2023-12-08 07:12:35.364000',NULL,NULL),(638,'plugin::content-manager.explorer.create','api::builder.builder','{\"fields\": [\"Name\", \"Description\", \"Image\"]}','[]','2023-12-08 07:12:35.375000','2023-12-08 07:12:35.375000',NULL,NULL),(639,'plugin::content-manager.explorer.read','api::builder.builder','{\"fields\": [\"Name\", \"Description\", \"Image\"]}','[]','2023-12-08 07:12:35.384000','2023-12-08 07:12:35.384000',NULL,NULL),(640,'plugin::content-manager.explorer.update','api::builder.builder','{\"fields\": [\"Name\", \"Description\", \"Image\"]}','[]','2023-12-08 07:12:35.393000','2023-12-08 07:12:35.393000',NULL,NULL),(641,'plugin::content-manager.explorer.publish','api::builder.builder','{}','[]','2023-12-08 07:12:35.403000','2023-12-08 07:12:35.403000',NULL,NULL),(642,'plugin::content-manager.explorer.create','api::client-feedback.client-feedback','{\"fields\": [\"Name\", \"Posted_At\", \"Review\", \"Star\", \"Image\"]}','[]','2023-12-08 07:12:35.411000','2023-12-08 07:12:35.411000',NULL,NULL),(643,'plugin::content-manager.explorer.read','api::client-feedback.client-feedback','{\"fields\": [\"Name\", \"Posted_At\", \"Review\", \"Star\", \"Image\"]}','[]','2023-12-08 07:12:35.419000','2023-12-08 07:12:35.419000',NULL,NULL),(644,'plugin::content-manager.explorer.update','api::client-feedback.client-feedback','{\"fields\": [\"Name\", \"Posted_At\", \"Review\", \"Star\", \"Image\"]}','[]','2023-12-08 07:12:35.426000','2023-12-08 07:12:35.426000',NULL,NULL),(645,'plugin::content-manager.explorer.publish','api::client-feedback.client-feedback','{}','[]','2023-12-08 07:12:35.434000','2023-12-08 07:12:35.434000',NULL,NULL),(646,'plugin::content-manager.explorer.create','api::email-template.email-template','{\"fields\": [\"Subject\", \"To\", \"From\", \"Template_Name\", \"Message\"]}','[]','2023-12-08 07:12:35.443000','2023-12-08 07:12:35.443000',NULL,NULL),(647,'plugin::content-manager.explorer.read','api::email-template.email-template','{\"fields\": [\"Subject\", \"To\", \"From\", \"Template_Name\", \"Message\"]}','[]','2023-12-08 07:12:35.451000','2023-12-08 07:12:35.451000',NULL,NULL),(648,'plugin::content-manager.explorer.update','api::email-template.email-template','{\"fields\": [\"Subject\", \"To\", \"From\", \"Template_Name\", \"Message\"]}','[]','2023-12-08 07:12:35.461000','2023-12-08 07:12:35.461000',NULL,NULL),(649,'plugin::content-manager.explorer.publish','api::email-template.email-template','{}','[]','2023-12-08 07:12:35.470000','2023-12-08 07:12:35.470000',NULL,NULL),(650,'plugin::content-manager.explorer.create','api::menu.menu','{\"fields\": [\"Menu_Type\", \"Name\", \"Menu_Link_Type\", \"Menu_Link\", \"Sort\", \"Parent_Menu\"]}','[]','2023-12-08 07:12:35.479000','2023-12-08 07:12:35.479000',NULL,NULL),(651,'plugin::content-manager.explorer.read','api::menu.menu','{\"fields\": [\"Menu_Type\", \"Name\", \"Menu_Link_Type\", \"Menu_Link\", \"Sort\", \"Parent_Menu\"]}','[]','2023-12-08 07:12:35.488000','2023-12-08 07:12:35.488000',NULL,NULL),(652,'plugin::content-manager.explorer.update','api::menu.menu','{\"fields\": [\"Menu_Type\", \"Name\", \"Menu_Link_Type\", \"Menu_Link\", \"Sort\", \"Parent_Menu\"]}','[]','2023-12-08 07:12:35.496000','2023-12-08 07:12:35.496000',NULL,NULL),(653,'plugin::content-manager.explorer.publish','api::menu.menu','{}','[]','2023-12-08 07:12:35.507000','2023-12-08 07:12:35.507000',NULL,NULL),(654,'plugin::content-manager.explorer.create','api::property.property','{\"fields\": [\"Description\", \"Publish\", \"Latitude\", \"Longitude\", \"Main_Image\", \"Images\", \"Door_No\", \"Street_Name\", \"Builder\", \"Area\", \"Type\", \"Video\", \"Status\", \"Name\", \"Floor_Plans.Floor\", \"Floor_Plans.Image\", \"Floor_Plans.Description\", \"Features.Name\", \"Features.Description\", \"Price\", \"Price_Structure.Name\", \"Price_Structure.Description\", \"Price_Structure.Value\", \"Bedrooms\", \"Bathrooms\", \"Unit_Size\", \"Posted_At\", \"Advantages.Name\", \"Advantages.Description\", \"Downloads.Name\", \"Downloads.Link\", \"Project_Size\", \"Price_Per_Sq_Feet\", \"Total_Floors\", \"Unit_Types.Unit_Type\", \"Unit_Types.Saleable_Area\", \"Unit_Types.RERA_Carpet_Area\", \"Unit_Types.Document\", \"Property_Id\"]}','[]','2023-12-08 07:12:35.516000','2023-12-15 06:11:13.969000',NULL,NULL),(655,'plugin::content-manager.explorer.read','api::property.property','{\"fields\": [\"Description\", \"Publish\", \"Latitude\", \"Longitude\", \"Main_Image\", \"Images\", \"Door_No\", \"Street_Name\", \"Builder\", \"Area\", \"Type\", \"Video\", \"Status\", \"Name\", \"Floor_Plans.Floor\", \"Floor_Plans.Image\", \"Floor_Plans.Description\", \"Features.Name\", \"Features.Description\", \"Price\", \"Price_Structure.Name\", \"Price_Structure.Description\", \"Price_Structure.Value\", \"Bedrooms\", \"Bathrooms\", \"Unit_Size\", \"Posted_At\", \"Advantages.Name\", \"Advantages.Description\", \"Downloads.Name\", \"Downloads.Link\", \"Project_Size\", \"Price_Per_Sq_Feet\", \"Total_Floors\", \"Unit_Types.Unit_Type\", \"Unit_Types.Saleable_Area\", \"Unit_Types.RERA_Carpet_Area\", \"Unit_Types.Document\", \"Property_Id\"]}','[]','2023-12-08 07:12:35.524000','2023-12-15 06:11:13.969000',NULL,NULL),(656,'plugin::content-manager.explorer.update','api::property.property','{\"fields\": [\"Description\", \"Publish\", \"Latitude\", \"Longitude\", \"Main_Image\", \"Images\", \"Door_No\", \"Street_Name\", \"Builder\", \"Area\", \"Type\", \"Video\", \"Status\", \"Name\", \"Floor_Plans.Floor\", \"Floor_Plans.Image\", \"Floor_Plans.Description\", \"Features.Name\", \"Features.Description\", \"Price\", \"Price_Structure.Name\", \"Price_Structure.Description\", \"Price_Structure.Value\", \"Bedrooms\", \"Bathrooms\", \"Unit_Size\", \"Posted_At\", \"Advantages.Name\", \"Advantages.Description\", \"Downloads.Name\", \"Downloads.Link\", \"Project_Size\", \"Price_Per_Sq_Feet\", \"Total_Floors\", \"Unit_Types.Unit_Type\", \"Unit_Types.Saleable_Area\", \"Unit_Types.RERA_Carpet_Area\", \"Unit_Types.Document\", \"Property_Id\"]}','[]','2023-12-08 07:12:35.532000','2023-12-15 06:11:13.969000',NULL,NULL),(657,'plugin::content-manager.explorer.publish','api::property.property','{}','[]','2023-12-08 07:12:35.539000','2023-12-08 07:12:35.539000',NULL,NULL),(658,'plugin::content-manager.explorer.create','api::property-area.property-area','{\"fields\": [\"Name\", \"Location\", \"Description\", \"Image\"]}','[]','2023-12-08 07:12:35.546000','2023-12-08 07:12:35.546000',NULL,NULL),(659,'plugin::content-manager.explorer.read','api::property-area.property-area','{\"fields\": [\"Name\", \"Location\", \"Description\", \"Image\"]}','[]','2023-12-08 07:12:35.554000','2023-12-08 07:12:35.554000',NULL,NULL),(660,'plugin::content-manager.explorer.update','api::property-area.property-area','{\"fields\": [\"Name\", \"Location\", \"Description\", \"Image\"]}','[]','2023-12-08 07:12:35.564000','2023-12-08 07:12:35.564000',NULL,NULL),(661,'plugin::content-manager.explorer.publish','api::property-area.property-area','{}','[]','2023-12-08 07:12:35.571000','2023-12-08 07:12:35.571000',NULL,NULL),(662,'plugin::content-manager.explorer.create','api::property-location.property-location','{\"fields\": [\"Name\", \"Image\", \"Description\", \"Sort\", \"State\"]}','[]','2023-12-08 07:12:35.580000','2023-12-22 13:07:44.782000',NULL,NULL),(663,'plugin::content-manager.explorer.read','api::property-location.property-location','{\"fields\": [\"Name\", \"Image\", \"Description\", \"Sort\", \"State\"]}','[]','2023-12-08 07:12:35.589000','2023-12-22 13:07:44.782000',NULL,NULL),(664,'plugin::content-manager.explorer.update','api::property-location.property-location','{\"fields\": [\"Name\", \"Image\", \"Description\", \"Sort\", \"State\"]}','[]','2023-12-08 07:12:35.599000','2023-12-22 13:07:44.782000',NULL,NULL),(665,'plugin::content-manager.explorer.publish','api::property-location.property-location','{}','[]','2023-12-08 07:12:35.607000','2023-12-08 07:12:35.607000',NULL,NULL),(666,'plugin::content-manager.explorer.create','api::property-status.property-status','{\"fields\": [\"Name\"]}','[]','2023-12-08 07:12:35.615000','2023-12-08 07:12:35.615000',NULL,NULL),(667,'plugin::content-manager.explorer.read','api::property-status.property-status','{\"fields\": [\"Name\"]}','[]','2023-12-08 07:12:35.624000','2023-12-08 07:12:35.624000',NULL,NULL),(668,'plugin::content-manager.explorer.update','api::property-status.property-status','{\"fields\": [\"Name\"]}','[]','2023-12-08 07:12:35.630000','2023-12-08 07:12:35.630000',NULL,NULL),(669,'plugin::content-manager.explorer.publish','api::property-status.property-status','{}','[]','2023-12-08 07:12:35.639000','2023-12-08 07:12:35.639000',NULL,NULL),(670,'plugin::content-manager.explorer.create','api::property-type.property-type','{\"fields\": [\"Name\", \"Description\", \"Image\", \"Sort\"]}','[]','2023-12-08 07:12:35.649000','2023-12-08 07:12:35.649000',NULL,NULL),(671,'plugin::content-manager.explorer.read','api::property-type.property-type','{\"fields\": [\"Name\", \"Description\", \"Image\", \"Sort\"]}','[]','2023-12-08 07:12:35.657000','2023-12-08 07:12:35.657000',NULL,NULL),(672,'plugin::content-manager.explorer.update','api::property-type.property-type','{\"fields\": [\"Name\", \"Description\", \"Image\", \"Sort\"]}','[]','2023-12-08 07:12:35.666000','2023-12-08 07:12:35.666000',NULL,NULL),(673,'plugin::content-manager.explorer.publish','api::property-type.property-type','{}','[]','2023-12-08 07:12:35.674000','2023-12-08 07:12:35.674000',NULL,NULL),(674,'plugin::content-manager.explorer.create','api::contact-module.contact-module','{\"fields\": [\"Name\", \"Message\", \"Image\", \"Phone_Number\"]}','[]','2023-12-08 07:12:35.683000','2023-12-08 07:12:35.683000',NULL,NULL),(675,'plugin::content-manager.explorer.read','api::contact-module.contact-module','{\"fields\": [\"Name\", \"Message\", \"Image\", \"Phone_Number\"]}','[]','2023-12-08 07:12:35.692000','2023-12-08 07:12:35.692000',NULL,NULL),(676,'plugin::content-manager.explorer.update','api::contact-module.contact-module','{\"fields\": [\"Name\", \"Message\", \"Image\", \"Phone_Number\"]}','[]','2023-12-08 07:12:35.700000','2023-12-08 07:12:35.700000',NULL,NULL),(677,'plugin::content-manager.explorer.publish','api::contact-module.contact-module','{}','[]','2023-12-08 07:12:35.708000','2023-12-08 07:12:35.708000',NULL,NULL),(678,'plugin::content-manager.explorer.create','api::popup-contact.popup-contact','{\"fields\": [\"Name\", \"Image\", \"Description\"]}','[]','2023-12-08 07:12:35.719000','2023-12-08 07:12:35.719000',NULL,NULL),(679,'plugin::content-manager.explorer.read','api::popup-contact.popup-contact','{\"fields\": [\"Name\", \"Image\", \"Description\"]}','[]','2023-12-08 07:12:35.727000','2023-12-08 07:12:35.727000',NULL,NULL),(680,'plugin::content-manager.explorer.update','api::popup-contact.popup-contact','{\"fields\": [\"Name\", \"Image\", \"Description\"]}','[]','2023-12-08 07:12:35.735000','2023-12-08 07:12:35.735000',NULL,NULL),(681,'plugin::content-manager.explorer.publish','api::popup-contact.popup-contact','{}','[]','2023-12-08 07:12:35.743000','2023-12-08 07:12:35.743000',NULL,NULL),(682,'plugin::content-manager.explorer.create','api::site-configuration.site-configuration','{\"fields\": [\"Name\", \"Url\", \"Logo\", \"Social_Links.Name\", \"Social_Links.Icon\", \"Social_Links.Link\", \"Footer_Menu_Links.Link\", \"Footer_Menu_Links.Separator\", \"Phone_Number\", \"Email_Id\", \"Address\", \"Copy_Write\", \"Contacts.Name\", \"Contacts.Link\", \"Contacts.Icon\", \"Contacts.Value\", \"Top_Menu.Menu\", \"Top_Menu.Name\", \"Popular_Search.Search_List\", \"Privacy_Policy\", \"Terms_Conditions\", \"Logo2\", \"Logo3\", \"Mail_Template_Header\", \"Mail_Template_Footer\"]}','[]','2023-12-08 07:12:35.751000','2023-12-08 07:12:35.751000',NULL,NULL),(683,'plugin::content-manager.explorer.read','api::site-configuration.site-configuration','{\"fields\": [\"Name\", \"Url\", \"Logo\", \"Social_Links.Name\", \"Social_Links.Icon\", \"Social_Links.Link\", \"Footer_Menu_Links.Link\", \"Footer_Menu_Links.Separator\", \"Phone_Number\", \"Email_Id\", \"Address\", \"Copy_Write\", \"Contacts.Name\", \"Contacts.Link\", \"Contacts.Icon\", \"Contacts.Value\", \"Top_Menu.Menu\", \"Top_Menu.Name\", \"Popular_Search.Search_List\", \"Privacy_Policy\", \"Terms_Conditions\", \"Logo2\", \"Logo3\", \"Mail_Template_Header\", \"Mail_Template_Footer\"]}','[]','2023-12-08 07:12:35.759000','2023-12-08 07:12:35.759000',NULL,NULL),(684,'plugin::content-manager.explorer.update','api::site-configuration.site-configuration','{\"fields\": [\"Name\", \"Url\", \"Logo\", \"Social_Links.Name\", \"Social_Links.Icon\", \"Social_Links.Link\", \"Footer_Menu_Links.Link\", \"Footer_Menu_Links.Separator\", \"Phone_Number\", \"Email_Id\", \"Address\", \"Copy_Write\", \"Contacts.Name\", \"Contacts.Link\", \"Contacts.Icon\", \"Contacts.Value\", \"Top_Menu.Menu\", \"Top_Menu.Name\", \"Popular_Search.Search_List\", \"Privacy_Policy\", \"Terms_Conditions\", \"Logo2\", \"Logo3\", \"Mail_Template_Header\", \"Mail_Template_Footer\"]}','[]','2023-12-08 07:12:35.767000','2023-12-08 07:12:35.767000',NULL,NULL),(685,'plugin::content-manager.explorer.publish','api::site-configuration.site-configuration','{}','[]','2023-12-08 07:12:35.777000','2023-12-08 07:12:35.777000',NULL,NULL),(701,'plugin::upload.read',NULL,'{}','[]','2023-12-08 08:55:28.989000','2023-12-08 08:55:28.989000',NULL,NULL),(702,'plugin::upload.configure-view',NULL,'{}','[]','2023-12-08 08:55:28.996000','2023-12-08 08:55:28.996000',NULL,NULL),(703,'plugin::upload.assets.create',NULL,'{}','[]','2023-12-08 08:55:29.003000','2023-12-08 08:55:29.003000',NULL,NULL),(704,'plugin::upload.assets.update',NULL,'{}','[]','2023-12-08 08:55:29.012000','2023-12-08 08:55:29.012000',NULL,NULL),(705,'plugin::upload.assets.download',NULL,'{}','[]','2023-12-08 08:55:29.020000','2023-12-08 08:55:29.020000',NULL,NULL),(706,'plugin::upload.assets.copy-link',NULL,'{}','[]','2023-12-08 08:55:29.028000','2023-12-08 08:55:29.028000',NULL,NULL),(708,'plugin::upload.settings.read',NULL,'{}','[]','2023-12-08 08:55:38.765000','2023-12-08 08:55:38.765000',NULL,NULL),(718,'plugin::content-manager.explorer.delete','api::property-amenitie.property-amenitie','{}','[]','2023-12-15 06:10:27.436000','2023-12-15 06:10:27.436000',NULL,NULL),(719,'plugin::content-manager.explorer.publish','api::property-amenitie.property-amenitie','{}','[]','2023-12-15 06:10:27.450000','2023-12-15 06:10:27.450000',NULL,NULL),(738,'plugin::content-manager.explorer.create','api::property.property','{\"fields\": [\"Description\", \"Publish\", \"Latitude\", \"Longitude\", \"Main_Image\", \"Images\", \"Door_No\", \"Street_Name\", \"Builder\", \"Area\", \"Type\", \"Video\", \"Status\", \"Name\", \"Floor_Plans.Floor\", \"Floor_Plans.Image\", \"Floor_Plans.Description\", \"Features.Name\", \"Features.Description\", \"Amenities.Amenitie\", \"Price\", \"Price_Structure.Name\", \"Price_Structure.Description\", \"Price_Structure.Value\", \"Bedrooms\", \"Bathrooms\", \"Unit_Size\", \"Posted_At\", \"Advantages.Name\", \"Advantages.Description\", \"Downloads.Name\", \"Downloads.Link\", \"Project_Size\", \"Price_Per_Sq_Feet\", \"Total_Floors\", \"Unit_Types.Unit_Type\", \"Unit_Types.Saleable_Area\", \"Unit_Types.RERA_Carpet_Area\", \"Unit_Types.Document\", \"Property_Id\", \"Plot_Size\", \"Facing\", \"Distance.Bus_Stand\", \"Distance.Railway_Station\", \"Distance.School\", \"Distance.Hosptial\", \"Other_Features.Spot_Name\", \"Other_Features.Timing\"]}','[]','2023-12-21 15:19:08.654000','2023-12-21 15:19:08.654000',NULL,NULL),(739,'plugin::content-manager.explorer.read','api::property.property','{\"fields\": [\"Description\", \"Publish\", \"Latitude\", \"Longitude\", \"Main_Image\", \"Images\", \"Door_No\", \"Street_Name\", \"Builder\", \"Area\", \"Type\", \"Video\", \"Status\", \"Name\", \"Floor_Plans.Floor\", \"Floor_Plans.Image\", \"Floor_Plans.Description\", \"Features.Name\", \"Features.Description\", \"Amenities.Amenitie\", \"Price\", \"Price_Structure.Name\", \"Price_Structure.Description\", \"Price_Structure.Value\", \"Bedrooms\", \"Bathrooms\", \"Unit_Size\", \"Posted_At\", \"Advantages.Name\", \"Advantages.Description\", \"Downloads.Name\", \"Downloads.Link\", \"Project_Size\", \"Price_Per_Sq_Feet\", \"Total_Floors\", \"Unit_Types.Unit_Type\", \"Unit_Types.Saleable_Area\", \"Unit_Types.RERA_Carpet_Area\", \"Unit_Types.Document\", \"Property_Id\", \"Plot_Size\", \"Facing\", \"Distance.Bus_Stand\", \"Distance.Railway_Station\", \"Distance.School\", \"Distance.Hosptial\", \"Other_Features.Spot_Name\", \"Other_Features.Timing\"]}','[]','2023-12-21 15:19:08.670000','2023-12-21 15:19:08.670000',NULL,NULL),(740,'plugin::content-manager.explorer.update','api::property.property','{\"fields\": [\"Description\", \"Publish\", \"Latitude\", \"Longitude\", \"Main_Image\", \"Images\", \"Door_No\", \"Street_Name\", \"Builder\", \"Area\", \"Type\", \"Video\", \"Status\", \"Name\", \"Floor_Plans.Floor\", \"Floor_Plans.Image\", \"Floor_Plans.Description\", \"Features.Name\", \"Features.Description\", \"Amenities.Amenitie\", \"Price\", \"Price_Structure.Name\", \"Price_Structure.Description\", \"Price_Structure.Value\", \"Bedrooms\", \"Bathrooms\", \"Unit_Size\", \"Posted_At\", \"Advantages.Name\", \"Advantages.Description\", \"Downloads.Name\", \"Downloads.Link\", \"Project_Size\", \"Price_Per_Sq_Feet\", \"Total_Floors\", \"Unit_Types.Unit_Type\", \"Unit_Types.Saleable_Area\", \"Unit_Types.RERA_Carpet_Area\", \"Unit_Types.Document\", \"Property_Id\", \"Plot_Size\", \"Facing\", \"Distance.Bus_Stand\", \"Distance.Railway_Station\", \"Distance.School\", \"Distance.Hosptial\", \"Other_Features.Spot_Name\", \"Other_Features.Timing\"]}','[]','2023-12-21 15:19:08.684000','2023-12-21 15:19:08.684000',NULL,NULL),(762,'plugin::content-manager.explorer.create','api::article.article','{\"fields\": [\"Name\", \"Menu_Link\", \"Module_Enabled.Enabled\", \"Module_Enabled.Name\", \"Module_Enabled.Collection_Name\", \"Banners.Image\", \"Banners.Line_1\", \"Banners.Line_2\", \"Banners.Line_3\", \"Banners.Line_4\", \"Banners.Description\", \"Video_Banners.Name\", \"Video_Banners.URL\", \"Video_Banners.Image\", \"Alias\"]}','[]','2023-12-22 12:52:04.831000','2023-12-22 12:52:04.831000',NULL,NULL),(763,'plugin::content-manager.explorer.read','api::article.article','{\"fields\": [\"Name\", \"Menu_Link\", \"Module_Enabled.Enabled\", \"Module_Enabled.Name\", \"Module_Enabled.Collection_Name\", \"Banners.Image\", \"Banners.Line_1\", \"Banners.Line_2\", \"Banners.Line_3\", \"Banners.Line_4\", \"Banners.Description\", \"Video_Banners.Name\", \"Video_Banners.URL\", \"Video_Banners.Image\", \"Alias\"]}','[]','2023-12-22 12:52:04.845000','2023-12-22 12:52:04.845000',NULL,NULL),(764,'plugin::content-manager.explorer.update','api::article.article','{\"fields\": [\"Name\", \"Menu_Link\", \"Module_Enabled.Enabled\", \"Module_Enabled.Name\", \"Module_Enabled.Collection_Name\", \"Banners.Image\", \"Banners.Line_1\", \"Banners.Line_2\", \"Banners.Line_3\", \"Banners.Line_4\", \"Banners.Description\", \"Video_Banners.Name\", \"Video_Banners.URL\", \"Video_Banners.Image\", \"Alias\"]}','[]','2023-12-22 12:52:04.866000','2023-12-22 12:52:04.866000',NULL,NULL),(765,'plugin::content-manager.explorer.create','api::blog.blog','{\"fields\": [\"Title\", \"Description\", \"Posted_At\", \"Image\", \"Tags.Tag\", \"Alias\"]}','[]','2023-12-22 13:01:44.177000','2023-12-22 13:01:44.177000',NULL,NULL),(766,'plugin::content-manager.explorer.read','api::blog.blog','{\"fields\": [\"Title\", \"Description\", \"Posted_At\", \"Image\", \"Tags.Tag\", \"Alias\"]}','[]','2023-12-22 13:01:44.193000','2023-12-22 13:01:44.193000',NULL,NULL),(767,'plugin::content-manager.explorer.update','api::blog.blog','{\"fields\": [\"Title\", \"Description\", \"Posted_At\", \"Image\", \"Tags.Tag\", \"Alias\"]}','[]','2023-12-22 13:01:44.206000','2023-12-22 13:01:44.206000',NULL,NULL),(768,'plugin::content-manager.explorer.create','api::blog-tag.blog-tag','{\"fields\": [\"Name\", \"Alias\"]}','[]','2023-12-22 13:02:04.346000','2023-12-22 13:02:04.346000',NULL,NULL),(769,'plugin::content-manager.explorer.read','api::blog-tag.blog-tag','{\"fields\": [\"Name\", \"Alias\"]}','[]','2023-12-22 13:02:04.363000','2023-12-22 13:02:04.363000',NULL,NULL),(770,'plugin::content-manager.explorer.update','api::blog-tag.blog-tag','{\"fields\": [\"Name\", \"Alias\"]}','[]','2023-12-22 13:02:04.377000','2023-12-22 13:02:04.377000',NULL,NULL),(774,'plugin::content-manager.explorer.create','api::client-feedback.client-feedback','{\"fields\": [\"Name\", \"Posted_At\", \"Review\", \"Star\", \"Image\", \"Alias\"]}','[]','2023-12-22 13:03:02.641000','2023-12-22 13:03:02.641000',NULL,NULL),(775,'plugin::content-manager.explorer.read','api::client-feedback.client-feedback','{\"fields\": [\"Name\", \"Posted_At\", \"Review\", \"Star\", \"Image\", \"Alias\"]}','[]','2023-12-22 13:03:02.655000','2023-12-22 13:03:02.655000',NULL,NULL),(776,'plugin::content-manager.explorer.update','api::client-feedback.client-feedback','{\"fields\": [\"Name\", \"Posted_At\", \"Review\", \"Star\", \"Image\", \"Alias\"]}','[]','2023-12-22 13:03:02.669000','2023-12-22 13:03:02.669000',NULL,NULL),(777,'plugin::content-manager.explorer.create','api::email-template.email-template','{\"fields\": [\"Subject\", \"To\", \"From\", \"Template_Name\", \"Message\", \"Alias\"]}','[]','2023-12-22 13:03:22.141000','2023-12-22 13:03:22.141000',NULL,NULL),(778,'plugin::content-manager.explorer.read','api::email-template.email-template','{\"fields\": [\"Subject\", \"To\", \"From\", \"Template_Name\", \"Message\", \"Alias\"]}','[]','2023-12-22 13:03:22.157000','2023-12-22 13:03:22.157000',NULL,NULL),(779,'plugin::content-manager.explorer.update','api::email-template.email-template','{\"fields\": [\"Subject\", \"To\", \"From\", \"Template_Name\", \"Message\", \"Alias\"]}','[]','2023-12-22 13:03:22.173000','2023-12-22 13:03:22.173000',NULL,NULL),(780,'plugin::content-manager.explorer.create','api::menu.menu','{\"fields\": [\"Menu_Type\", \"Name\", \"Menu_Link_Type\", \"Menu_Link\", \"Sort\", \"Parent_Menu\", \"Alias\"]}','[]','2023-12-22 13:04:38.242000','2023-12-22 13:04:38.242000',NULL,NULL),(781,'plugin::content-manager.explorer.read','api::menu.menu','{\"fields\": [\"Menu_Type\", \"Name\", \"Menu_Link_Type\", \"Menu_Link\", \"Sort\", \"Parent_Menu\", \"Alias\"]}','[]','2023-12-22 13:04:38.258000','2023-12-22 13:04:38.258000',NULL,NULL),(782,'plugin::content-manager.explorer.update','api::menu.menu','{\"fields\": [\"Menu_Type\", \"Name\", \"Menu_Link_Type\", \"Menu_Link\", \"Sort\", \"Parent_Menu\", \"Alias\"]}','[]','2023-12-22 13:04:38.270000','2023-12-22 13:04:38.270000',NULL,NULL),(783,'plugin::content-manager.explorer.create','api::property-amenitie.property-amenitie','{\"fields\": [\"Name\", \"Icon\", \"Image\", \"Alias\"]}','[]','2023-12-22 13:06:04.842000','2023-12-22 13:06:04.842000',NULL,NULL),(784,'plugin::content-manager.explorer.read','api::property-amenitie.property-amenitie','{\"fields\": [\"Name\", \"Icon\", \"Image\", \"Alias\"]}','[]','2023-12-22 13:06:04.866000','2023-12-22 13:06:04.866000',NULL,NULL),(785,'plugin::content-manager.explorer.update','api::property-amenitie.property-amenitie','{\"fields\": [\"Name\", \"Icon\", \"Image\", \"Alias\"]}','[]','2023-12-22 13:06:04.878000','2023-12-22 13:06:04.878000',NULL,NULL),(786,'plugin::content-manager.explorer.create','api::property-area.property-area','{\"fields\": [\"Name\", \"Location\", \"Description\", \"Image\", \"Alias\"]}','[]','2023-12-22 13:06:25.750000','2023-12-22 13:06:25.750000',NULL,NULL),(787,'plugin::content-manager.explorer.read','api::property-area.property-area','{\"fields\": [\"Name\", \"Location\", \"Description\", \"Image\", \"Alias\"]}','[]','2023-12-22 13:06:25.772000','2023-12-22 13:06:25.772000',NULL,NULL),(788,'plugin::content-manager.explorer.update','api::property-area.property-area','{\"fields\": [\"Name\", \"Location\", \"Description\", \"Image\", \"Alias\"]}','[]','2023-12-22 13:06:25.784000','2023-12-22 13:06:25.784000',NULL,NULL),(789,'plugin::content-manager.explorer.create','api::property-location.property-location','{\"fields\": [\"Name\", \"Image\", \"Description\", \"Sort\", \"State\", \"Alias\"]}','[]','2023-12-22 13:07:44.634000','2023-12-22 13:07:44.634000',NULL,NULL),(790,'plugin::content-manager.explorer.read','api::property-location.property-location','{\"fields\": [\"Name\", \"Image\", \"Description\", \"Sort\", \"State\", \"Alias\"]}','[]','2023-12-22 13:07:44.649000','2023-12-22 13:07:44.649000',NULL,NULL),(791,'plugin::content-manager.explorer.update','api::property-location.property-location','{\"fields\": [\"Name\", \"Image\", \"Description\", \"Sort\", \"State\", \"Alias\"]}','[]','2023-12-22 13:07:44.661000','2023-12-22 13:07:44.661000',NULL,NULL),(792,'plugin::content-manager.explorer.create','api::property-status.property-status','{\"fields\": [\"Name\", \"Alias\"]}','[]','2023-12-22 13:10:45.183000','2023-12-22 13:10:45.183000',NULL,NULL),(793,'plugin::content-manager.explorer.read','api::property-status.property-status','{\"fields\": [\"Name\", \"Alias\"]}','[]','2023-12-22 13:10:45.197000','2023-12-22 13:10:45.197000',NULL,NULL),(794,'plugin::content-manager.explorer.update','api::property-status.property-status','{\"fields\": [\"Name\", \"Alias\"]}','[]','2023-12-22 13:10:45.208000','2023-12-22 13:10:45.208000',NULL,NULL),(795,'plugin::content-manager.explorer.create','api::property-type.property-type','{\"fields\": [\"Name\", \"Description\", \"Image\", \"Sort\", \"Icon\", \"Alias\"]}','[]','2023-12-22 13:11:15.943000','2023-12-22 13:11:15.943000',NULL,NULL),(796,'plugin::content-manager.explorer.read','api::property-type.property-type','{\"fields\": [\"Name\", \"Description\", \"Image\", \"Sort\", \"Icon\", \"Alias\"]}','[]','2023-12-22 13:11:15.961000','2023-12-22 13:11:15.961000',NULL,NULL),(797,'plugin::content-manager.explorer.update','api::property-type.property-type','{\"fields\": [\"Name\", \"Description\", \"Image\", \"Sort\", \"Icon\", \"Alias\"]}','[]','2023-12-22 13:11:15.974000','2023-12-22 13:11:15.974000',NULL,NULL),(798,'plugin::content-manager.explorer.create','api::builder.builder','{\"fields\": [\"Name\", \"Description\", \"Image\", \"Alias\", \"Detailed_Image\"]}','[]','2023-12-22 14:13:26.430000','2023-12-22 14:13:26.430000',NULL,NULL),(799,'plugin::content-manager.explorer.read','api::builder.builder','{\"fields\": [\"Name\", \"Description\", \"Image\", \"Alias\", \"Detailed_Image\"]}','[]','2023-12-22 14:13:26.447000','2023-12-22 14:13:26.447000',NULL,NULL),(800,'plugin::content-manager.explorer.update','api::builder.builder','{\"fields\": [\"Name\", \"Description\", \"Image\", \"Alias\", \"Detailed_Image\"]}','[]','2023-12-22 14:13:26.460000','2023-12-22 14:13:26.460000',NULL,NULL);
/*!40000 ALTER TABLE `admin_permissions` ENABLE KEYS */;
UNLOCK TABLES;

--
-- Table structure for table `admin_permissions_role_links`
--

DROP TABLE IF EXISTS `admin_permissions_role_links`;
/*!40101 SET @saved_cs_client     = @@character_set_client */;
/*!50503 SET character_set_client = utf8mb4 */;
CREATE TABLE `admin_permissions_role_links` (
  `id` int unsigned NOT NULL AUTO_INCREMENT,
  `permission_id` int unsigned DEFAULT NULL,
  `role_id` int unsigned DEFAULT NULL,
  `permission_order` double unsigned DEFAULT NULL,
  PRIMARY KEY (`id`),
  UNIQUE KEY `admin_permissions_role_links_unique` (`permission_id`,`role_id`),
  KEY `admin_permissions_role_links_fk` (`permission_id`),
  KEY `admin_permissions_role_links_inv_fk` (`role_id`),
  KEY `admin_permissions_role_links_order_inv_fk` (`permission_order`),
  CONSTRAINT `admin_permissions_role_links_fk` FOREIGN KEY (`permission_id`) REFERENCES `admin_permissions` (`id`) ON DELETE CASCADE,
  CONSTRAINT `admin_permissions_role_links_inv_fk` FOREIGN KEY (`role_id`) REFERENCES `admin_roles` (`id`) ON DELETE CASCADE
) ENGINE=InnoDB AUTO_INCREMENT=801 DEFAULT CHARSET=utf8mb4 COLLATE=utf8mb4_0900_ai_ci;
/*!40101 SET character_set_client = @saved_cs_client */;

--
-- Dumping data for table `admin_permissions_role_links`
--

LOCK TABLES `admin_permissions_role_links` WRITE;
/*!40000 ALTER TABLE `admin_permissions_role_links` DISABLE KEYS */;
INSERT INTO `admin_permissions_role_links` VALUES (1,1,2,1),(2,2,2,2),(3,3,2,3),(4,4,2,4),(5,5,2,5),(6,6,2,6),(13,13,1,1),(14,14,1,2),(15,15,1,3),(16,16,1,4),(17,17,1,5),(18,18,1,6),(19,19,1,7),(20,20,1,8),(21,21,1,9),(22,22,1,10),(23,23,1,11),(24,24,1,12),(25,25,1,13),(26,26,1,14),(27,27,1,15),(28,28,1,16),(29,29,1,17),(30,30,1,18),(31,31,1,19),(32,32,1,20),(33,33,1,21),(34,34,1,22),(35,35,1,23),(36,36,1,24),(37,37,1,25),(38,38,1,26),(39,39,1,27),(40,40,1,28),(41,41,1,29),(42,42,1,30),(43,43,1,31),(44,44,1,32),(45,45,1,33),(46,46,1,34),(47,47,1,35),(48,48,1,36),(49,49,1,37),(50,50,1,38),(51,51,1,39),(52,52,1,40),(53,53,1,41),(54,54,1,42),(55,55,1,43),(56,56,1,44),(57,57,1,45),(58,58,1,46),(59,59,1,47),(60,60,1,48),(61,61,1,49),(62,62,1,50),(63,63,1,51),(64,64,1,52),(65,65,1,53),(66,66,1,54),(67,67,1,55),(68,68,1,56),(69,69,1,57),(102,102,1,61),(103,103,1,62),(107,107,1,66),(108,108,1,67),(178,178,1,83),(179,179,1,84),(192,192,1,91),(193,193,1,92),(335,335,1,120),(336,336,1,121),(352,352,1,131),(353,353,1,132),(357,357,1,133),(358,358,1,134),(359,359,1,135),(371,371,1,147),(372,372,1,148),(405,405,1,169),(406,406,1,170),(410,410,1,174),(411,411,1,175),(421,421,1,185),(422,422,1,186),(426,426,1,190),(427,427,1,191),(431,431,1,195),(432,432,1,196),(442,442,1,206),(443,443,1,207),(594,594,1,223),(595,595,1,224),(608,608,1,237),(609,609,1,238),(610,610,1,239),(611,611,1,240),(612,612,1,241),(616,616,1,242),(617,617,1,243),(618,618,1,244),(619,619,3,7),(620,620,3,8),(621,621,3,9),(622,622,3,10),(623,623,3,11),(624,624,3,12),(625,625,3,13),(626,626,3,14),(627,627,3,15),(628,628,3,16),(629,629,3,17),(630,630,3,18),(631,631,3,19),(632,632,3,20),(633,633,3,21),(634,634,3,22),(635,635,3,23),(636,636,3,24),(637,637,3,25),(638,638,3,26),(639,639,3,27),(640,640,3,28),(641,641,3,29),(642,642,3,30),(643,643,3,31),(644,644,3,32),(645,645,3,33),(646,646,3,34),(647,647,3,35),(648,648,3,36),(649,649,3,37),(650,650,3,38),(651,651,3,39),(652,652,3,40),(653,653,3,41),(654,654,3,42),(655,655,3,43),(656,656,3,44),(657,657,3,45),(658,658,3,46),(659,659,3,47),(660,660,3,48),(661,661,3,49),(662,662,3,50),(663,663,3,51),(664,664,3,52),(665,665,3,53),(666,666,3,54),(667,667,3,55),(668,668,3,56),(669,669,3,57),(670,670,3,58),(671,671,3,59),(672,672,3,60),(673,673,3,61),(674,674,3,62),(675,675,3,63),(676,676,3,64),(677,677,3,65),(678,678,3,66),(679,679,3,67),(680,680,3,68),(681,681,3,69),(682,682,3,70),(683,683,3,71),(684,684,3,72),(685,685,3,73),(701,701,3,74),(702,702,3,75),(703,703,3,76),(704,704,3,77),(705,705,3,78),(706,706,3,79),(708,708,3,80),(718,718,1,254),(719,719,1,255),(738,738,1,262),(739,739,1,263),(740,740,1,264),(762,762,1,286),(763,763,1,287),(764,764,1,288),(765,765,1,289),(766,766,1,290),(767,767,1,291),(768,768,1,292),(769,769,1,293),(770,770,1,294),(774,774,1,298),(775,775,1,299),(776,776,1,300),(777,777,1,301),(778,778,1,302),(779,779,1,303),(780,780,1,304),(781,781,1,305),(782,782,1,306),(783,783,1,307),(784,784,1,308),(785,785,1,309),(786,786,1,310),(787,787,1,311),(788,788,1,312),(789,789,1,313),(790,790,1,314),(791,791,1,315),(792,792,1,316),(793,793,1,317),(794,794,1,318),(795,795,1,319),(796,796,1,320),(797,797,1,321),(798,798,1,322),(799,799,1,323),(800,800,1,324);
/*!40000 ALTER TABLE `admin_permissions_role_links` ENABLE KEYS */;
UNLOCK TABLES;

--
-- Table structure for table `admin_roles`
--

DROP TABLE IF EXISTS `admin_roles`;
/*!40101 SET @saved_cs_client     = @@character_set_client */;
/*!50503 SET character_set_client = utf8mb4 */;
CREATE TABLE `admin_roles` (
  `id` int unsigned NOT NULL AUTO_INCREMENT,
  `name` varchar(255) DEFAULT NULL,
  `code` varchar(255) DEFAULT NULL,
  `description` varchar(255) DEFAULT NULL,
  `created_at` datetime(6) DEFAULT NULL,
  `updated_at` datetime(6) DEFAULT NULL,
  `created_by_id` int unsigned DEFAULT NULL,
  `updated_by_id` int unsigned DEFAULT NULL,
  PRIMARY KEY (`id`),
  KEY `admin_roles_created_by_id_fk` (`created_by_id`),
  KEY `admin_roles_updated_by_id_fk` (`updated_by_id`),
  CONSTRAINT `admin_roles_created_by_id_fk` FOREIGN KEY (`created_by_id`) REFERENCES `admin_users` (`id`) ON DELETE SET NULL,
  CONSTRAINT `admin_roles_updated_by_id_fk` FOREIGN KEY (`updated_by_id`) REFERENCES `admin_users` (`id`) ON DELETE SET NULL
) ENGINE=InnoDB AUTO_INCREMENT=4 DEFAULT CHARSET=utf8mb4 COLLATE=utf8mb4_0900_ai_ci;
/*!40101 SET character_set_client = @saved_cs_client */;

--
-- Dumping data for table `admin_roles`
--

LOCK TABLES `admin_roles` WRITE;
/*!40000 ALTER TABLE `admin_roles` DISABLE KEYS */;
INSERT INTO `admin_roles` VALUES (1,'Super Admin','strapi-super-admin','Super Admins can access and manage all features and settings.','2023-09-19 11:45:52.655000','2023-09-19 11:45:52.655000',NULL,NULL),(2,'Editor','strapi-editor','Editors can manage and publish contents including those of other users.','2023-09-19 11:45:52.663000','2023-09-19 11:45:52.663000',NULL,NULL),(3,'Author','strapi-author','Authors can manage the content they have created.','2023-09-19 11:45:52.668000','2023-12-08 08:55:37.994000',NULL,NULL);
/*!40000 ALTER TABLE `admin_roles` ENABLE KEYS */;
UNLOCK TABLES;

--
-- Table structure for table `admin_users`
--

DROP TABLE IF EXISTS `admin_users`;
/*!40101 SET @saved_cs_client     = @@character_set_client */;
/*!50503 SET character_set_client = utf8mb4 */;
CREATE TABLE `admin_users` (
  `id` int unsigned NOT NULL AUTO_INCREMENT,
  `firstname` varchar(255) DEFAULT NULL,
  `lastname` varchar(255) DEFAULT NULL,
  `username` varchar(255) DEFAULT NULL,
  `email` varchar(255) DEFAULT NULL,
  `password` varchar(255) DEFAULT NULL,
  `reset_password_token` varchar(255) DEFAULT NULL,
  `registration_token` varchar(255) DEFAULT NULL,
  `is_active` tinyint(1) DEFAULT NULL,
  `blocked` tinyint(1) DEFAULT NULL,
  `prefered_language` varchar(255) DEFAULT NULL,
  `created_at` datetime(6) DEFAULT NULL,
  `updated_at` datetime(6) DEFAULT NULL,
  `created_by_id` int unsigned DEFAULT NULL,
  `updated_by_id` int unsigned DEFAULT NULL,
  PRIMARY KEY (`id`),
  KEY `admin_users_created_by_id_fk` (`created_by_id`),
  KEY `admin_users_updated_by_id_fk` (`updated_by_id`),
  CONSTRAINT `admin_users_created_by_id_fk` FOREIGN KEY (`created_by_id`) REFERENCES `admin_users` (`id`) ON DELETE SET NULL,
  CONSTRAINT `admin_users_updated_by_id_fk` FOREIGN KEY (`updated_by_id`) REFERENCES `admin_users` (`id`) ON DELETE SET NULL
) ENGINE=InnoDB AUTO_INCREMENT=3 DEFAULT CHARSET=utf8mb4 COLLATE=utf8mb4_0900_ai_ci;
/*!40101 SET character_set_client = @saved_cs_client */;

--
-- Dumping data for table `admin_users`
--

LOCK TABLES `admin_users` WRITE;
/*!40000 ALTER TABLE `admin_users` DISABLE KEYS */;
INSERT INTO `admin_users` VALUES (1,'fullbasket','property',NULL,'nithy.snt@gmail.com','$2a$10$CRYVLsZVi46.hOyDmPYka.Ks8xfUWdU3uWhtv.SoZhMKdDfLFD.LS',NULL,NULL,1,0,NULL,'2023-09-21 15:19:58.931000','2023-09-21 15:19:58.931000',NULL,NULL),(2,'user1','1',NULL,'devs@fullbasketproperty.com','$2a$10$7HTIi65Mv6qwqAPAN7tNM.m0AkJqXzIlD/qH8I47gIMUNIQQg/43a',NULL,NULL,1,0,NULL,'2023-12-08 07:07:47.837000','2023-12-08 07:14:09.105000',NULL,NULL);
/*!40000 ALTER TABLE `admin_users` ENABLE KEYS */;
UNLOCK TABLES;

--
-- Table structure for table `admin_users_roles_links`
--

DROP TABLE IF EXISTS `admin_users_roles_links`;
/*!40101 SET @saved_cs_client     = @@character_set_client */;
/*!50503 SET character_set_client = utf8mb4 */;
CREATE TABLE `admin_users_roles_links` (
  `id` int unsigned NOT NULL AUTO_INCREMENT,
  `user_id` int unsigned DEFAULT NULL,
  `role_id` int unsigned DEFAULT NULL,
  `role_order` double unsigned DEFAULT NULL,
  `user_order` double unsigned DEFAULT NULL,
  PRIMARY KEY (`id`),
  UNIQUE KEY `admin_users_roles_links_unique` (`user_id`,`role_id`),
  KEY `admin_users_roles_links_fk` (`user_id`),
  KEY `admin_users_roles_links_inv_fk` (`role_id`),
  KEY `admin_users_roles_links_order_fk` (`role_order`),
  KEY `admin_users_roles_links_order_inv_fk` (`user_order`),
  CONSTRAINT `admin_users_roles_links_fk` FOREIGN KEY (`user_id`) REFERENCES `admin_users` (`id`) ON DELETE CASCADE,
  CONSTRAINT `admin_users_roles_links_inv_fk` FOREIGN KEY (`role_id`) REFERENCES `admin_roles` (`id`) ON DELETE CASCADE
) ENGINE=InnoDB AUTO_INCREMENT=5 DEFAULT CHARSET=utf8mb4 COLLATE=utf8mb4_0900_ai_ci;
/*!40101 SET character_set_client = @saved_cs_client */;

--
-- Dumping data for table `admin_users_roles_links`
--

LOCK TABLES `admin_users_roles_links` WRITE;
/*!40000 ALTER TABLE `admin_users_roles_links` DISABLE KEYS */;
INSERT INTO `admin_users_roles_links` VALUES (1,1,1,1,1),(3,2,3,1,1);
/*!40000 ALTER TABLE `admin_users_roles_links` ENABLE KEYS */;
UNLOCK TABLES;

--
-- Table structure for table `articles`
--

DROP TABLE IF EXISTS `articles`;
/*!40101 SET @saved_cs_client     = @@character_set_client */;
/*!50503 SET character_set_client = utf8mb4 */;
CREATE TABLE `articles` (
  `id` int unsigned NOT NULL AUTO_INCREMENT,
  `name` varchar(255) DEFAULT NULL,
  `alias` varchar(255) DEFAULT NULL,
  `created_at` datetime(6) DEFAULT NULL,
  `updated_at` datetime(6) DEFAULT NULL,
  `published_at` datetime(6) DEFAULT NULL,
  `created_by_id` int unsigned DEFAULT NULL,
  `updated_by_id` int unsigned DEFAULT NULL,
  PRIMARY KEY (`id`),
  UNIQUE KEY `articles_alias_unique` (`alias`),
  KEY `articles_created_by_id_fk` (`created_by_id`),
  KEY `articles_updated_by_id_fk` (`updated_by_id`),
  CONSTRAINT `articles_created_by_id_fk` FOREIGN KEY (`created_by_id`) REFERENCES `admin_users` (`id`) ON DELETE SET NULL,
  CONSTRAINT `articles_updated_by_id_fk` FOREIGN KEY (`updated_by_id`) REFERENCES `admin_users` (`id`) ON DELETE SET NULL
) ENGINE=InnoDB AUTO_INCREMENT=3 DEFAULT CHARSET=utf8mb4 COLLATE=utf8mb4_0900_ai_ci;
/*!40101 SET character_set_client = @saved_cs_client */;

--
-- Dumping data for table `articles`
--

LOCK TABLES `articles` WRITE;
/*!40000 ALTER TABLE `articles` DISABLE KEYS */;
INSERT INTO `articles` VALUES (2,'Home','home','2023-10-18 17:44:17.978000','2023-12-22 13:59:02.729000','2023-10-18 17:48:57.817000',1,1);
/*!40000 ALTER TABLE `articles` ENABLE KEYS */;
UNLOCK TABLES;

--
-- Table structure for table `articles_components`
--

DROP TABLE IF EXISTS `articles_components`;
/*!40101 SET @saved_cs_client     = @@character_set_client */;
/*!50503 SET character_set_client = utf8mb4 */;
CREATE TABLE `articles_components` (
  `id` int unsigned NOT NULL AUTO_INCREMENT,
  `entity_id` int unsigned DEFAULT NULL,
  `component_id` int unsigned DEFAULT NULL,
  `component_type` varchar(255) DEFAULT NULL,
  `field` varchar(255) DEFAULT NULL,
  `order` double unsigned DEFAULT NULL,
  PRIMARY KEY (`id`),
  UNIQUE KEY `articles_unique` (`entity_id`,`component_id`,`field`,`component_type`),
  KEY `articles_field_index` (`field`),
  KEY `articles_component_type_index` (`component_type`),
  KEY `articles_entity_fk` (`entity_id`),
  CONSTRAINT `articles_entity_fk` FOREIGN KEY (`entity_id`) REFERENCES `articles` (`id`) ON DELETE CASCADE
) ENGINE=InnoDB AUTO_INCREMENT=542 DEFAULT CHARSET=utf8mb4 COLLATE=utf8mb4_0900_ai_ci;
/*!40101 SET character_set_client = @saved_cs_client */;

--
-- Dumping data for table `articles_components`
--

LOCK TABLES `articles_components` WRITE;
/*!40000 ALTER TABLE `articles_components` DISABLE KEYS */;
INSERT INTO `articles_components` VALUES (1,2,1,'article.module-enabled','Module_Enabled',1),(2,2,2,'article.module-enabled','Module_Enabled',5),(8,2,3,'article.module-enabled','Module_Enabled',6),(11,2,4,'article.module-enabled','Module_Enabled',3),(27,2,5,'article.module-enabled','Module_Enabled',7),(38,2,6,'article.module-enabled','Module_Enabled',8),(39,2,7,'article.module-enabled','Module_Enabled',9),(40,2,8,'article.module-enabled','Module_Enabled',10),(41,2,9,'article.module-enabled','Module_Enabled',11),(128,2,1,'article.banner','Banner',13),(138,2,2,'article.banner','Banner',14),(149,2,3,'article.banner','Banners',2),(194,2,1,'article.video-banner','Video_Banners',1),(458,2,10,'article.module-enabled','Module_Enabled',12);
/*!40000 ALTER TABLE `articles_components` ENABLE KEYS */;
UNLOCK TABLES;

--
-- Table structure for table `articles_menu_link_links`
--

DROP TABLE IF EXISTS `articles_menu_link_links`;
/*!40101 SET @saved_cs_client     = @@character_set_client */;
/*!50503 SET character_set_client = utf8mb4 */;
CREATE TABLE `articles_menu_link_links` (
  `id` int unsigned NOT NULL AUTO_INCREMENT,
  `article_id` int unsigned DEFAULT NULL,
  `menu_id` int unsigned DEFAULT NULL,
  PRIMARY KEY (`id`),
  UNIQUE KEY `articles_menu_link_links_unique` (`article_id`,`menu_id`),
  KEY `articles_menu_link_links_fk` (`article_id`),
  KEY `articles_menu_link_links_inv_fk` (`menu_id`),
  CONSTRAINT `articles_menu_link_links_fk` FOREIGN KEY (`article_id`) REFERENCES `articles` (`id`) ON DELETE CASCADE,
  CONSTRAINT `articles_menu_link_links_inv_fk` FOREIGN KEY (`menu_id`) REFERENCES `menus` (`id`) ON DELETE CASCADE
) ENGINE=InnoDB AUTO_INCREMENT=7 DEFAULT CHARSET=utf8mb4 COLLATE=utf8mb4_0900_ai_ci;
/*!40101 SET character_set_client = @saved_cs_client */;

--
-- Dumping data for table `articles_menu_link_links`
--

LOCK TABLES `articles_menu_link_links` WRITE;
/*!40000 ALTER TABLE `articles_menu_link_links` DISABLE KEYS */;
INSERT INTO `articles_menu_link_links` VALUES (6,2,6);
/*!40000 ALTER TABLE `articles_menu_link_links` ENABLE KEYS */;
UNLOCK TABLES;

--
-- Table structure for table `blog_tags`
--

DROP TABLE IF EXISTS `blog_tags`;
/*!40101 SET @saved_cs_client     = @@character_set_client */;
/*!50503 SET character_set_client = utf8mb4 */;
CREATE TABLE `blog_tags` (
  `id` int unsigned NOT NULL AUTO_INCREMENT,
  `name` varchar(255) DEFAULT NULL,
  `created_at` datetime(6) DEFAULT NULL,
  `updated_at` datetime(6) DEFAULT NULL,
  `published_at` datetime(6) DEFAULT NULL,
  `created_by_id` int unsigned DEFAULT NULL,
  `updated_by_id` int unsigned DEFAULT NULL,
  `alias` varchar(255) DEFAULT NULL,
  PRIMARY KEY (`id`),
  UNIQUE KEY `blog_tags_alias_unique` (`alias`),
  KEY `blog_tags_created_by_id_fk` (`created_by_id`),
  KEY `blog_tags_updated_by_id_fk` (`updated_by_id`),
  CONSTRAINT `blog_tags_created_by_id_fk` FOREIGN KEY (`created_by_id`) REFERENCES `admin_users` (`id`) ON DELETE SET NULL,
  CONSTRAINT `blog_tags_updated_by_id_fk` FOREIGN KEY (`updated_by_id`) REFERENCES `admin_users` (`id`) ON DELETE SET NULL
) ENGINE=InnoDB AUTO_INCREMENT=6 DEFAULT CHARSET=utf8mb4 COLLATE=utf8mb4_0900_ai_ci;
/*!40101 SET character_set_client = @saved_cs_client */;

--
-- Dumping data for table `blog_tags`
--

LOCK TABLES `blog_tags` WRITE;
/*!40000 ALTER TABLE `blog_tags` DISABLE KEYS */;
INSERT INTO `blog_tags` VALUES (1,'News','2023-11-16 17:49:52.002000','2023-12-22 14:03:35.067000','2023-11-16 17:49:54.115000',1,1,'news'),(2,'Insight','2023-11-16 17:50:22.891000','2023-12-22 14:03:23.559000','2023-11-16 17:50:24.929000',1,1,'insight'),(3,'Festival','2023-11-16 17:50:42.040000','2023-12-22 14:03:12.787000','2023-11-16 17:50:44.037000',1,1,'festival'),(4,'Birthday','2023-11-16 17:50:56.421000','2023-12-22 14:03:00.643000','2023-11-16 17:50:58.531000',1,1,'birthday'),(5,'Anniversary','2023-11-16 17:55:50.155000','2023-12-22 14:02:47.333000','2023-12-22 09:30:56.111000',1,1,'anniversary');
/*!40000 ALTER TABLE `blog_tags` ENABLE KEYS */;
UNLOCK TABLES;

--
-- Table structure for table `blogs`
--

DROP TABLE IF EXISTS `blogs`;
/*!40101 SET @saved_cs_client     = @@character_set_client */;
/*!50503 SET character_set_client = utf8mb4 */;
CREATE TABLE `blogs` (
  `id` int unsigned NOT NULL AUTO_INCREMENT,
  `title` varchar(255) DEFAULT NULL,
  `description` longtext,
  `posted_at` date DEFAULT NULL,
  `created_at` datetime(6) DEFAULT NULL,
  `updated_at` datetime(6) DEFAULT NULL,
  `published_at` datetime(6) DEFAULT NULL,
  `created_by_id` int unsigned DEFAULT NULL,
  `updated_by_id` int unsigned DEFAULT NULL,
  `alias` varchar(255) DEFAULT NULL,
  PRIMARY KEY (`id`),
  UNIQUE KEY `blogs_alias_unique` (`alias`),
  KEY `blogs_created_by_id_fk` (`created_by_id`),
  KEY `blogs_updated_by_id_fk` (`updated_by_id`),
  CONSTRAINT `blogs_created_by_id_fk` FOREIGN KEY (`created_by_id`) REFERENCES `admin_users` (`id`) ON DELETE SET NULL,
  CONSTRAINT `blogs_updated_by_id_fk` FOREIGN KEY (`updated_by_id`) REFERENCES `admin_users` (`id`) ON DELETE SET NULL
) ENGINE=InnoDB AUTO_INCREMENT=5 DEFAULT CHARSET=utf8mb4 COLLATE=utf8mb4_0900_ai_ci;
/*!40101 SET character_set_client = @saved_cs_client */;

--
-- Dumping data for table `blogs`
--

LOCK TABLES `blogs` WRITE;
/*!40000 ALTER TABLE `blogs` DISABLE KEYS */;
INSERT INTO `blogs` VALUES (1,'Children\'s Day','<p>Every child is a gift of nature. Give them their today, give them their time to play, and make way for their future. FBP wishes you all a very Happy Children\'s Day. Keep the child within you alive always.&nbsp;</p>','2023-11-14','2023-11-16 17:42:13.923000','2023-12-22 14:01:41.495000','2023-11-16 17:42:18.273000',1,1,'children-s-day'),(2,'Happy Diwali','<p>May the light of this auspicious celebration sweep the worlds gloom and pollutants away. May millions of lamps illuminate our life with endless joy, prosperity, health and wealth forever. FBP wishes you all and your loved ones a very happy and blessed Diwali!...</p>','2023-11-12','2023-11-16 17:42:32.445000','2023-12-22 14:02:17.382000','2023-11-16 17:44:01.023000',1,1,NULL),(3,'Happy 8th Year Anniversary','<p>Please join us in wishing our super-talented Vice President Sir, Mr. Dedeep T S, a Happy 8th Year Work Anniversary with FBP.&nbsp;<br>Thank you, Dedeep Sir for all of your hard work and we are so grateful to have you on the team.</p>','2023-11-06','2023-11-16 17:55:39.005000','2023-12-22 14:02:04.287000','2023-11-16 17:56:15.328000',1,1,'happy-8th-year-anniversary'),(4,'Surendra - Happy Birthday','<p>FBP wishes you a very Happy Birthday to our very talented Mr. Surendra Kumar. May your birthday brings you many happy reasons to celebrate.<br>Stay Blessed Always!</p>','2023-11-12','2023-11-16 18:01:18.653000','2023-12-22 14:02:33.345000','2023-11-16 18:01:21.537000',1,1,'surendra-happy-birthday');
/*!40000 ALTER TABLE `blogs` ENABLE KEYS */;
UNLOCK TABLES;

--
-- Table structure for table `blogs_components`
--

DROP TABLE IF EXISTS `blogs_components`;
/*!40101 SET @saved_cs_client     = @@character_set_client */;
/*!50503 SET character_set_client = utf8mb4 */;
CREATE TABLE `blogs_components` (
  `id` int unsigned NOT NULL AUTO_INCREMENT,
  `entity_id` int unsigned DEFAULT NULL,
  `component_id` int unsigned DEFAULT NULL,
  `component_type` varchar(255) DEFAULT NULL,
  `field` varchar(255) DEFAULT NULL,
  `order` double unsigned DEFAULT NULL,
  PRIMARY KEY (`id`),
  UNIQUE KEY `blogs_unique` (`entity_id`,`component_id`,`field`,`component_type`),
  KEY `blogs_field_index` (`field`),
  KEY `blogs_component_type_index` (`component_type`),
  KEY `blogs_entity_fk` (`entity_id`),
  CONSTRAINT `blogs_entity_fk` FOREIGN KEY (`entity_id`) REFERENCES `blogs` (`id`) ON DELETE CASCADE
) ENGINE=InnoDB AUTO_INCREMENT=40 DEFAULT CHARSET=utf8mb4 COLLATE=utf8mb4_0900_ai_ci;
/*!40101 SET character_set_client = @saved_cs_client */;

--
-- Dumping data for table `blogs_components`
--

LOCK TABLES `blogs_components` WRITE;
/*!40000 ALTER TABLE `blogs_components` DISABLE KEYS */;
INSERT INTO `blogs_components` VALUES (1,2,1,'blog.blog-tag','Tags',1),(2,2,2,'blog.blog-tag','Tags',2),(3,1,3,'blog.blog-tag','Tags',1),(4,1,4,'blog.blog-tag','Tags',2),(12,3,9,'blog.blog-tag','Tags',1),(13,3,10,'blog.blog-tag','Tags',2),(14,4,11,'blog.blog-tag','Tags',1),(15,4,12,'blog.blog-tag','Tags',2);
/*!40000 ALTER TABLE `blogs_components` ENABLE KEYS */;
UNLOCK TABLES;

--
-- Table structure for table `builders`
--

DROP TABLE IF EXISTS `builders`;
/*!40101 SET @saved_cs_client     = @@character_set_client */;
/*!50503 SET character_set_client = utf8mb4 */;
CREATE TABLE `builders` (
  `id` int unsigned NOT NULL AUTO_INCREMENT,
  `name` varchar(255) DEFAULT NULL,
  `description` longtext,
  `created_at` datetime(6) DEFAULT NULL,
  `updated_at` datetime(6) DEFAULT NULL,
  `published_at` datetime(6) DEFAULT NULL,
  `created_by_id` int unsigned DEFAULT NULL,
  `updated_by_id` int unsigned DEFAULT NULL,
  `alias` varchar(255) DEFAULT NULL,
  PRIMARY KEY (`id`),
  UNIQUE KEY `builders_alias_unique` (`alias`),
  KEY `builders_created_by_id_fk` (`created_by_id`),
  KEY `builders_updated_by_id_fk` (`updated_by_id`),
  CONSTRAINT `builders_created_by_id_fk` FOREIGN KEY (`created_by_id`) REFERENCES `admin_users` (`id`) ON DELETE SET NULL,
  CONSTRAINT `builders_updated_by_id_fk` FOREIGN KEY (`updated_by_id`) REFERENCES `admin_users` (`id`) ON DELETE SET NULL
) ENGINE=InnoDB AUTO_INCREMENT=16 DEFAULT CHARSET=utf8mb4 COLLATE=utf8mb4_0900_ai_ci;
/*!40101 SET character_set_client = @saved_cs_client */;

--
-- Dumping data for table `builders`
--

LOCK TABLES `builders` WRITE;
/*!40000 ALTER TABLE `builders` DISABLE KEYS */;
INSERT INTO `builders` VALUES (9,'Akshaya','<p><strong>Akshaya</strong> Homes was founded in the year 1995 and has earned the prestigious ISO 9001:2008 certification. This real estate development company is based in Chennai and is headed by the Chairman and Chief Executive Officer, T. Chitty Babu. The company is engaged in several residential, hospitality and commercial projects alike. The company has always sought to set its own quality benchmarks in a competitive industry with its wide range of project offerings. &nbsp;</p>','2023-11-21 07:53:26.514000','2023-12-22 14:03:47.235000','2023-11-21 07:53:30.843000',1,1,'akshaya'),(10,'Risland The Ace','<p>Risland Holdings is a Hong Kong-based multinational real estate conglomerate. It offers a wide range of services such as residential development, commercial real estate operation, property management, and infrastructure construction &amp; operation. Becoming an innovative driver of urban development and residential environment improvement, Risland has developed projects in many countries including the United States, UK, Australia, New &nbsp;Zealand, Thailand, India, and Indonesia, etc &nbsp; As a promising international real estate company, Risland Holdings is committed to boosting social development while providing a better and comfortable residential environment. It ensures this through its diversified offerings that are environment-friendly, innovative and smart. They help in the creation of a user-friendly comprehensive community facility and service.&nbsp;</p>','2023-12-02 08:58:35.332000','2023-12-22 14:05:28.432000','2023-12-02 08:58:45.511000',1,1,'risland-the-ace'),(11,'Steps Stone','<p>Step Stones Builder:</p><p>StepsStone Promoters is one of the leading flat builders in &nbsp;Chennai. Stepsstone builders offer 1BHK, 2BHK and 3BHK apartments and flats in Chennai. Stepsstone Promoters is into developing Independent Houses, Bungalows, Flats, Apartments, Villas, Plot Layouts, Engineered Layouts with uncompromising Quality.&nbsp;</p>','2023-12-02 11:35:01.258000','2023-12-22 14:14:12.636000','2023-12-02 11:35:03.771000',1,1,'steps-stone'),(12,'KG Foundation','<p>KG Builders has earned the reputation of being one of Chennai\'s most trusted realty companies. We established our roots in the city in 1980 and have absorbed its culture to create strong values and virtues. KG has built an enduring relationship with the people of Chennai, through more than 160 projects that are delighting more than 6000 homeowners and corporate clients. We at KG enrich homes with passion and expertise.&nbsp; &nbsp;<br>With over 8 million sq. ft. of development in the pipeline and another 10 million sq. ft. planned to be developed over the next 3-5 years across the residential, commercial and hospitality space in Chennai, we are here for good and feel great to be here. KG will soon expand its presence with a spectrum of realty projects across Hyderabad and Bengaluru.<br>We at KG have always believed that the key to growth lies in harmonious relationships. Our special bond with Chennai has carried us through a successful journey of 37 years. And many more to come.</p>','2023-12-02 18:18:15.470000','2023-12-22 14:05:08.743000','2023-12-02 18:26:55.068000',1,1,'kg-foundation'),(13,'Hiranandani','<p>House of Hiranandani is a pioneer in developing integrated communities that have become landmarks in India. We have transformed the real estate skyline of Mumbai, Bengaluru, Chennai, and Hyderabad with our signature-styled neighborhoods that offer a holistic living experience to residents. Pillared by over four decades of experience and a unique approach to designing and planning, we invest heavily in research and development to ensure that our developments surpass industry benchmarks and redefine engineering and &nbsp;design.&nbsp;</p><p>Today, the brand is synonymous with excellence and strives to create value for all stakeholders at every step of development.</p><p>Through the environmental-friendly concepts of New Urbanism, our focus has been on transforming suburban sprawls of land into well-planned urban communities. Symbolic to our construction, our developments encompass the ether of the residents lives entirely, owing to retail outlets, hospitality centers, and healthcare and educational institutions built by us within the realms of the House of Hiranandani community. Our aim has always been to integrate every family into a bigger, more inclusive community.</p>','2023-12-02 18:27:45.285000','2023-12-22 14:04:59.838000','2023-12-02 18:27:47.679000',1,1,'hiranandani'),(14,'Lifestyle','<p>Stepped up in 2010, Lifestyle housing scouted some fine neighborhoods in Chennai and has developed homes and communities here ever since. With over 7 projects completed.&nbsp;</p>','2023-12-08 09:07:56.507000','2023-12-22 14:05:16.617000','2023-12-08 09:09:16.634000',2,1,'lifestyle'),(15,'RWD Serenity','','2023-12-18 14:10:06.625000','2023-12-22 14:14:00.834000','2023-12-21 16:43:47.791000',1,1,'rwd-serenity');
/*!40000 ALTER TABLE `builders` ENABLE KEYS */;
UNLOCK TABLES;

--
-- Table structure for table `client_feedbacks`
--

DROP TABLE IF EXISTS `client_feedbacks`;
/*!40101 SET @saved_cs_client     = @@character_set_client */;
/*!50503 SET character_set_client = utf8mb4 */;
CREATE TABLE `client_feedbacks` (
  `id` int unsigned NOT NULL AUTO_INCREMENT,
  `name` varchar(255) DEFAULT NULL,
  `posted_at` datetime(6) DEFAULT NULL,
  `review` longtext,
  `star` int DEFAULT NULL,
  `created_at` datetime(6) DEFAULT NULL,
  `updated_at` datetime(6) DEFAULT NULL,
  `published_at` datetime(6) DEFAULT NULL,
  `created_by_id` int unsigned DEFAULT NULL,
  `updated_by_id` int unsigned DEFAULT NULL,
  `alias` varchar(255) DEFAULT NULL,
  PRIMARY KEY (`id`),
  UNIQUE KEY `client_feedbacks_alias_unique` (`alias`),
  KEY `client_feedbacks_created_by_id_fk` (`created_by_id`),
  KEY `client_feedbacks_updated_by_id_fk` (`updated_by_id`),
  CONSTRAINT `client_feedbacks_created_by_id_fk` FOREIGN KEY (`created_by_id`) REFERENCES `admin_users` (`id`) ON DELETE SET NULL,
  CONSTRAINT `client_feedbacks_updated_by_id_fk` FOREIGN KEY (`updated_by_id`) REFERENCES `admin_users` (`id`) ON DELETE SET NULL
) ENGINE=InnoDB AUTO_INCREMENT=5 DEFAULT CHARSET=utf8mb4 COLLATE=utf8mb4_0900_ai_ci;
/*!40101 SET character_set_client = @saved_cs_client */;

--
-- Dumping data for table `client_feedbacks`
--

LOCK TABLES `client_feedbacks` WRITE;
/*!40000 ALTER TABLE `client_feedbacks` DISABLE KEYS */;
INSERT INTO `client_feedbacks` VALUES (1,'Jyotsna Toshniwal','2023-09-30 18:45:00.000000','Aman Agarwal from Full Basket was very helpful in finding me a perfect house. He was very patient with constant change in preferences and  requirements. He is very prompt in response and got us a very good deal.\nThank you Aman!',4,'2023-11-16 14:28:55.736000','2023-12-22 14:15:58.018000','2023-11-16 14:28:59.803000',1,1,'jyotsna-toshniwal'),(2,'RUPESH KUMAR','2023-06-30 18:30:00.000000','I have booked my new home at Assetz 63 east with the help of Mr Aman Agrawal. He really helped me like a true guide in selecting my new home. I strongly recommend Fullbasket and specially Mr Aman to anyone who is looking to buy his dream home in Bangalore. ',5,'2023-11-16 14:36:10.491000','2023-12-22 14:17:44.134000','2023-11-16 14:39:05.266000',1,1,'rupesh-kumar'),(3,'ANSHU BANSAL','2023-06-30 18:30:00.000000','Ive taken services from Full bAsket for my flat purchase in sarjapur. Mr. Aman was very responsive & professional while dealing with me and he was able to get me the best rate in the market and a steal deal. I recommend taking services from Full Basket. Thank you Aman, you are an asset to your team.',5,'2023-11-16 14:38:52.897000','2023-12-22 14:17:57.859000','2023-11-16 14:38:55.478000',1,1,'anshu-bansal'),(4,'Renju George','2023-06-30 18:30:00.000000','We recently booked an apartment through full basket.Aman was very helpful and professional.\n\nThank you for helping us make the right choice',5,'2023-11-16 14:40:11.444000','2023-12-22 14:18:07.068000','2023-11-16 14:40:14.860000',1,1,'renju-george');
/*!40000 ALTER TABLE `client_feedbacks` ENABLE KEYS */;
UNLOCK TABLES;

--
-- Table structure for table `components_article_banner_images`
--

DROP TABLE IF EXISTS `components_article_banner_images`;
/*!40101 SET @saved_cs_client     = @@character_set_client */;
/*!50503 SET character_set_client = utf8mb4 */;
CREATE TABLE `components_article_banner_images` (
  `id` int unsigned NOT NULL AUTO_INCREMENT,
  `name` varchar(255) DEFAULT NULL,
  PRIMARY KEY (`id`)
) ENGINE=InnoDB AUTO_INCREMENT=8 DEFAULT CHARSET=utf8mb4 COLLATE=utf8mb4_0900_ai_ci;
/*!40101 SET character_set_client = @saved_cs_client */;

--
-- Dumping data for table `components_article_banner_images`
--

LOCK TABLES `components_article_banner_images` WRITE;
/*!40000 ALTER TABLE `components_article_banner_images` DISABLE KEYS */;
INSERT INTO `components_article_banner_images` VALUES (1,'A Test 1'),(2,'Test 1'),(3,'Test 2'),(4,'Test 3'),(5,'A Test 2'),(6,'A Test 3');
/*!40000 ALTER TABLE `components_article_banner_images` ENABLE KEYS */;
UNLOCK TABLES;

--
-- Table structure for table `components_article_banners`
--

DROP TABLE IF EXISTS `components_article_banners`;
/*!40101 SET @saved_cs_client     = @@character_set_client */;
/*!50503 SET character_set_client = utf8mb4 */;
CREATE TABLE `components_article_banners` (
  `id` int unsigned NOT NULL AUTO_INCREMENT,
  `line_1` longtext,
  `line_2` longtext,
  `line_3` longtext,
  `line_4` longtext,
  `description` longtext,
  PRIMARY KEY (`id`)
) ENGINE=InnoDB AUTO_INCREMENT=13 DEFAULT CHARSET=utf8mb4 COLLATE=utf8mb4_0900_ai_ci;
/*!40101 SET character_set_client = @saved_cs_client */;

--
-- Dumping data for table `components_article_banners`
--

LOCK TABLES `components_article_banners` WRITE;
/*!40000 ALTER TABLE `components_article_banners` DISABLE KEYS */;
INSERT INTO `components_article_banners` VALUES (1,'Real Estate Agency','Find Your Dream House By Us','Lorem ipsum dolor sit amet, consectetur adipisicing elit, sed do eiusmod tempor incididunt ut labore.','<a class=\"theme-btn-1 btn btn-effect-1\" href=\"#/shop\" tabindex=\"0\">Make An Enquiry</a>',NULL),(2,'Real Estate Agency','Find Your Dream House By Us','Lorem ipsum dolor sit amet, consectetur adipisicing elit, sed do eiusmod tempor incididunt ut labore.','<a class=\"theme-btn-1 btn btn-effect-1\" href=\"#/shop\" tabindex=\"0\">Make An Enquiry</a>',NULL),(3,'Find Your <span>Best Property</span>','It is a long established fact that a reader will be distracted by the readable. ',NULL,NULL,NULL);
/*!40000 ALTER TABLE `components_article_banners` ENABLE KEYS */;
UNLOCK TABLES;

--
-- Table structure for table `components_article_latest_properties`
--

DROP TABLE IF EXISTS `components_article_latest_properties`;
/*!40101 SET @saved_cs_client     = @@character_set_client */;
/*!50503 SET character_set_client = utf8mb4 */;
CREATE TABLE `components_article_latest_properties` (
  `id` int unsigned NOT NULL AUTO_INCREMENT,
  `enabled` tinyint(1) DEFAULT NULL,
  `sort_field` varchar(255) DEFAULT NULL,
  `name` varchar(255) DEFAULT NULL,
  PRIMARY KEY (`id`)
) ENGINE=InnoDB AUTO_INCREMENT=2 DEFAULT CHARSET=utf8mb4 COLLATE=utf8mb4_0900_ai_ci;
/*!40101 SET character_set_client = @saved_cs_client */;

--
-- Dumping data for table `components_article_latest_properties`
--

LOCK TABLES `components_article_latest_properties` WRITE;
/*!40000 ALTER TABLE `components_article_latest_properties` DISABLE KEYS */;
/*!40000 ALTER TABLE `components_article_latest_properties` ENABLE KEYS */;
UNLOCK TABLES;

--
-- Table structure for table `components_article_module_enableds`
--

DROP TABLE IF EXISTS `components_article_module_enableds`;
/*!40101 SET @saved_cs_client     = @@character_set_client */;
/*!50503 SET character_set_client = utf8mb4 */;
CREATE TABLE `components_article_module_enableds` (
  `id` int unsigned NOT NULL AUTO_INCREMENT,
  `enabled` tinyint(1) DEFAULT NULL,
  `name` varchar(255) DEFAULT NULL,
  `collection_name` varchar(255) DEFAULT NULL,
  PRIMARY KEY (`id`)
) ENGINE=InnoDB AUTO_INCREMENT=11 DEFAULT CHARSET=utf8mb4 COLLATE=utf8mb4_0900_ai_ci;
/*!40101 SET character_set_client = @saved_cs_client */;

--
-- Dumping data for table `components_article_module_enableds`
--

LOCK TABLES `components_article_module_enableds` WRITE;
/*!40000 ALTER TABLE `components_article_module_enableds` DISABLE KEYS */;
INSERT INTO `components_article_module_enableds` VALUES (1,1,'Search_Form','Search_Form'),(2,1,'Upcoming Projects','Latest_Property'),(3,1,'Properties By Location','Area'),(4,1,'Our Main Focus','Property_Type'),(5,1,'Video','Video_Banners'),(6,1,'Clients Feedback','Clients_Feedback'),(7,1,'Builder','Builder'),(8,1,'Leatest News Feeds','News'),(9,1,'Call To Action','Call_To_Action'),(10,1,'Quick Contact','Popup_Contact');
/*!40000 ALTER TABLE `components_article_module_enableds` ENABLE KEYS */;
UNLOCK TABLES;

--
-- Table structure for table `components_article_single_banners`
--

DROP TABLE IF EXISTS `components_article_single_banners`;
/*!40101 SET @saved_cs_client     = @@character_set_client */;
/*!50503 SET character_set_client = utf8mb4 */;
CREATE TABLE `components_article_single_banners` (
  `id` int unsigned NOT NULL AUTO_INCREMENT,
  `name` varchar(255) DEFAULT NULL,
  `description` longtext,
  PRIMARY KEY (`id`)
) ENGINE=InnoDB AUTO_INCREMENT=2 DEFAULT CHARSET=utf8mb4 COLLATE=utf8mb4_0900_ai_ci;
/*!40101 SET character_set_client = @saved_cs_client */;

--
-- Dumping data for table `components_article_single_banners`
--

LOCK TABLES `components_article_single_banners` WRITE;
/*!40000 ALTER TABLE `components_article_single_banners` DISABLE KEYS */;
/*!40000 ALTER TABLE `components_article_single_banners` ENABLE KEYS */;
UNLOCK TABLES;

--
-- Table structure for table `components_article_single_banners_components`
--

DROP TABLE IF EXISTS `components_article_single_banners_components`;
/*!40101 SET @saved_cs_client     = @@character_set_client */;
/*!50503 SET character_set_client = utf8mb4 */;
CREATE TABLE `components_article_single_banners_components` (
  `id` int unsigned NOT NULL AUTO_INCREMENT,
  `entity_id` int unsigned DEFAULT NULL,
  `component_id` int unsigned DEFAULT NULL,
  `component_type` varchar(255) DEFAULT NULL,
  `field` varchar(255) DEFAULT NULL,
  `order` double unsigned DEFAULT NULL,
  PRIMARY KEY (`id`),
  UNIQUE KEY `components_article_single_banners_unique` (`entity_id`,`component_id`,`field`,`component_type`),
  KEY `components_article_single_banners_field_index` (`field`),
  KEY `components_article_single_banners_component_type_index` (`component_type`),
  KEY `components_article_single_banners_entity_fk` (`entity_id`),
  CONSTRAINT `components_article_single_banners_entity_fk` FOREIGN KEY (`entity_id`) REFERENCES `components_article_single_banners` (`id`) ON DELETE CASCADE
) ENGINE=InnoDB AUTO_INCREMENT=24 DEFAULT CHARSET=utf8mb4 COLLATE=utf8mb4_0900_ai_ci;
/*!40101 SET character_set_client = @saved_cs_client */;

--
-- Dumping data for table `components_article_single_banners_components`
--

LOCK TABLES `components_article_single_banners_components` WRITE;
/*!40000 ALTER TABLE `components_article_single_banners_components` DISABLE KEYS */;
/*!40000 ALTER TABLE `components_article_single_banners_components` ENABLE KEYS */;
UNLOCK TABLES;

--
-- Table structure for table `components_article_video_banners`
--

DROP TABLE IF EXISTS `components_article_video_banners`;
/*!40101 SET @saved_cs_client     = @@character_set_client */;
/*!50503 SET character_set_client = utf8mb4 */;
CREATE TABLE `components_article_video_banners` (
  `id` int unsigned NOT NULL AUTO_INCREMENT,
  `name` varchar(255) DEFAULT NULL,
  `url` varchar(255) DEFAULT NULL,
  PRIMARY KEY (`id`)
) ENGINE=InnoDB AUTO_INCREMENT=2 DEFAULT CHARSET=utf8mb4 COLLATE=utf8mb4_0900_ai_ci;
/*!40101 SET character_set_client = @saved_cs_client */;

--
-- Dumping data for table `components_article_video_banners`
--

LOCK TABLES `components_article_video_banners` WRITE;
/*!40000 ALTER TABLE `components_article_video_banners` DISABLE KEYS */;
INSERT INTO `components_article_video_banners` VALUES (1,'Youtube','https://www.youtube.com/embed/98EtDkaB56E');
/*!40000 ALTER TABLE `components_article_video_banners` ENABLE KEYS */;
UNLOCK TABLES;

--
-- Table structure for table `components_blog_blog_tags`
--

DROP TABLE IF EXISTS `components_blog_blog_tags`;
/*!40101 SET @saved_cs_client     = @@character_set_client */;
/*!50503 SET character_set_client = utf8mb4 */;
CREATE TABLE `components_blog_blog_tags` (
  `id` int unsigned NOT NULL AUTO_INCREMENT,
  PRIMARY KEY (`id`)
) ENGINE=InnoDB AUTO_INCREMENT=13 DEFAULT CHARSET=utf8mb4 COLLATE=utf8mb4_0900_ai_ci;
/*!40101 SET character_set_client = @saved_cs_client */;

--
-- Dumping data for table `components_blog_blog_tags`
--

LOCK TABLES `components_blog_blog_tags` WRITE;
/*!40000 ALTER TABLE `components_blog_blog_tags` DISABLE KEYS */;
INSERT INTO `components_blog_blog_tags` VALUES (1),(2),(3),(4),(9),(10),(11),(12);
/*!40000 ALTER TABLE `components_blog_blog_tags` ENABLE KEYS */;
UNLOCK TABLES;

--
-- Table structure for table `components_blog_blog_tags_tag_links`
--

DROP TABLE IF EXISTS `components_blog_blog_tags_tag_links`;
/*!40101 SET @saved_cs_client     = @@character_set_client */;
/*!50503 SET character_set_client = utf8mb4 */;
CREATE TABLE `components_blog_blog_tags_tag_links` (
  `id` int unsigned NOT NULL AUTO_INCREMENT,
  `blog_tag_id` int unsigned DEFAULT NULL,
  `inv_blog_tag_id` int unsigned DEFAULT NULL,
  PRIMARY KEY (`id`),
  UNIQUE KEY `components_blog_blog_tags_tag_links_unique` (`blog_tag_id`,`inv_blog_tag_id`),
  KEY `components_blog_blog_tags_tag_links_fk` (`blog_tag_id`),
  KEY `components_blog_blog_tags_tag_links_inv_fk` (`inv_blog_tag_id`),
  CONSTRAINT `components_blog_blog_tags_tag_links_fk` FOREIGN KEY (`blog_tag_id`) REFERENCES `components_blog_blog_tags` (`id`) ON DELETE CASCADE,
  CONSTRAINT `components_blog_blog_tags_tag_links_inv_fk` FOREIGN KEY (`inv_blog_tag_id`) REFERENCES `blog_tags` (`id`) ON DELETE CASCADE
) ENGINE=InnoDB AUTO_INCREMENT=13 DEFAULT CHARSET=utf8mb4 COLLATE=utf8mb4_0900_ai_ci;
/*!40101 SET character_set_client = @saved_cs_client */;

--
-- Dumping data for table `components_blog_blog_tags_tag_links`
--

LOCK TABLES `components_blog_blog_tags_tag_links` WRITE;
/*!40000 ALTER TABLE `components_blog_blog_tags_tag_links` DISABLE KEYS */;
INSERT INTO `components_blog_blog_tags_tag_links` VALUES (1,1,1),(2,2,3),(3,3,1),(4,4,3),(9,9,5),(10,10,2),(11,11,4),(12,12,2);
/*!40000 ALTER TABLE `components_blog_blog_tags_tag_links` ENABLE KEYS */;
UNLOCK TABLES;

--
-- Table structure for table `components_button_links_button_links`
--

DROP TABLE IF EXISTS `components_button_links_button_links`;
/*!40101 SET @saved_cs_client     = @@character_set_client */;
/*!50503 SET character_set_client = utf8mb4 */;
CREATE TABLE `components_button_links_button_links` (
  `id` int unsigned NOT NULL AUTO_INCREMENT,
  `label` varchar(255) DEFAULT NULL,
  `link` varchar(255) DEFAULT NULL,
  PRIMARY KEY (`id`)
) ENGINE=InnoDB AUTO_INCREMENT=5 DEFAULT CHARSET=utf8mb4 COLLATE=utf8mb4_0900_ai_ci;
/*!40101 SET character_set_client = @saved_cs_client */;

--
-- Dumping data for table `components_button_links_button_links`
--

LOCK TABLES `components_button_links_button_links` WRITE;
/*!40000 ALTER TABLE `components_button_links_button_links` DISABLE KEYS */;
INSERT INTO `components_button_links_button_links` VALUES (1,'GET IN TOUCH','/contact'),(2,'BOOK A VALUATION','/book-a-valuation');
/*!40000 ALTER TABLE `components_button_links_button_links` ENABLE KEYS */;
UNLOCK TABLES;

--
-- Table structure for table `components_common_popular_searches`
--

DROP TABLE IF EXISTS `components_common_popular_searches`;
/*!40101 SET @saved_cs_client     = @@character_set_client */;
/*!50503 SET character_set_client = utf8mb4 */;
CREATE TABLE `components_common_popular_searches` (
  `id` int unsigned NOT NULL AUTO_INCREMENT,
  `search_list` longtext,
  PRIMARY KEY (`id`)
) ENGINE=InnoDB AUTO_INCREMENT=2 DEFAULT CHARSET=utf8mb4 COLLATE=utf8mb4_0900_ai_ci;
/*!40101 SET character_set_client = @saved_cs_client */;

--
-- Dumping data for table `components_common_popular_searches`
--

LOCK TABLES `components_common_popular_searches` WRITE;
/*!40000 ALTER TABLE `components_common_popular_searches` DISABLE KEYS */;
INSERT INTO `components_common_popular_searches` VALUES (1,'<ul><li><a href=\"#\">Properties for sale in Chennai</a></li><li><a href=\"#\">Properties for sale in Bangalore</a></li><li><a href=\"#\">Properties for sale in Hyderabad</a></li><li><a href=\"#\">Properties for sale in Pune</a></li></ul>');
/*!40000 ALTER TABLE `components_common_popular_searches` ENABLE KEYS */;
UNLOCK TABLES;

--
-- Table structure for table `components_common_top_menus`
--

DROP TABLE IF EXISTS `components_common_top_menus`;
/*!40101 SET @saved_cs_client     = @@character_set_client */;
/*!50503 SET character_set_client = utf8mb4 */;
CREATE TABLE `components_common_top_menus` (
  `id` int unsigned NOT NULL AUTO_INCREMENT,
  `name` varchar(255) DEFAULT NULL,
  PRIMARY KEY (`id`)
) ENGINE=InnoDB AUTO_INCREMENT=12 DEFAULT CHARSET=utf8mb4 COLLATE=utf8mb4_0900_ai_ci;
/*!40101 SET character_set_client = @saved_cs_client */;

--
-- Dumping data for table `components_common_top_menus`
--

LOCK TABLES `components_common_top_menus` WRITE;
/*!40000 ALTER TABLE `components_common_top_menus` DISABLE KEYS */;
INSERT INTO `components_common_top_menus` VALUES (1,'CIty'),(2,'Bangalore'),(3,'Chennai'),(4,'Pune'),(5,'Hyderabad'),(6,'Upcoming Projects'),(7,'New Projects'),(8,'Villas'),(9,'Under Constructions'),(10,'Ready to Move'),(11,'Plots');
/*!40000 ALTER TABLE `components_common_top_menus` ENABLE KEYS */;
UNLOCK TABLES;

--
-- Table structure for table `components_common_top_menus_menu_links`
--

DROP TABLE IF EXISTS `components_common_top_menus_menu_links`;
/*!40101 SET @saved_cs_client     = @@character_set_client */;
/*!50503 SET character_set_client = utf8mb4 */;
CREATE TABLE `components_common_top_menus_menu_links` (
  `id` int unsigned NOT NULL AUTO_INCREMENT,
  `top_menus_id` int unsigned DEFAULT NULL,
  `menu_id` int unsigned DEFAULT NULL,
  PRIMARY KEY (`id`),
  UNIQUE KEY `components_common_top_menus_menu_links_unique` (`top_menus_id`,`menu_id`),
  KEY `components_common_top_menus_menu_links_fk` (`top_menus_id`),
  KEY `components_common_top_menus_menu_links_inv_fk` (`menu_id`),
  CONSTRAINT `components_common_top_menus_menu_links_fk` FOREIGN KEY (`top_menus_id`) REFERENCES `components_common_top_menus` (`id`) ON DELETE CASCADE,
  CONSTRAINT `components_common_top_menus_menu_links_inv_fk` FOREIGN KEY (`menu_id`) REFERENCES `menus` (`id`) ON DELETE CASCADE
) ENGINE=InnoDB AUTO_INCREMENT=12 DEFAULT CHARSET=utf8mb4 COLLATE=utf8mb4_0900_ai_ci;
/*!40101 SET character_set_client = @saved_cs_client */;

--
-- Dumping data for table `components_common_top_menus_menu_links`
--

LOCK TABLES `components_common_top_menus_menu_links` WRITE;
/*!40000 ALTER TABLE `components_common_top_menus_menu_links` DISABLE KEYS */;
INSERT INTO `components_common_top_menus_menu_links` VALUES (1,1,5),(2,2,6),(3,3,7),(4,4,9),(5,5,8),(6,6,10),(7,7,11),(8,8,14),(9,9,12),(10,10,13),(11,11,16);
/*!40000 ALTER TABLE `components_common_top_menus_menu_links` ENABLE KEYS */;
UNLOCK TABLES;

--
-- Table structure for table `components_contact_links_contact_links`
--

DROP TABLE IF EXISTS `components_contact_links_contact_links`;
/*!40101 SET @saved_cs_client     = @@character_set_client */;
/*!50503 SET character_set_client = utf8mb4 */;
CREATE TABLE `components_contact_links_contact_links` (
  `id` int unsigned NOT NULL AUTO_INCREMENT,
  `link` varchar(255) DEFAULT NULL,
  `icon` varchar(255) DEFAULT NULL,
  `name` varchar(255) DEFAULT NULL,
  `value` varchar(255) DEFAULT NULL,
  PRIMARY KEY (`id`)
) ENGINE=InnoDB AUTO_INCREMENT=8 DEFAULT CHARSET=utf8mb4 COLLATE=utf8mb4_0900_ai_ci;
/*!40101 SET character_set_client = @saved_cs_client */;

--
-- Dumping data for table `components_contact_links_contact_links`
--

LOCK TABLES `components_contact_links_contact_links` WRITE;
/*!40000 ALTER TABLE `components_contact_links_contact_links` DISABLE KEYS */;
INSERT INTO `components_contact_links_contact_links` VALUES (1,'tel:+91 1234567890','fa fa-phone','Phone',NULL),(2,'mailto:dev@fullbasketproperty.gmail.com','fa fa-envelope','Email',NULL),(3,'https://api.whatsapp.com/send?phone=1234567890','fa fa-whatsapp','Whatsapp',NULL),(4,NULL,'fa fa-map-marker','Address',NULL),(5,'tel:9019000400','icon-call','Phone','9019000400'),(7,'mailto:sales@fullbasketproperty.com','icon-mail','Email','sales@fullbasketproperty.com');
/*!40000 ALTER TABLE `components_contact_links_contact_links` ENABLE KEYS */;
UNLOCK TABLES;

--
-- Table structure for table `components_contact_module_contact_modules`
--

DROP TABLE IF EXISTS `components_contact_module_contact_modules`;
/*!40101 SET @saved_cs_client     = @@character_set_client */;
/*!50503 SET character_set_client = utf8mb4 */;
CREATE TABLE `components_contact_module_contact_modules` (
  `id` int unsigned NOT NULL AUTO_INCREMENT,
  `title` varchar(255) DEFAULT NULL,
  `discription` longtext,
  `position` varchar(255) DEFAULT NULL,
  PRIMARY KEY (`id`)
) ENGINE=InnoDB AUTO_INCREMENT=5 DEFAULT CHARSET=utf8mb4 COLLATE=utf8mb4_0900_ai_ci;
/*!40101 SET character_set_client = @saved_cs_client */;

--
-- Dumping data for table `components_contact_module_contact_modules`
--

LOCK TABLES `components_contact_module_contact_modules` WRITE;
/*!40000 ALTER TABLE `components_contact_module_contact_modules` DISABLE KEYS */;
/*!40000 ALTER TABLE `components_contact_module_contact_modules` ENABLE KEYS */;
UNLOCK TABLES;

--
-- Table structure for table `components_contact_module_contact_modules_components`
--

DROP TABLE IF EXISTS `components_contact_module_contact_modules_components`;
/*!40101 SET @saved_cs_client     = @@character_set_client */;
/*!50503 SET character_set_client = utf8mb4 */;
CREATE TABLE `components_contact_module_contact_modules_components` (
  `id` int unsigned NOT NULL AUTO_INCREMENT,
  `entity_id` int unsigned DEFAULT NULL,
  `component_id` int unsigned DEFAULT NULL,
  `component_type` varchar(255) DEFAULT NULL,
  `field` varchar(255) DEFAULT NULL,
  `order` double unsigned DEFAULT NULL,
  PRIMARY KEY (`id`),
  UNIQUE KEY `components_contact_module_contact_modules_unique` (`entity_id`,`component_id`,`field`,`component_type`),
  KEY `components_contact_module_contact_modules_field_index` (`field`),
  KEY `components_contact_module_contact_modules_component_type_index` (`component_type`),
  KEY `components_contact_module_contact_modules_entity_fk` (`entity_id`),
  CONSTRAINT `components_contact_module_contact_modules_entity_fk` FOREIGN KEY (`entity_id`) REFERENCES `components_contact_module_contact_modules` (`id`) ON DELETE CASCADE
) ENGINE=InnoDB AUTO_INCREMENT=7 DEFAULT CHARSET=utf8mb4 COLLATE=utf8mb4_0900_ai_ci;
/*!40101 SET character_set_client = @saved_cs_client */;

--
-- Dumping data for table `components_contact_module_contact_modules_components`
--

LOCK TABLES `components_contact_module_contact_modules_components` WRITE;
/*!40000 ALTER TABLE `components_contact_module_contact_modules_components` DISABLE KEYS */;
/*!40000 ALTER TABLE `components_contact_module_contact_modules_components` ENABLE KEYS */;
UNLOCK TABLES;

--
-- Table structure for table `components_module_button_module_buttons`
--

DROP TABLE IF EXISTS `components_module_button_module_buttons`;
/*!40101 SET @saved_cs_client     = @@character_set_client */;
/*!50503 SET character_set_client = utf8mb4 */;
CREATE TABLE `components_module_button_module_buttons` (
  `id` int unsigned NOT NULL AUTO_INCREMENT,
  `label` varchar(255) DEFAULT NULL,
  `link` varchar(255) DEFAULT NULL,
  PRIMARY KEY (`id`)
) ENGINE=InnoDB AUTO_INCREMENT=7 DEFAULT CHARSET=utf8mb4 COLLATE=utf8mb4_0900_ai_ci;
/*!40101 SET character_set_client = @saved_cs_client */;

--
-- Dumping data for table `components_module_button_module_buttons`
--

LOCK TABLES `components_module_button_module_buttons` WRITE;
/*!40000 ALTER TABLE `components_module_button_module_buttons` DISABLE KEYS */;
/*!40000 ALTER TABLE `components_module_button_module_buttons` ENABLE KEYS */;
UNLOCK TABLES;

--
-- Table structure for table `components_property_advantages`
--

DROP TABLE IF EXISTS `components_property_advantages`;
/*!40101 SET @saved_cs_client     = @@character_set_client */;
/*!50503 SET character_set_client = utf8mb4 */;
CREATE TABLE `components_property_advantages` (
  `id` int unsigned NOT NULL AUTO_INCREMENT,
  `name` varchar(255) DEFAULT NULL,
  `description` longtext,
  PRIMARY KEY (`id`)
) ENGINE=InnoDB AUTO_INCREMENT=13 DEFAULT CHARSET=utf8mb4 COLLATE=utf8mb4_0900_ai_ci;
/*!40101 SET character_set_client = @saved_cs_client */;

--
-- Dumping data for table `components_property_advantages`
--

LOCK TABLES `components_property_advantages` WRITE;
/*!40000 ALTER TABLE `components_property_advantages` DISABLE KEYS */;
INSERT INTO `components_property_advantages` VALUES (1,'Advantages','<ul><li>Major IT companies are in the calling distance of Tango</li><li>Proximity to Leading entertainment centers</li><li>Excellent connectivity to prime localities via expressway</li><li>Efficient transport facilities</li><li>78% of land is open space, Silver rating green building</li><li>Maintenance for 10 years by Akshaya</li><li>Senior citizen and physically challenged friendly</li></ul>'),(2,'Risland The Ace Location Advantage:','<p>Perungudi is one of the prime locations to buy a home in Chennai South. There are 122 residential projects in Perungudi. Some of the important landmarks near Risland The Ace are Sri Chaitanya School, BVM Global Perungudi, Sm Towers, Seevaram, etc. With important facilities available in the vicinity, Perungudi surely is a suitable place to call home.</p><ul><li>Sri Chaitanya School - 190 Meter</li><li>BVM Global Perungudi - 290 Meter</li><li>Sm Towers, Seevaram - 350 Meter</li><li>WorkEZ, - 450 Meter</li><li>Kotak Mahindra Bank ATM Anto Illam - 500 Meter</li><li>iPhone Service Center in Chennai - 750 Meter</li><li>BSR Mall - 1 KM</li><li>Central Bank of India, Tirumalai Ngr - 1 KM</li><li>Kayo International - 1.1 KM</li><li>ICICI BANK ATM, Perungudi - 1.1 KM</li><li>IndusInd Bank Perungudi - 1.3 KM</li><li>Accolite Software - 1.3 KM</li><li>Apollo Speciality Hospital - 1.5 KM</li><li>Montfort Matriculation School - 1.8 KM</li><li>Sri Santhi Hospital - 2.6 KM</li></ul>'),(3,'Advantages','<ul><li>Major IT companies are in the calling distance of Tango</li><li>Proximity to Leading entertainment centers</li><li>Excellent connectivity to prime localities via expressway</li><li>Efficient transport facilities</li><li>78% of land is open space, Silver rating green building</li><li>Maintenance for 10 years by Akshaya</li><li>Senior citizen and physically challenged friendly</li></ul>'),(4,'Advantages','<ul><li>Major IT companies are in the calling distance of Tango</li><li>Proximity to Leading entertainment centers</li><li>Excellent connectivity to prime localities via expressway</li><li>Efficient transport facilities</li><li>78% of land is open space, Silver rating green building</li><li>Maintenance for 10 years by Akshaya</li><li>Senior citizen and physically challenged friendly</li></ul>'),(5,'Advantages','<ul><li>Major IT companies are in the calling distance of Tango</li><li>Proximity to Leading entertainment centers</li><li>Excellent connectivity to prime localities via expressway</li><li>Efficient transport facilities</li><li>78% of land is open space, Silver rating green building</li><li>Maintenance for 10 years by Akshaya</li><li>Senior citizen and physically challenged friendly</li></ul>'),(6,'Advantages','<ul><li>Major IT companies are in the calling distance of Tango</li><li>Proximity to Leading entertainment centers</li><li>Excellent connectivity to prime localities via expressway</li><li>Efficient transport facilities</li><li>78% of land is open space, Silver rating green building</li><li>Maintenance for 10 years by Akshaya</li><li>Senior citizen and physically challenged friendly</li></ul>'),(7,'Advantages','<ul><li>Major IT companies are in the calling distance of Tango</li><li>Proximity to Leading entertainment centers</li><li>Excellent connectivity to prime localities via expressway</li><li>Efficient transport facilities</li><li>78% of land is open space, Silver rating green building</li><li>Maintenance for 10 years by Akshaya</li><li>Senior citizen and physically challenged friendly</li></ul>'),(8,'Advantages','<ul><li>Major IT companies are in the calling distance of Tango</li><li>Proximity to Leading entertainment centers</li><li>Excellent connectivity to prime localities via expressway</li><li>Efficient transport facilities</li><li>78% of land is open space, Silver rating green building</li><li>Maintenance for 10 years by Akshaya</li><li>Senior citizen and physically challenged friendly</li></ul>'),(9,'Risland The Ace Location Advantage:','<p>Perungudi is one of the prime locations to buy a home in Chennai South. There are 122 residential projects in Perungudi. Some of the important landmarks near Risland The Ace are Sri Chaitanya School, BVM Global Perungudi, Sm Towers, Seevaram, etc. With important facilities available in the vicinity, Perungudi surely is a suitable place to call home.</p><ul><li>Sri Chaitanya School - 190 Meter</li><li>BVM Global Perungudi - 290 Meter</li><li>Sm Towers, Seevaram - 350 Meter</li><li>WorkEZ, - 450 Meter</li><li>Kotak Mahindra Bank ATM Anto Illam - 500 Meter</li><li>iPhone Service Center in Chennai - 750 Meter</li><li>BSR Mall - 1 KM</li><li>Central Bank of India, Tirumalai Ngr - 1 KM</li><li>Kayo International - 1.1 KM</li><li>ICICI BANK ATM, Perungudi - 1.1 KM</li><li>IndusInd Bank Perungudi - 1.3 KM</li><li>Accolite Software - 1.3 KM</li><li>Apollo Speciality Hospital - 1.5 KM</li><li>Montfort Matriculation School - 1.8 KM</li><li>Sri Santhi Hospital - 2.6 KM</li></ul>'),(10,'Advantages','<ul><li>Major IT companies are in the calling distance of Tango</li><li>Proximity to Leading entertainment centers</li><li>Excellent connectivity to prime localities via expressway</li><li>Efficient transport facilities</li><li>78% of land is open space, Silver rating green building</li><li>Maintenance for 10 years by Akshaya</li><li>Senior citizen and physically challenged friendly</li></ul>'),(11,'Advantages','<ul><li>Major IT companies are in the calling distance of Tango</li><li>Proximity to Leading entertainment centers</li><li>Excellent connectivity to prime localities via expressway</li><li>Efficient transport facilities</li><li>78% of land is open space, Silver rating green building</li><li>Maintenance for 10 years by Akshaya</li><li>Senior citizen and physically challenged friendly</li></ul>'),(12,'Advantages','<ul><li>Major IT companies are in the calling distance of Tango</li><li>Proximity to Leading entertainment centers</li><li>Excellent connectivity to prime localities via expressway</li><li>Efficient transport facilities</li><li>78% of land is open space, Silver rating green building</li><li>Maintenance for 10 years by Akshaya</li><li>Senior citizen and physically challenged friendly</li></ul>');
/*!40000 ALTER TABLE `components_property_advantages` ENABLE KEYS */;
UNLOCK TABLES;

--
-- Table structure for table `components_property_amenities`
--

DROP TABLE IF EXISTS `components_property_amenities`;
/*!40101 SET @saved_cs_client     = @@character_set_client */;
/*!50503 SET character_set_client = utf8mb4 */;
CREATE TABLE `components_property_amenities` (
  `id` int unsigned NOT NULL AUTO_INCREMENT,
  PRIMARY KEY (`id`)
) ENGINE=InnoDB AUTO_INCREMENT=150 DEFAULT CHARSET=utf8mb4 COLLATE=utf8mb4_0900_ai_ci;
/*!40101 SET character_set_client = @saved_cs_client */;

--
-- Dumping data for table `components_property_amenities`
--

LOCK TABLES `components_property_amenities` WRITE;
/*!40000 ALTER TABLE `components_property_amenities` DISABLE KEYS */;
INSERT INTO `components_property_amenities` VALUES (1),(2),(3),(4),(5),(6),(47),(48),(49),(50),(51),(52),(53),(54),(55),(56),(57),(58),(118),(119),(120),(121),(122),(123),(124),(125),(126),(128),(129),(130),(131),(132),(133),(134),(135),(136),(137),(138),(139),(140),(141),(142),(143),(144),(145),(146),(147),(148),(149);
/*!40000 ALTER TABLE `components_property_amenities` ENABLE KEYS */;
UNLOCK TABLES;

--
-- Table structure for table `components_property_amenities_amenitie_links`
--

DROP TABLE IF EXISTS `components_property_amenities_amenitie_links`;
/*!40101 SET @saved_cs_client     = @@character_set_client */;
/*!50503 SET character_set_client = utf8mb4 */;
CREATE TABLE `components_property_amenities_amenitie_links` (
  `id` int unsigned NOT NULL AUTO_INCREMENT,
  `amenities_id` int unsigned DEFAULT NULL,
  `property_amenitie_id` int unsigned DEFAULT NULL,
  PRIMARY KEY (`id`),
  UNIQUE KEY `components_property_amenities_amenitie_links_unique` (`amenities_id`,`property_amenitie_id`),
  KEY `components_property_amenities_amenitie_links_fk` (`amenities_id`),
  KEY `components_property_amenities_amenitie_links_inv_fk` (`property_amenitie_id`),
  CONSTRAINT `components_property_amenities_amenitie_links_fk` FOREIGN KEY (`amenities_id`) REFERENCES `components_property_amenities` (`id`) ON DELETE CASCADE,
  CONSTRAINT `components_property_amenities_amenitie_links_inv_fk` FOREIGN KEY (`property_amenitie_id`) REFERENCES `property_amenities` (`id`) ON DELETE CASCADE
) ENGINE=InnoDB AUTO_INCREMENT=32 DEFAULT CHARSET=utf8mb4 COLLATE=utf8mb4_0900_ai_ci;
/*!40101 SET character_set_client = @saved_cs_client */;

--
-- Dumping data for table `components_property_amenities_amenitie_links`
--

LOCK TABLES `components_property_amenities_amenitie_links` WRITE;
/*!40000 ALTER TABLE `components_property_amenities_amenitie_links` DISABLE KEYS */;
INSERT INTO `components_property_amenities_amenitie_links` VALUES (1,118,5),(2,119,4),(3,120,8),(4,121,7),(5,122,2),(6,123,3),(7,124,6),(8,125,1),(9,126,9),(10,128,10),(11,129,4),(12,130,2),(13,131,6),(14,132,1),(15,133,8),(16,134,9),(17,135,11),(18,136,13),(19,137,10),(20,138,5),(21,139,4),(22,140,8),(23,141,12),(24,142,3),(25,143,14),(26,144,3),(27,145,6),(28,146,11),(29,147,8),(30,148,4),(31,149,9);
/*!40000 ALTER TABLE `components_property_amenities_amenitie_links` ENABLE KEYS */;
UNLOCK TABLES;

--
-- Table structure for table `components_property_distances`
--

DROP TABLE IF EXISTS `components_property_distances`;
/*!40101 SET @saved_cs_client     = @@character_set_client */;
/*!50503 SET character_set_client = utf8mb4 */;
CREATE TABLE `components_property_distances` (
  `id` int unsigned NOT NULL AUTO_INCREMENT,
  `bus_stand` varchar(255) DEFAULT NULL,
  `railway_station` varchar(255) DEFAULT NULL,
  `school` varchar(255) DEFAULT NULL,
  `hosptial` varchar(255) DEFAULT NULL,
  PRIMARY KEY (`id`)
) ENGINE=InnoDB AUTO_INCREMENT=4 DEFAULT CHARSET=utf8mb4 COLLATE=utf8mb4_0900_ai_ci;
/*!40101 SET character_set_client = @saved_cs_client */;

--
-- Dumping data for table `components_property_distances`
--

LOCK TABLES `components_property_distances` WRITE;
/*!40000 ALTER TABLE `components_property_distances` DISABLE KEYS */;
INSERT INTO `components_property_distances` VALUES (1,'19.9 Km','22.3 Km','5 KM','5 Min'),(2,'7 Km','10 Km','5 Km','2 Km'),(3,'3 Km','7 Km','5 Km','2 Km');
/*!40000 ALTER TABLE `components_property_distances` ENABLE KEYS */;
UNLOCK TABLES;

--
-- Table structure for table `components_property_downloads`
--

DROP TABLE IF EXISTS `components_property_downloads`;
/*!40101 SET @saved_cs_client     = @@character_set_client */;
/*!50503 SET character_set_client = utf8mb4 */;
CREATE TABLE `components_property_downloads` (
  `id` int unsigned NOT NULL AUTO_INCREMENT,
  `name` varchar(255) DEFAULT NULL,
  `link` varchar(255) DEFAULT NULL,
  PRIMARY KEY (`id`)
) ENGINE=InnoDB AUTO_INCREMENT=44 DEFAULT CHARSET=utf8mb4 COLLATE=utf8mb4_0900_ai_ci;
/*!40101 SET character_set_client = @saved_cs_client */;

--
-- Dumping data for table `components_property_downloads`
--

LOCK TABLES `components_property_downloads` WRITE;
/*!40000 ALTER TABLE `components_property_downloads` DISABLE KEYS */;
INSERT INTO `components_property_downloads` VALUES (1,'Akshaya Tango Site Plan','https://www.propleaf.com/project_folder/project_site/1597826455Master%20Plan.jpg'),(2,'Akshaya Tango Location Plan','https://www.propleaf.com/project_folder/location_plan/350241174Akshaya-Tango-location.jpg'),(3,'Akshaya Tango Specifications','https://www.propleaf.com/project_folder/specification_plan/1894555794akshaya-tango-specifications.jpg'),(4,'Akshaya Tango Brochure','https://www.propleaf.com/project_folder/brochure/1610906776Tango%20Brochure%20COMPRESSED.pdf'),(5,'Risland The Ace Site Plan','https://devadmin.fullbasketproperty.com/uploads/1514622868site_504882d1a0.jpg'),(6,'Risland The Ace Location Plan','https://devadmin.fullbasketproperty.com/uploads/847213787_LO_8c8e661254.jpg'),(7,'Step Stones Anans Location Plan','https://devadmin.fullbasketproperty.com/uploads/323807669_Anans_Location_Plan_c8f1b2230d.jpeg'),(8,'Step Stones Anans Brochure','https://devadmin.fullbasketproperty.com/uploads/38172034_Anans_2_perungudi_Brochure_7941ea1e02.pdf'),(9,'Akshaya Tango Site Plan','https://www.propleaf.com/project_folder/project_site/1597826455Master%20Plan.jpg'),(10,'Akshaya Tango Location Plan','https://www.propleaf.com/project_folder/location_plan/350241174Akshaya-Tango-location.jpg'),(11,'Akshaya Tango Specifications','https://www.propleaf.com/project_folder/specification_plan/1894555794akshaya-tango-specifications.jpg'),(12,'Akshaya Tango Brochure','https://www.propleaf.com/project_folder/brochure/1610906776Tango%20Brochure%20COMPRESSED.pdf'),(13,'Akshaya Tango Site Plan','https://www.propleaf.com/project_folder/project_site/1597826455Master%20Plan.jpg'),(14,'Akshaya Tango Location Plan','https://www.propleaf.com/project_folder/location_plan/350241174Akshaya-Tango-location.jpg'),(15,'Akshaya Tango Specifications','https://www.propleaf.com/project_folder/specification_plan/1894555794akshaya-tango-specifications.jpg'),(16,'Akshaya Tango Brochure','https://www.propleaf.com/project_folder/brochure/1610906776Tango%20Brochure%20COMPRESSED.pdf'),(17,'Akshaya Tango Site Plan','https://www.propleaf.com/project_folder/project_site/1597826455Master%20Plan.jpg'),(18,'Akshaya Tango Location Plan','https://www.propleaf.com/project_folder/location_plan/350241174Akshaya-Tango-location.jpg'),(19,'Akshaya Tango Specifications','https://www.propleaf.com/project_folder/specification_plan/1894555794akshaya-tango-specifications.jpg'),(20,'Akshaya Tango Brochure','https://www.propleaf.com/project_folder/brochure/1610906776Tango%20Brochure%20COMPRESSED.pdf'),(21,'Akshaya Tango Site Plan','https://www.propleaf.com/project_folder/project_site/1597826455Master%20Plan.jpg'),(22,'Akshaya Tango Location Plan','https://www.propleaf.com/project_folder/location_plan/350241174Akshaya-Tango-location.jpg'),(23,'Akshaya Tango Specifications','https://www.propleaf.com/project_folder/specification_plan/1894555794akshaya-tango-specifications.jpg'),(24,'Akshaya Tango Brochure','https://www.propleaf.com/project_folder/brochure/1610906776Tango%20Brochure%20COMPRESSED.pdf'),(25,'Akshaya Tango Site Plan','https://www.propleaf.com/project_folder/project_site/1597826455Master%20Plan.jpg'),(26,'Akshaya Tango Location Plan','https://www.propleaf.com/project_folder/location_plan/350241174Akshaya-Tango-location.jpg'),(27,'Akshaya Tango Specifications','https://www.propleaf.com/project_folder/specification_plan/1894555794akshaya-tango-specifications.jpg'),(28,'Akshaya Tango Brochure','https://www.propleaf.com/project_folder/brochure/1610906776Tango%20Brochure%20COMPRESSED.pdf'),(29,'Akshaya Tango Site Plan','https://www.propleaf.com/project_folder/project_site/1597826455Master%20Plan.jpg'),(30,'Akshaya Tango Location Plan','https://www.propleaf.com/project_folder/location_plan/350241174Akshaya-Tango-location.jpg'),(31,'Akshaya Tango Specifications','https://www.propleaf.com/project_folder/specification_plan/1894555794akshaya-tango-specifications.jpg'),(32,'Akshaya Tango Brochure','https://www.propleaf.com/project_folder/brochure/1610906776Tango%20Brochure%20COMPRESSED.pdf'),(33,'Step Stones Anans Location Plan','https://devadmin.fullbasketproperty.com/uploads/323807669_Anans_Location_Plan_c8f1b2230d.jpeg'),(34,'Step Stones Anans Brochure','https://devadmin.fullbasketproperty.com/uploads/38172034_Anans_2_perungudi_Brochure_7941ea1e02.pdf'),(35,'Risland The Ace Site Plan','https://devadmin.fullbasketproperty.com/uploads/1514622868site_504882d1a0.jpg'),(36,'Risland The Ace Location Plan','https://devadmin.fullbasketproperty.com/uploads/847213787_LO_8c8e661254.jpg'),(37,'Site Plan','https://devadmin.fullbasketproperty.com/uploads/1613533523site_pl_962eb8fb1d.jpg'),(38,'Akshaya Tango Site Plan','https://www.propleaf.com/project_folder/project_site/1597826455Master%20Plan.jpg'),(39,'Akshaya Tango Location Plan','https://www.propleaf.com/project_folder/location_plan/350241174Akshaya-Tango-location.jpg'),(40,'Akshaya Tango Site Plan','https://www.propleaf.com/project_folder/project_site/1597826455Master%20Plan.jpg'),(41,'Akshaya Tango Location Plan','https://www.propleaf.com/project_folder/location_plan/350241174Akshaya-Tango-location.jpg'),(42,'Akshaya Tango Site Plan','https://www.propleaf.com/project_folder/project_site/1597826455Master%20Plan.jpg'),(43,'Akshaya Tango Location Plan','https://www.propleaf.com/project_folder/location_plan/350241174Akshaya-Tango-location.jpg');
/*!40000 ALTER TABLE `components_property_downloads` ENABLE KEYS */;
UNLOCK TABLES;

--
-- Table structure for table `components_property_extras`
--

DROP TABLE IF EXISTS `components_property_extras`;
/*!40101 SET @saved_cs_client     = @@character_set_client */;
/*!50503 SET character_set_client = utf8mb4 */;
CREATE TABLE `components_property_extras` (
  `id` int unsigned NOT NULL AUTO_INCREMENT,
  `title` varchar(255) DEFAULT NULL,
  `description` longtext,
  PRIMARY KEY (`id`)
) ENGINE=InnoDB AUTO_INCREMENT=5 DEFAULT CHARSET=utf8mb4 COLLATE=utf8mb4_0900_ai_ci;
/*!40101 SET character_set_client = @saved_cs_client */;

--
-- Dumping data for table `components_property_extras`
--

LOCK TABLES `components_property_extras` WRITE;
/*!40000 ALTER TABLE `components_property_extras` DISABLE KEYS */;
INSERT INTO `components_property_extras` VALUES (1,'Unit Type','<figure class=\"table\"><table><tbody><tr><td>Unit Type</td><td>Size in Sq.Ft</td></tr><tr><td>2 BHK Elite</td><td>1385 to 1393</td></tr><tr><td>3 BHK Elite</td><td>1986 to 2002</td></tr><tr><td>4 BHK Elite</td><td>2366 to 2371</td></tr><tr><td>Floor Villa 4 BHK</td><td>3603 to 3621</td></tr></tbody></table></figure>');
/*!40000 ALTER TABLE `components_property_extras` ENABLE KEYS */;
UNLOCK TABLES;

--
-- Table structure for table `components_property_facts_features`
--

DROP TABLE IF EXISTS `components_property_facts_features`;
/*!40101 SET @saved_cs_client     = @@character_set_client */;
/*!50503 SET character_set_client = utf8mb4 */;
CREATE TABLE `components_property_facts_features` (
  `id` int unsigned NOT NULL AUTO_INCREMENT,
  `name` varchar(255) DEFAULT NULL,
  `description` longtext,
  PRIMARY KEY (`id`)
) ENGINE=InnoDB AUTO_INCREMENT=35 DEFAULT CHARSET=utf8mb4 COLLATE=utf8mb4_0900_ai_ci;
/*!40101 SET character_set_client = @saved_cs_client */;

--
-- Dumping data for table `components_property_facts_features`
--

LOCK TABLES `components_property_facts_features` WRITE;
/*!40000 ALTER TABLE `components_property_facts_features` DISABLE KEYS */;
INSERT INTO `components_property_facts_features` VALUES (17,'Akshaya Tango Features','<ul><li>Entrance Lobby</li><li>Paved Compound</li><li>Video Door Security</li><li>Library</li><li>Banquet Hall</li><li>Visitor Parking</li><li>Conference Room</li><li>Kid\'s Pool</li><li>Day Care Center</li><li>Yoga/Meditation Area</li><li>Gated Community</li><li>Landscape Garden and Tree Planting</li><li>Multipurpose Room</li><li>Power Backup</li><li>Ladies &amp; Gents Health Club</li></ul>'),(18,'Risland The Ace Features:','<ul><li>Cctv</li><li>Access control&nbsp;</li><li>Children\'s Activity area</li><li>Sandpit</li><li>Hopscotch</li><li>Kids Gym</li><li>Jamming Room</li><li>Swimming Pool&nbsp;</li><li>Multi Purpose Court</li><li>Youga Room,</li><li>Party Hall&nbsp;</li></ul>'),(19,'Step Stones Anans Features','<p>Features:</p><p>Schools in Perungudi include Sangford Schools, Montfort School, Laxminarayan English School, Panchayat School, Dass School etc.</p><p>Some of the prominent hospitals in the locality are Corporation Dental Hospital, Shree Hospital, CM Hospital, Vee Care Eye Hospital and Savitri Hospital.</p><p>Perungudi is strategically located on the Old Road (OMR) and at 4.6 kilometres of driving distance lies Velachery and Thiruvanmiyur. Sholinganallur is 12 minutes away from Perungudi via the OMR. MTC buses are a popular mode of transportation here and connects the locality with Adyar, Saidapet, Tiruvanmiyur and commercial destinations like Tambaram and Saidapet. In addition to this, new Bus routes are planned for this suburb that will connect interior areas of Perungudi like Rajiv Nagar, Kamraj Nagar, Elim Nagar and Telephone Nagar.</p>'),(20,'Akshaya Tango Features','<ul><li>Entrance Lobby</li><li>Paved Compound</li><li>Video Door Security</li><li>Library</li><li>Banquet Hall</li><li>Visitor Parking</li><li>Conference Room</li><li>Kid\'s Pool</li><li>Day Care Center</li><li>Yoga/Meditation Area</li><li>Gated Community</li><li>Landscape Garden and Tree Planting</li><li>Multipurpose Room</li><li>Power Backup</li><li>Ladies &amp; Gents Health Club</li></ul>'),(21,'Akshaya Tango Features','<ul><li>Entrance Lobby</li><li>Paved Compound</li><li>Video Door Security</li><li>Library</li><li>Banquet Hall</li><li>Visitor Parking</li><li>Conference Room</li><li>Kid\'s Pool</li><li>Day Care Center</li><li>Yoga/Meditation Area</li><li>Gated Community</li><li>Landscape Garden and Tree Planting</li><li>Multipurpose Room</li><li>Power Backup</li><li>Ladies &amp; Gents Health Club</li></ul>'),(22,'Akshaya Tango Features','<ul><li>Entrance Lobby</li><li>Paved Compound</li><li>Video Door Security</li><li>Library</li><li>Banquet Hall</li><li>Visitor Parking</li><li>Conference Room</li><li>Kid\'s Pool</li><li>Day Care Center</li><li>Yoga/Meditation Area</li><li>Gated Community</li><li>Landscape Garden and Tree Planting</li><li>Multipurpose Room</li><li>Power Backup</li><li>Ladies &amp; Gents Health Club</li></ul>'),(23,'Akshaya Tango Features','<ul><li>Entrance Lobby</li><li>Paved Compound</li><li>Video Door Security</li><li>Library</li><li>Banquet Hall</li><li>Visitor Parking</li><li>Conference Room</li><li>Kid\'s Pool</li><li>Day Care Center</li><li>Yoga/Meditation Area</li><li>Gated Community</li><li>Landscape Garden and Tree Planting</li><li>Multipurpose Room</li><li>Power Backup</li><li>Ladies &amp; Gents Health Club</li></ul>'),(24,'Akshaya Tango Features','<ul><li>Entrance Lobby</li><li>Paved Compound</li><li>Video Door Security</li><li>Library</li><li>Banquet Hall</li><li>Visitor Parking</li><li>Conference Room</li><li>Kid\'s Pool</li><li>Day Care Center</li><li>Yoga/Meditation Area</li><li>Gated Community</li><li>Landscape Garden and Tree Planting</li><li>Multipurpose Room</li><li>Power Backup</li><li>Ladies &amp; Gents Health Club</li></ul>'),(25,'Akshaya Tango Features','<ul><li>Entrance Lobby</li><li>Paved Compound</li><li>Video Door Security</li><li>Library</li><li>Banquet Hall</li><li>Visitor Parking</li><li>Conference Room</li><li>Kid\'s Pool</li><li>Day Care Center</li><li>Yoga/Meditation Area</li><li>Gated Community</li><li>Landscape Garden and Tree Planting</li><li>Multipurpose Room</li><li>Power Backup</li><li>Ladies &amp; Gents Health Club</li></ul>'),(26,'Step Stones Anans Features','<p>Features:</p><p>Schools in Perungudi include Sangford Schools, Montfort School, Laxminarayan English School, Panchayat School, Dass School etc.</p><p>Some of the prominent hospitals in the locality are Corporation Dental Hospital, Shree Hospital, CM Hospital, Vee Care Eye Hospital and Savitri Hospital.</p><p>Perungudi is strategically located on the Old Road (OMR) and at 4.6 kilometres of driving distance lies Velachery and Thiruvanmiyur. Sholinganallur is 12 minutes away from Perungudi via the OMR. MTC buses are a popular mode of transportation here and connects the locality with Adyar, Saidapet, Tiruvanmiyur and commercial destinations like Tambaram and Saidapet. In addition to this, new Bus routes are planned for this suburb that will connect interior areas of Perungudi like Rajiv Nagar, Kamraj Nagar, Elim Nagar and Telephone Nagar.</p>'),(27,'House Of Hiranandani Features:','<ul><li>Club House</li><li>Coffee Lounge &amp; Restaurants</li><li>Cafeteria/Food Court</li><li>Jogging and Strolling Track</li><li>Outdoor Tennis Courts</li><li>Cycling &amp; Jogging Track</li><li>Power Back Up</li><li>Swimming Pool</li><li>Lift</li><li>Security</li><li>Reserved Parking</li><li>Intercom Facility</li><li>Bank &amp; ATM</li><li>Banquet Hall</li><li>Gymnasium</li><li>Indoor Games Room</li><li>Rain Water Harvesting</li><li>DTH Television Facility</li><li>RO Water System</li><li>Water Storage</li><li>Indoor Squash &amp; Badminton Courts</li><li>Multipurpose Courts</li><li>Meditation Area</li><li>Vaastu Compliant</li><li>Earthquake resistant</li><li>Grand Entrance lobby</li><li>Multipurpose Hall</li><li>CCTV Camera</li><li>Outdoor Tennis Courts</li><li>Event Space &amp; Amphitheatre</li><li>Fire Fighting Equipment</li></ul>'),(28,'House Of Hiranandani Features:','<ul><li>Club House</li><li>Coffee Lounge &amp; Restaurants</li><li>Cafeteria/Food Court</li><li>Jogging and Strolling Track</li><li>Outdoor Tennis Courts</li><li>Cycling &amp; Jogging Track</li><li>Power Back Up</li><li>Swimming Pool</li><li>Lift</li><li>Security</li><li>Reserved Parking</li><li>Intercom Facility</li><li>Bank &amp; ATM</li><li>Banquet Hall</li><li>Gymnasium</li><li>Indoor Games Room</li><li>Rain Water Harvesting</li><li>DTH Television Facility</li><li>RO Water System</li><li>Water Storage</li><li>Indoor Squash &amp; Badminton Courts</li><li>Multipurpose Courts</li><li>Meditation Area</li><li>Vaastu Compliant</li><li>Earthquake resistant</li><li>Grand Entrance lobby</li><li>Multipurpose Hall</li><li>CCTV Camera</li><li>Outdoor Tennis Courts</li><li>Event Space &amp; Amphitheatre</li><li>Fire Fighting Equipment</li></ul>'),(29,'Risland The Ace Features:','<ul><li>Cctv</li><li>Access control&nbsp;</li><li>Children\'s Activity area</li><li>Sandpit</li><li>Hopscotch</li><li>Kids Gym</li><li>Jamming Room</li><li>Swimming Pool&nbsp;</li><li>Multi Purpose Court</li><li>Youga Room,</li><li>Party Hall&nbsp;</li></ul>'),(30,'House Of Hiranandani Features:','<ul><li>Club House</li><li>Coffee Lounge &amp; Restaurants</li><li>Cafeteria/Food Court</li><li>Jogging and Strolling Track</li><li>Outdoor Tennis Courts</li><li>Cycling &amp; Jogging Track</li><li>Power Back Up</li><li>Swimming Pool</li><li>Lift</li><li>Security</li><li>Reserved Parking</li><li>Intercom Facility</li><li>Bank &amp; ATM</li><li>Banquet Hall</li><li>Gymnasium</li><li>Indoor Games Room</li><li>Rain Water Harvesting</li><li>DTH Television Facility</li><li>RO Water System</li><li>Water Storage</li><li>Indoor Squash &amp; Badminton Courts</li><li>Multipurpose Courts</li><li>Meditation Area</li><li>Vaastu Compliant</li><li>Earthquake resistant</li><li>Grand Entrance lobby</li><li>Multipurpose Hall</li><li>CCTV Camera</li><li>Outdoor Tennis Courts</li><li>Event Space &amp; Amphitheatre</li><li>Fire Fighting Equipment</li></ul>'),(31,'Lifestyle Podium Features:','<ul><li>swimming pool,</li><li>airconditioned gymnasium,</li><li>multipurpose hall,</li><li>billiards suite,</li><li>table tennis,</li><li>indoor games,</li><li>landscaped terrace,</li><li>rooftop barbeque.</li></ul>'),(32,'RWD Sunshine Features','<ul><li>Entrance Lobby</li><li>Paved Compound</li><li>Video Door Security</li><li>Library</li><li>Banquet Hall</li><li>Visitor Parking</li><li>Conference Room</li><li>Kid\'s Pool</li><li>Day Care Center</li><li>Yoga/Meditation Area</li><li>Gated Community</li><li>Landscape Garden and Tree Planting</li><li>Multipurpose Room</li><li>Power Backup</li><li>Ladies &amp; Gents Health Club</li></ul>'),(33,'KVG Arimaa Nagar Features','<ul><li>Entrance Lobby</li><li>Paved Compound</li><li>Video Door Security</li><li>Library</li><li>Banquet Hall</li><li>Visitor Parking</li><li>Conference Room</li><li>Kid\'s Pool</li><li>Day Care Center</li><li>Yoga/Meditation Area</li><li>Gated Community</li><li>Landscape Garden and Tree Planting</li><li>Multipurpose Room</li><li>Power Backup</li><li>Ladies &amp; Gents Health Club</li></ul>'),(34,'TVS Emerald Estate Features','<ul><li>Entrance Lobby</li><li>Paved Compound</li><li>Video Door Security</li><li>Library</li><li>Banquet Hall</li><li>Visitor Parking</li><li>Conference Room</li></ul>');
/*!40000 ALTER TABLE `components_property_facts_features` ENABLE KEYS */;
UNLOCK TABLES;

--
-- Table structure for table `components_property_floor_plans`
--

DROP TABLE IF EXISTS `components_property_floor_plans`;
/*!40101 SET @saved_cs_client     = @@character_set_client */;
/*!50503 SET character_set_client = utf8mb4 */;
CREATE TABLE `components_property_floor_plans` (
  `id` int unsigned NOT NULL AUTO_INCREMENT,
  `floor` varchar(255) DEFAULT NULL,
  `description` longtext,
  PRIMARY KEY (`id`)
) ENGINE=InnoDB AUTO_INCREMENT=55 DEFAULT CHARSET=utf8mb4 COLLATE=utf8mb4_0900_ai_ci;
/*!40101 SET character_set_client = @saved_cs_client */;

--
-- Dumping data for table `components_property_floor_plans`
--

LOCK TABLES `components_property_floor_plans` WRITE;
/*!40000 ALTER TABLE `components_property_floor_plans` DISABLE KEYS */;
INSERT INTO `components_property_floor_plans` VALUES (1,'Ground Floor',NULL),(2,'First Floor',NULL),(3,'Second Floor',NULL),(16,'Ground Floor',NULL),(17,'First Floor',NULL),(18,'Second Floor',NULL),(19,'First Floor',NULL),(20,'Ground Floor',NULL),(21,'Second Floor',NULL),(22,'First Floor',NULL),(23,'Second Floor',NULL),(24,'Ground Floor',NULL),(25,'First Floor',NULL),(26,'Second Floor',NULL),(27,'Ground Floor',NULL),(28,'First Floor',NULL),(29,'Second Floor',NULL),(30,'Ground Floor',NULL),(31,'First Floor',NULL),(32,'Second Floor',NULL),(33,'Ground Floor',NULL),(34,'First Floor',NULL),(35,'Second Floor',NULL),(36,'Ground Floor',NULL),(37,'First Floor',NULL),(38,'Second Floor',NULL),(39,'Ground Floor',NULL),(40,'First Floor',NULL),(41,'Second Floor',NULL),(42,'First Floor',NULL),(43,'Second Floor',NULL),(44,'Ground Floor',NULL),(45,'First Floor',NULL),(46,'Second Floor',NULL),(47,'Ground Floor',NULL),(48,'First Floor',NULL),(49,'Ground Floor',NULL),(50,'First Floor',NULL),(51,'Ground Floor',NULL),(52,'First Floor',NULL),(53,'Ground Floor',NULL),(54,'First Floor',NULL);
/*!40000 ALTER TABLE `components_property_floor_plans` ENABLE KEYS */;
UNLOCK TABLES;

--
-- Table structure for table `components_property_other_features`
--

DROP TABLE IF EXISTS `components_property_other_features`;
/*!40101 SET @saved_cs_client     = @@character_set_client */;
/*!50503 SET character_set_client = utf8mb4 */;
CREATE TABLE `components_property_other_features` (
  `id` int unsigned NOT NULL AUTO_INCREMENT,
  `spot_name` varchar(255) DEFAULT NULL,
  `timing` varchar(255) DEFAULT NULL,
  PRIMARY KEY (`id`)
) ENGINE=InnoDB AUTO_INCREMENT=11 DEFAULT CHARSET=utf8mb4 COLLATE=utf8mb4_0900_ai_ci;
/*!40101 SET character_set_client = @saved_cs_client */;

--
-- Dumping data for table `components_property_other_features`
--

LOCK TABLES `components_property_other_features` WRITE;
/*!40000 ALTER TABLE `components_property_other_features` DISABLE KEYS */;
INSERT INTO `components_property_other_features` VALUES (1,'Chennai International Airport','5 Km'),(2,'Ambattur Railway Stations','18 Km'),(3,'Koyambedu bus stand','7 Km'),(4,'Villa Plots bang on Redhills, Sholavaram',NULL),(5,'Good water sources',NULL),(6,'30ft Tar Road',NULL),(7,'Ready to Build House',NULL),(8,'Navodhaya B.Ed College','20 minutes'),(9,'Vijay Vidhyashram School','12 minutes'),(10,'Greenwood International School','30 minutes');
/*!40000 ALTER TABLE `components_property_other_features` ENABLE KEYS */;
UNLOCK TABLES;

--
-- Table structure for table `components_property_price_structures`
--

DROP TABLE IF EXISTS `components_property_price_structures`;
/*!40101 SET @saved_cs_client     = @@character_set_client */;
/*!50503 SET character_set_client = utf8mb4 */;
CREATE TABLE `components_property_price_structures` (
  `id` int unsigned NOT NULL AUTO_INCREMENT,
  `name` varchar(255) DEFAULT NULL,
  `description` longtext,
  `value` varchar(255) DEFAULT NULL,
  PRIMARY KEY (`id`)
) ENGINE=InnoDB AUTO_INCREMENT=5 DEFAULT CHARSET=utf8mb4 COLLATE=utf8mb4_0900_ai_ci;
/*!40101 SET character_set_client = @saved_cs_client */;

--
-- Dumping data for table `components_property_price_structures`
--

LOCK TABLES `components_property_price_structures` WRITE;
/*!40000 ALTER TABLE `components_property_price_structures` DISABLE KEYS */;
/*!40000 ALTER TABLE `components_property_price_structures` ENABLE KEYS */;
UNLOCK TABLES;

--
-- Table structure for table `components_property_property_details`
--

DROP TABLE IF EXISTS `components_property_property_details`;
/*!40101 SET @saved_cs_client     = @@character_set_client */;
/*!50503 SET character_set_client = utf8mb4 */;
CREATE TABLE `components_property_property_details` (
  `id` int unsigned NOT NULL AUTO_INCREMENT,
  `name` varchar(255) DEFAULT NULL,
  `description` longtext,
  PRIMARY KEY (`id`)
) ENGINE=InnoDB AUTO_INCREMENT=32 DEFAULT CHARSET=utf8mb4 COLLATE=utf8mb4_0900_ai_ci;
/*!40101 SET character_set_client = @saved_cs_client */;

--
-- Dumping data for table `components_property_property_details`
--

LOCK TABLES `components_property_property_details` WRITE;
/*!40000 ALTER TABLE `components_property_property_details` DISABLE KEYS */;
INSERT INTO `components_property_property_details` VALUES (2,'Project Location','<p>Sholinganallur, Chennai</p>'),(3,'Total Land Area','<p>4.87 Acres</p>'),(4,'No. of Units','<p>331 Apartments</p>'),(5,'Towers and Blocks','<p>4 Blocks<br>B + S + 19 Floors</p>'),(6,'Unit Variants','<p>2,3,4 BHK</p>'),(7,'Possession Time','<p>Sept 2025 Onwards</p>'),(8,'Project Location','<p>Sholinganallur,<br>Chennai</p>'),(9,'Total Land Area','<p>4.87 Acres</p>'),(10,'No. of Units','<p>331 Apartments</p>'),(11,'Towers and Blocks','<p>4 Blocks<br>B + S + 19 Floors</p>'),(12,'Unit Variants','<p>2,3,4 BHK</p>'),(13,'Possession Time','<p>Sept 2025 Onwards</p>');
/*!40000 ALTER TABLE `components_property_property_details` ENABLE KEYS */;
UNLOCK TABLES;

--
-- Table structure for table `components_property_unit_details`
--

DROP TABLE IF EXISTS `components_property_unit_details`;
/*!40101 SET @saved_cs_client     = @@character_set_client */;
/*!50503 SET character_set_client = utf8mb4 */;
CREATE TABLE `components_property_unit_details` (
  `id` int unsigned NOT NULL AUTO_INCREMENT,
  `unit_type` varchar(255) DEFAULT NULL,
  `saleable_area` varchar(255) DEFAULT NULL,
  `rera_carpet_area` varchar(255) DEFAULT NULL,
  PRIMARY KEY (`id`)
) ENGINE=InnoDB AUTO_INCREMENT=40 DEFAULT CHARSET=utf8mb4 COLLATE=utf8mb4_0900_ai_ci;
/*!40101 SET character_set_client = @saved_cs_client */;

--
-- Dumping data for table `components_property_unit_details`
--

LOCK TABLES `components_property_unit_details` WRITE;
/*!40000 ALTER TABLE `components_property_unit_details` DISABLE KEYS */;
INSERT INTO `components_property_unit_details` VALUES (1,'2 BHK','1291 Sq.Ft','834 Sq.Ft'),(2,'2.5 BHK','1576 Sq.Ft','1025 Sq.Ft'),(3,'3 BHK','1701 Sq.Ft','1119 Sq.Ft'),(4,'1 BHK','598 Sq.Ft','444 Sq.Ft'),(5,'2 BHK','867 Sq.Ft','641 Sq.Ft'),(6,'3 Bhk','1222 Sq.Ft','904 Sq.Ft'),(7,'2BHK','782 Sq.ft','Will be Update'),(8,'3BHK','1359 Sq.ft','Will be Update'),(9,'2 BHK','1291 Sq.Ft','834 Sq.Ft'),(10,'2.5 BHK','1576 Sq.Ft','1025 Sq.Ft'),(11,'3 BHK','1701 Sq.Ft','1119 Sq.Ft'),(12,'2 BHK','1291 Sq.Ft','834 Sq.Ft'),(13,'2.5 BHK','1576 Sq.Ft','1025 Sq.Ft'),(14,'3 BHK','1701 Sq.Ft','1119 Sq.Ft'),(15,'2 BHK','1291 Sq.Ft','834 Sq.Ft'),(16,'2.5 BHK','1576 Sq.Ft','1025 Sq.Ft'),(17,'3 BHK','1701 Sq.Ft','1119 Sq.Ft'),(18,'2 BHK','1291 Sq.Ft','834 Sq.Ft'),(19,'2.5 BHK','1576 Sq.Ft','1025 Sq.Ft'),(20,'3 BHK','1701 Sq.Ft','1119 Sq.Ft'),(21,'2 BHK','1291 Sq.Ft','834 Sq.Ft'),(22,'2.5 BHK','1576 Sq.Ft','1025 Sq.Ft'),(23,'3 BHK','1701 Sq.Ft','1119 Sq.Ft'),(24,'2 BHK','1291 Sq.Ft','834 Sq.Ft'),(25,'2.5 BHK','1576 Sq.Ft','1025 Sq.Ft'),(26,'3 BHK','1701 Sq.Ft','1119 Sq.Ft'),(27,'2BHK','782 Sq.ft','Will be Update'),(28,'3BHK','1359 Sq.ft','Will be Update'),(29,'1 BHK','598 Sq.Ft','444 Sq.Ft'),(30,'2 BHK','867 Sq.Ft','641 Sq.Ft'),(31,'3 Bhk','1222 Sq.Ft','904 Sq.Ft'),(32,'Floor Plan','2133 Sq.Ft','1493 Sq.Ft'),(33,'3 BHK','2601 Sq.Ft','1821 Sq.Ft'),(34,'4 BHK','3681 Sq.Ft','2577 Sq.Ft'),(35,'2 BHK','1291 Sq.Ft','834 Sq.Ft'),(36,'3 BHK','1701 Sq.Ft','1119 Sq.Ft'),(37,'2 BHK','1291 Sq.Ft','834 Sq.Ft'),(38,'3 BHK','1119 Sq.Ft','1701 Sq.Ft'),(39,'2 BHK','1000 Sq.Ft','800 Sq.Ft');
/*!40000 ALTER TABLE `components_property_unit_details` ENABLE KEYS */;
UNLOCK TABLES;

--
-- Table structure for table `components_site_config_footer_menu_links`
--

DROP TABLE IF EXISTS `components_site_config_footer_menu_links`;
/*!40101 SET @saved_cs_client     = @@character_set_client */;
/*!50503 SET character_set_client = utf8mb4 */;
CREATE TABLE `components_site_config_footer_menu_links` (
  `id` int unsigned NOT NULL AUTO_INCREMENT,
  `separator` varchar(255) DEFAULT NULL,
  PRIMARY KEY (`id`)
) ENGINE=InnoDB AUTO_INCREMENT=14 DEFAULT CHARSET=utf8mb4 COLLATE=utf8mb4_0900_ai_ci;
/*!40101 SET character_set_client = @saved_cs_client */;

--
-- Dumping data for table `components_site_config_footer_menu_links`
--

LOCK TABLES `components_site_config_footer_menu_links` WRITE;
/*!40000 ALTER TABLE `components_site_config_footer_menu_links` DISABLE KEYS */;
INSERT INTO `components_site_config_footer_menu_links` VALUES (10,'Home'),(11,'About'),(12,'Career'),(13,'Contact');
/*!40000 ALTER TABLE `components_site_config_footer_menu_links` ENABLE KEYS */;
UNLOCK TABLES;

--
-- Table structure for table `components_site_config_footer_menu_links_link_links`
--

DROP TABLE IF EXISTS `components_site_config_footer_menu_links_link_links`;
/*!40101 SET @saved_cs_client     = @@character_set_client */;
/*!50503 SET character_set_client = utf8mb4 */;
CREATE TABLE `components_site_config_footer_menu_links_link_links` (
  `id` int unsigned NOT NULL AUTO_INCREMENT,
  `footer_menu_links_id` int unsigned DEFAULT NULL,
  `menu_id` int unsigned DEFAULT NULL,
  PRIMARY KEY (`id`),
  UNIQUE KEY `components_site_config_footer_menu_links_link_links_unique` (`footer_menu_links_id`,`menu_id`),
  KEY `components_site_config_footer_menu_links_link_links_fk` (`footer_menu_links_id`),
  KEY `components_site_config_footer_menu_links_link_links_inv_fk` (`menu_id`),
  CONSTRAINT `components_site_config_footer_menu_links_link_links_fk` FOREIGN KEY (`footer_menu_links_id`) REFERENCES `components_site_config_footer_menu_links` (`id`) ON DELETE CASCADE,
  CONSTRAINT `components_site_config_footer_menu_links_link_links_inv_fk` FOREIGN KEY (`menu_id`) REFERENCES `menus` (`id`) ON DELETE CASCADE
) ENGINE=InnoDB AUTO_INCREMENT=14 DEFAULT CHARSET=utf8mb4 COLLATE=utf8mb4_0900_ai_ci;
/*!40101 SET character_set_client = @saved_cs_client */;

--
-- Dumping data for table `components_site_config_footer_menu_links_link_links`
--

LOCK TABLES `components_site_config_footer_menu_links_link_links` WRITE;
/*!40000 ALTER TABLE `components_site_config_footer_menu_links_link_links` DISABLE KEYS */;
INSERT INTO `components_site_config_footer_menu_links_link_links` VALUES (10,10,2),(11,11,3),(12,12,15),(13,13,4);
/*!40000 ALTER TABLE `components_site_config_footer_menu_links_link_links` ENABLE KEYS */;
UNLOCK TABLES;

--
-- Table structure for table `components_site_config_social_links`
--

DROP TABLE IF EXISTS `components_site_config_social_links`;
/*!40101 SET @saved_cs_client     = @@character_set_client */;
/*!50503 SET character_set_client = utf8mb4 */;
CREATE TABLE `components_site_config_social_links` (
  `id` int unsigned NOT NULL AUTO_INCREMENT,
  `name` varchar(255) DEFAULT NULL,
  `icon` varchar(255) DEFAULT NULL,
  `link` varchar(255) DEFAULT NULL,
  PRIMARY KEY (`id`)
) ENGINE=InnoDB AUTO_INCREMENT=5 DEFAULT CHARSET=utf8mb4 COLLATE=utf8mb4_0900_ai_ci;
/*!40101 SET character_set_client = @saved_cs_client */;

--
-- Dumping data for table `components_site_config_social_links`
--

LOCK TABLES `components_site_config_social_links` WRITE;
/*!40000 ALTER TABLE `components_site_config_social_links` DISABLE KEYS */;
INSERT INTO `components_site_config_social_links` VALUES (1,'Facebook','fa fa-facebook','https://www.facebook.com/fullbasketpropertypage/'),(2,'Twitter','fa fa-twitter','https://twitter.com/FBPTweets/'),(3,'Youtube','fa fa-youtube','https://www.youtube.com'),(4,'Instagram','fa fa-instagram','https://www.instagram.com/full_basket_property/');
/*!40000 ALTER TABLE `components_site_config_social_links` ENABLE KEYS */;
UNLOCK TABLES;

--
-- Table structure for table `contact_modules`
--

DROP TABLE IF EXISTS `contact_modules`;
/*!40101 SET @saved_cs_client     = @@character_set_client */;
/*!50503 SET character_set_client = utf8mb4 */;
CREATE TABLE `contact_modules` (
  `id` int unsigned NOT NULL AUTO_INCREMENT,
  `name` varchar(255) DEFAULT NULL,
  `message` longtext,
  `created_at` datetime(6) DEFAULT NULL,
  `updated_at` datetime(6) DEFAULT NULL,
  `published_at` datetime(6) DEFAULT NULL,
  `created_by_id` int unsigned DEFAULT NULL,
  `updated_by_id` int unsigned DEFAULT NULL,
  `phone_number` varchar(255) DEFAULT NULL,
  PRIMARY KEY (`id`),
  KEY `contact_modules_created_by_id_fk` (`created_by_id`),
  KEY `contact_modules_updated_by_id_fk` (`updated_by_id`),
  CONSTRAINT `contact_modules_created_by_id_fk` FOREIGN KEY (`created_by_id`) REFERENCES `admin_users` (`id`) ON DELETE SET NULL,
  CONSTRAINT `contact_modules_updated_by_id_fk` FOREIGN KEY (`updated_by_id`) REFERENCES `admin_users` (`id`) ON DELETE SET NULL
) ENGINE=InnoDB AUTO_INCREMENT=2 DEFAULT CHARSET=utf8mb4 COLLATE=utf8mb4_0900_ai_ci;
/*!40101 SET character_set_client = @saved_cs_client */;

--
-- Dumping data for table `contact_modules`
--

LOCK TABLES `contact_modules` WRITE;
/*!40000 ALTER TABLE `contact_modules` DISABLE KEYS */;
INSERT INTO `contact_modules` VALUES (1,'Contact Us','<h4>PLEASE CALL ME AND BOOK YOUR DREAM HOME</h4><h5>Ready to Move</h5>','2023-10-20 14:11:28.094000','2023-10-20 15:33:18.305000','2023-10-20 14:11:30.187000',1,1,'9944893484');
/*!40000 ALTER TABLE `contact_modules` ENABLE KEYS */;
UNLOCK TABLES;

--
-- Table structure for table `email_templates`
--

DROP TABLE IF EXISTS `email_templates`;
/*!40101 SET @saved_cs_client     = @@character_set_client */;
/*!50503 SET character_set_client = utf8mb4 */;
CREATE TABLE `email_templates` (
  `id` int unsigned NOT NULL AUTO_INCREMENT,
  `subject` varchar(255) DEFAULT NULL,
  `to` varchar(255) DEFAULT NULL,
  `from` varchar(255) DEFAULT NULL,
  `template_name` varchar(255) DEFAULT NULL,
  `created_at` datetime(6) DEFAULT NULL,
  `updated_at` datetime(6) DEFAULT NULL,
  `published_at` datetime(6) DEFAULT NULL,
  `created_by_id` int unsigned DEFAULT NULL,
  `updated_by_id` int unsigned DEFAULT NULL,
  `message` longtext,
  `alias` varchar(255) DEFAULT NULL,
  PRIMARY KEY (`id`),
  UNIQUE KEY `email_templates_alias_unique` (`alias`),
  KEY `email_templates_created_by_id_fk` (`created_by_id`),
  KEY `email_templates_updated_by_id_fk` (`updated_by_id`),
  CONSTRAINT `email_templates_created_by_id_fk` FOREIGN KEY (`created_by_id`) REFERENCES `admin_users` (`id`) ON DELETE SET NULL,
  CONSTRAINT `email_templates_updated_by_id_fk` FOREIGN KEY (`updated_by_id`) REFERENCES `admin_users` (`id`) ON DELETE SET NULL
) ENGINE=InnoDB AUTO_INCREMENT=2 DEFAULT CHARSET=utf8mb4 COLLATE=utf8mb4_0900_ai_ci;
/*!40101 SET character_set_client = @saved_cs_client */;

--
-- Dumping data for table `email_templates`
--

LOCK TABLES `email_templates` WRITE;
/*!40000 ALTER TABLE `email_templates` DISABLE KEYS */;
INSERT INTO `email_templates` VALUES (1,'Property Enquiry - $PROPERTYNAME$','devs@fullbasketproperty.com',NULL,'Propery_Enquiry','2023-11-24 08:20:03.448000','2023-12-22 14:19:44.384000','2023-11-24 08:20:06.508000',1,1,'<p style=\"text-align:left;\">Hi Team,</p><p style=\"text-align:left;\">Property - General Enquiry&nbsp;&nbsp;<br><br>The following person enquired about this property. Please call them to confirm their appointment.</p><p style=\"text-align:left;\">Name: $NAME$</p><p style=\"text-align:left;\">Email: $EMAIL$</p><p style=\"text-align:left;\">Phone Number: $PHONE$</p><p style=\"text-align:left;\">Property: $PROPERTYLINK$</p><p>&nbsp;</p><p>Thanks</p>','propery-enquiry');
/*!40000 ALTER TABLE `email_templates` ENABLE KEYS */;
UNLOCK TABLES;

--
-- Table structure for table `files`
--

DROP TABLE IF EXISTS `files`;
/*!40101 SET @saved_cs_client     = @@character_set_client */;
/*!50503 SET character_set_client = utf8mb4 */;
CREATE TABLE `files` (
  `id` int unsigned NOT NULL AUTO_INCREMENT,
  `name` varchar(255) DEFAULT NULL,
  `alternative_text` varchar(255) DEFAULT NULL,
  `caption` varchar(255) DEFAULT NULL,
  `width` int DEFAULT NULL,
  `height` int DEFAULT NULL,
  `formats` json DEFAULT NULL,
  `hash` varchar(255) DEFAULT NULL,
  `ext` varchar(255) DEFAULT NULL,
  `mime` varchar(255) DEFAULT NULL,
  `size` decimal(10,2) DEFAULT NULL,
  `url` varchar(255) DEFAULT NULL,
  `preview_url` varchar(255) DEFAULT NULL,
  `provider` varchar(255) DEFAULT NULL,
  `provider_metadata` json DEFAULT NULL,
  `folder_path` varchar(255) DEFAULT NULL,
  `created_at` datetime(6) DEFAULT NULL,
  `updated_at` datetime(6) DEFAULT NULL,
  `created_by_id` int unsigned DEFAULT NULL,
  `updated_by_id` int unsigned DEFAULT NULL,
  PRIMARY KEY (`id`),
  KEY `upload_files_folder_path_index` (`folder_path`),
  KEY `upload_files_created_at_index` (`created_at`),
  KEY `upload_files_updated_at_index` (`updated_at`),
  KEY `upload_files_name_index` (`name`),
  KEY `upload_files_size_index` (`size`),
  KEY `upload_files_ext_index` (`ext`),
  KEY `files_created_by_id_fk` (`created_by_id`),
  KEY `files_updated_by_id_fk` (`updated_by_id`),
  CONSTRAINT `files_created_by_id_fk` FOREIGN KEY (`created_by_id`) REFERENCES `admin_users` (`id`) ON DELETE SET NULL,
  CONSTRAINT `files_updated_by_id_fk` FOREIGN KEY (`updated_by_id`) REFERENCES `admin_users` (`id`) ON DELETE SET NULL
) ENGINE=InnoDB AUTO_INCREMENT=262 DEFAULT CHARSET=utf8mb4 COLLATE=utf8mb4_0900_ai_ci;
/*!40101 SET character_set_client = @saved_cs_client */;

--
-- Dumping data for table `files`
--

LOCK TABLES `files` WRITE;
/*!40000 ALTER TABLE `files` DISABLE KEYS */;
INSERT INTO `files` VALUES (118,'fbp_logo_white.svg',NULL,NULL,178,100,NULL,'fbp_logo_white_da1b5ab99a','.svg','image/svg+xml',31.28,'/uploads/fbp_logo_white_da1b5ab99a.svg',NULL,'local',NULL,'/2','2023-11-15 13:15:04.242000','2023-11-15 13:15:04.242000',1,1),(120,'istockphoto-518256134-1024x1024.jpg',NULL,NULL,1024,682,'{\"large\": {\"ext\": \".jpg\", \"url\": \"/uploads/large_istockphoto_518256134_1024x1024_52e5b629b8.jpg\", \"hash\": \"large_istockphoto_518256134_1024x1024_52e5b629b8\", \"mime\": \"image/jpeg\", \"name\": \"large_istockphoto-518256134-1024x1024.jpg\", \"path\": null, \"size\": 102.21, \"width\": 1000, \"height\": 666}, \"small\": {\"ext\": \".jpg\", \"url\": \"/uploads/small_istockphoto_518256134_1024x1024_52e5b629b8.jpg\", \"hash\": \"small_istockphoto_518256134_1024x1024_52e5b629b8\", \"mime\": \"image/jpeg\", \"name\": \"small_istockphoto-518256134-1024x1024.jpg\", \"path\": null, \"size\": 30.7, \"width\": 500, \"height\": 333}, \"medium\": {\"ext\": \".jpg\", \"url\": \"/uploads/medium_istockphoto_518256134_1024x1024_52e5b629b8.jpg\", \"hash\": \"medium_istockphoto_518256134_1024x1024_52e5b629b8\", \"mime\": \"image/jpeg\", \"name\": \"medium_istockphoto-518256134-1024x1024.jpg\", \"path\": null, \"size\": 61.89, \"width\": 750, \"height\": 500}, \"thumbnail\": {\"ext\": \".jpg\", \"url\": \"/uploads/thumbnail_istockphoto_518256134_1024x1024_52e5b629b8.jpg\", \"hash\": \"thumbnail_istockphoto_518256134_1024x1024_52e5b629b8\", \"mime\": \"image/jpeg\", \"name\": \"thumbnail_istockphoto-518256134-1024x1024.jpg\", \"path\": null, \"size\": 8.92, \"width\": 234, \"height\": 156}}','istockphoto_518256134_1024x1024_52e5b629b8','.jpg','image/jpeg',109.51,'/uploads/istockphoto_518256134_1024x1024_52e5b629b8.jpg',NULL,'local',NULL,'/4','2023-11-15 18:59:07.361000','2023-11-15 18:59:07.361000',1,1),(122,'istockphoto-1396387056-1024x1024.jpg',NULL,NULL,1024,576,'{\"large\": {\"ext\": \".jpg\", \"url\": \"/uploads/large_istockphoto_1396387056_1024x1024_d66e98e9c0.jpg\", \"hash\": \"large_istockphoto_1396387056_1024x1024_d66e98e9c0\", \"mime\": \"image/jpeg\", \"name\": \"large_istockphoto-1396387056-1024x1024.jpg\", \"path\": null, \"size\": 107.55, \"width\": 1000, \"height\": 563}, \"small\": {\"ext\": \".jpg\", \"url\": \"/uploads/small_istockphoto_1396387056_1024x1024_d66e98e9c0.jpg\", \"hash\": \"small_istockphoto_1396387056_1024x1024_d66e98e9c0\", \"mime\": \"image/jpeg\", \"name\": \"small_istockphoto-1396387056-1024x1024.jpg\", \"path\": null, \"size\": 31.71, \"width\": 500, \"height\": 281}, \"medium\": {\"ext\": \".jpg\", \"url\": \"/uploads/medium_istockphoto_1396387056_1024x1024_d66e98e9c0.jpg\", \"hash\": \"medium_istockphoto_1396387056_1024x1024_d66e98e9c0\", \"mime\": \"image/jpeg\", \"name\": \"medium_istockphoto-1396387056-1024x1024.jpg\", \"path\": null, \"size\": 65.11, \"width\": 750, \"height\": 422}, \"thumbnail\": {\"ext\": \".jpg\", \"url\": \"/uploads/thumbnail_istockphoto_1396387056_1024x1024_d66e98e9c0.jpg\", \"hash\": \"thumbnail_istockphoto_1396387056_1024x1024_d66e98e9c0\", \"mime\": \"image/jpeg\", \"name\": \"thumbnail_istockphoto-1396387056-1024x1024.jpg\", \"path\": null, \"size\": 9.15, \"width\": 245, \"height\": 138}}','istockphoto_1396387056_1024x1024_d66e98e9c0','.jpg','image/jpeg',113.81,'/uploads/istockphoto_1396387056_1024x1024_d66e98e9c0.jpg',NULL,'local',NULL,'/4','2023-11-15 18:59:07.536000','2023-11-15 18:59:07.536000',1,1),(124,'istockphoto-92317684-1024x1024.jpg',NULL,NULL,640,441,'{\"small\": {\"ext\": \".jpg\", \"url\": \"/uploads/small_istockphoto_92317684_1024x1024_0e15729377.jpg\", \"hash\": \"small_istockphoto_92317684_1024x1024_0e15729377\", \"mime\": \"image/jpeg\", \"name\": \"small_istockphoto-92317684-1024x1024.jpg\", \"path\": null, \"size\": 39.75, \"width\": 500, \"height\": 345}, \"thumbnail\": {\"ext\": \".jpg\", \"url\": \"/uploads/thumbnail_istockphoto_92317684_1024x1024_0e15729377.jpg\", \"hash\": \"thumbnail_istockphoto_92317684_1024x1024_0e15729377\", \"mime\": \"image/jpeg\", \"name\": \"thumbnail_istockphoto-92317684-1024x1024.jpg\", \"path\": null, \"size\": 9.86, \"width\": 226, \"height\": 156}}','istockphoto_92317684_1024x1024_0e15729377','.jpg','image/jpeg',61.06,'/uploads/istockphoto_92317684_1024x1024_0e15729377.jpg',NULL,'local',NULL,'/4','2023-11-15 19:48:39.292000','2023-11-15 19:48:39.292000',1,1),(125,'istockphoto-1396387056-1024x1024.jpg',NULL,NULL,642,460,'{\"small\": {\"ext\": \".jpg\", \"url\": \"/uploads/small_istockphoto_1396387056_1024x1024_7d0367ec15.jpg\", \"hash\": \"small_istockphoto_1396387056_1024x1024_7d0367ec15\", \"mime\": \"image/jpeg\", \"name\": \"small_istockphoto-1396387056-1024x1024.jpg\", \"path\": null, \"size\": 42.92, \"width\": 500, \"height\": 358}, \"thumbnail\": {\"ext\": \".jpg\", \"url\": \"/uploads/thumbnail_istockphoto_1396387056_1024x1024_7d0367ec15.jpg\", \"hash\": \"thumbnail_istockphoto_1396387056_1024x1024_7d0367ec15\", \"mime\": \"image/jpeg\", \"name\": \"thumbnail_istockphoto-1396387056-1024x1024.jpg\", \"path\": null, \"size\": 10.43, \"width\": 218, \"height\": 156}}','istockphoto_1396387056_1024x1024_7d0367ec15','.jpg','image/jpeg',67.01,'/uploads/istockphoto_1396387056_1024x1024_7d0367ec15.jpg',NULL,'local',NULL,'/4','2023-11-15 19:49:57.875000','2023-11-15 19:49:57.875000',1,1),(127,'video_bg.jpg',NULL,NULL,1923,443,'{\"large\": {\"ext\": \".jpg\", \"url\": \"/uploads/large_video_bg_70c20fa6d5.jpg\", \"hash\": \"large_video_bg_70c20fa6d5\", \"mime\": \"image/jpeg\", \"name\": \"large_video_bg.jpg\", \"path\": null, \"size\": 46.47, \"width\": 1000, \"height\": 230}, \"small\": {\"ext\": \".jpg\", \"url\": \"/uploads/small_video_bg_70c20fa6d5.jpg\", \"hash\": \"small_video_bg_70c20fa6d5\", \"mime\": \"image/jpeg\", \"name\": \"small_video_bg.jpg\", \"path\": null, \"size\": 14.65, \"width\": 500, \"height\": 115}, \"medium\": {\"ext\": \".jpg\", \"url\": \"/uploads/medium_video_bg_70c20fa6d5.jpg\", \"hash\": \"medium_video_bg_70c20fa6d5\", \"mime\": \"image/jpeg\", \"name\": \"medium_video_bg.jpg\", \"path\": null, \"size\": 28.93, \"width\": 750, \"height\": 173}, \"thumbnail\": {\"ext\": \".jpg\", \"url\": \"/uploads/thumbnail_video_bg_70c20fa6d5.jpg\", \"hash\": \"thumbnail_video_bg_70c20fa6d5\", \"mime\": \"image/jpeg\", \"name\": \"thumbnail_video_bg.jpg\", \"path\": null, \"size\": 4.36, \"width\": 245, \"height\": 56}}','video_bg_70c20fa6d5','.jpg','image/jpeg',135.31,'/uploads/video_bg_70c20fa6d5.jpg',NULL,'local',NULL,'/','2023-11-16 14:20:29.253000','2023-11-16 14:20:29.253000',1,1),(128,'RUPESH KUMAR.png',NULL,NULL,60,60,NULL,'RUPESH_KUMAR_5d5e8e3999','.png','image/png',3.63,'/uploads/RUPESH_KUMAR_5d5e8e3999.png',NULL,'local',NULL,'/7','2023-11-16 14:36:04.543000','2023-11-16 14:36:04.543000',1,1),(129,'ANSHU BANSAL.png',NULL,NULL,60,60,NULL,'ANSHU_BANSAL_1cb035c58d','.png','image/png',3.91,'/uploads/ANSHU_BANSAL_1cb035c58d.png',NULL,'local',NULL,'/7','2023-11-16 14:37:50.560000','2023-11-16 14:37:50.560000',1,1),(130,'Renju George.png',NULL,NULL,60,60,NULL,'Renju_George_64725fe5d2','.png','image/png',3.74,'/uploads/Renju_George_64725fe5d2.png',NULL,'local',NULL,'/7','2023-11-16 14:40:05.769000','2023-11-16 14:40:05.769000',1,1),(131,'childern_day.jpg',NULL,NULL,1080,1080,'{\"large\": {\"ext\": \".jpg\", \"url\": \"/uploads/large_childern_day_87108bf0af.jpg\", \"hash\": \"large_childern_day_87108bf0af\", \"mime\": \"image/jpeg\", \"name\": \"large_childern_day.jpg\", \"path\": null, \"size\": 92.87, \"width\": 1000, \"height\": 1000}, \"small\": {\"ext\": \".jpg\", \"url\": \"/uploads/small_childern_day_87108bf0af.jpg\", \"hash\": \"small_childern_day_87108bf0af\", \"mime\": \"image/jpeg\", \"name\": \"small_childern_day.jpg\", \"path\": null, \"size\": 37.22, \"width\": 500, \"height\": 500}, \"medium\": {\"ext\": \".jpg\", \"url\": \"/uploads/medium_childern_day_87108bf0af.jpg\", \"hash\": \"medium_childern_day_87108bf0af\", \"mime\": \"image/jpeg\", \"name\": \"medium_childern_day.jpg\", \"path\": null, \"size\": 63.6, \"width\": 750, \"height\": 750}, \"thumbnail\": {\"ext\": \".jpg\", \"url\": \"/uploads/thumbnail_childern_day_87108bf0af.jpg\", \"hash\": \"thumbnail_childern_day_87108bf0af\", \"mime\": \"image/jpeg\", \"name\": \"thumbnail_childern_day.jpg\", \"path\": null, \"size\": 6.65, \"width\": 156, \"height\": 156}}','childern_day_87108bf0af','.jpg','image/jpeg',91.40,'/uploads/childern_day_87108bf0af.jpg',NULL,'local',NULL,'/8','2023-11-16 17:42:07.073000','2023-11-16 17:42:07.073000',1,1),(132,'Diwali.jpg',NULL,NULL,1080,1080,'{\"large\": {\"ext\": \".jpg\", \"url\": \"/uploads/large_Diwali_6d1820d02c.jpg\", \"hash\": \"large_Diwali_6d1820d02c\", \"mime\": \"image/jpeg\", \"name\": \"large_Diwali.jpg\", \"path\": null, \"size\": 138.49, \"width\": 1000, \"height\": 1000}, \"small\": {\"ext\": \".jpg\", \"url\": \"/uploads/small_Diwali_6d1820d02c.jpg\", \"hash\": \"small_Diwali_6d1820d02c\", \"mime\": \"image/jpeg\", \"name\": \"small_Diwali.jpg\", \"path\": null, \"size\": 50.84, \"width\": 500, \"height\": 500}, \"medium\": {\"ext\": \".jpg\", \"url\": \"/uploads/medium_Diwali_6d1820d02c.jpg\", \"hash\": \"medium_Diwali_6d1820d02c\", \"mime\": \"image/jpeg\", \"name\": \"medium_Diwali.jpg\", \"path\": null, \"size\": 91.72, \"width\": 750, \"height\": 750}, \"thumbnail\": {\"ext\": \".jpg\", \"url\": \"/uploads/thumbnail_Diwali_6d1820d02c.jpg\", \"hash\": \"thumbnail_Diwali_6d1820d02c\", \"mime\": \"image/jpeg\", \"name\": \"thumbnail_Diwali.jpg\", \"path\": null, \"size\": 7.73, \"width\": 156, \"height\": 156}}','Diwali_6d1820d02c','.jpg','image/jpeg',142.94,'/uploads/Diwali_6d1820d02c.jpg',NULL,'local',NULL,'/8','2023-11-16 17:43:40.467000','2023-11-16 17:43:40.467000',1,1),(133,'dedeep.jpg',NULL,NULL,595,842,'{\"small\": {\"ext\": \".jpg\", \"url\": \"/uploads/small_dedeep_4a726065e8.jpg\", \"hash\": \"small_dedeep_4a726065e8\", \"mime\": \"image/jpeg\", \"name\": \"small_dedeep.jpg\", \"path\": null, \"size\": 35.66, \"width\": 353, \"height\": 500}, \"medium\": {\"ext\": \".jpg\", \"url\": \"/uploads/medium_dedeep_4a726065e8.jpg\", \"hash\": \"medium_dedeep_4a726065e8\", \"mime\": \"image/jpeg\", \"name\": \"medium_dedeep.jpg\", \"path\": null, \"size\": 67.02, \"width\": 530, \"height\": 750}, \"thumbnail\": {\"ext\": \".jpg\", \"url\": \"/uploads/thumbnail_dedeep_4a726065e8.jpg\", \"hash\": \"thumbnail_dedeep_4a726065e8\", \"mime\": \"image/jpeg\", \"name\": \"thumbnail_dedeep.jpg\", \"path\": null, \"size\": 5.17, \"width\": 110, \"height\": 156}}','dedeep_4a726065e8','.jpg','image/jpeg',75.46,'/uploads/dedeep_4a726065e8.jpg',NULL,'local',NULL,'/8','2023-11-16 17:55:24.425000','2023-11-16 17:55:24.425000',1,1),(134,'swrendra.jpg',NULL,NULL,1080,1080,'{\"large\": {\"ext\": \".jpg\", \"url\": \"/uploads/large_swrendra_9c1bd8a0d7.jpg\", \"hash\": \"large_swrendra_9c1bd8a0d7\", \"mime\": \"image/jpeg\", \"name\": \"large_swrendra.jpg\", \"path\": null, \"size\": 119.26, \"width\": 1000, \"height\": 1000}, \"small\": {\"ext\": \".jpg\", \"url\": \"/uploads/small_swrendra_9c1bd8a0d7.jpg\", \"hash\": \"small_swrendra_9c1bd8a0d7\", \"mime\": \"image/jpeg\", \"name\": \"small_swrendra.jpg\", \"path\": null, \"size\": 44.18, \"width\": 500, \"height\": 500}, \"medium\": {\"ext\": \".jpg\", \"url\": \"/uploads/medium_swrendra_9c1bd8a0d7.jpg\", \"hash\": \"medium_swrendra_9c1bd8a0d7\", \"mime\": \"image/jpeg\", \"name\": \"medium_swrendra.jpg\", \"path\": null, \"size\": 79.92, \"width\": 750, \"height\": 750}, \"thumbnail\": {\"ext\": \".jpg\", \"url\": \"/uploads/thumbnail_swrendra_9c1bd8a0d7.jpg\", \"hash\": \"thumbnail_swrendra_9c1bd8a0d7\", \"mime\": \"image/jpeg\", \"name\": \"thumbnail_swrendra.jpg\", \"path\": null, \"size\": 6.74, \"width\": 156, \"height\": 156}}','swrendra_9c1bd8a0d7','.jpg','image/jpeg',126.38,'/uploads/swrendra_9c1bd8a0d7.jpg',NULL,'local',NULL,'/8','2023-11-16 17:58:33.427000','2023-11-16 17:58:33.427000',1,1),(135,'Balcony-view-Casagrand-Cloud9.webp',NULL,NULL,922,518,'{\"small\": {\"ext\": \".webp\", \"url\": \"/uploads/small_Balcony_view_Casagrand_Cloud9_0506e7803a.webp\", \"hash\": \"small_Balcony_view_Casagrand_Cloud9_0506e7803a\", \"mime\": \"image/webp\", \"name\": \"small_Balcony-view-Casagrand-Cloud9.webp\", \"path\": null, \"size\": 26.97, \"width\": 500, \"height\": 281}, \"medium\": {\"ext\": \".webp\", \"url\": \"/uploads/medium_Balcony_view_Casagrand_Cloud9_0506e7803a.webp\", \"hash\": \"medium_Balcony_view_Casagrand_Cloud9_0506e7803a\", \"mime\": \"image/webp\", \"name\": \"medium_Balcony-view-Casagrand-Cloud9.webp\", \"path\": null, \"size\": 48.31, \"width\": 750, \"height\": 421}, \"thumbnail\": {\"ext\": \".webp\", \"url\": \"/uploads/thumbnail_Balcony_view_Casagrand_Cloud9_0506e7803a.webp\", \"hash\": \"thumbnail_Balcony_view_Casagrand_Cloud9_0506e7803a\", \"mime\": \"image/webp\", \"name\": \"thumbnail_Balcony-view-Casagrand-Cloud9.webp\", \"path\": null, \"size\": 8.4, \"width\": 245, \"height\": 138}}','Balcony_view_Casagrand_Cloud9_0506e7803a','.webp','image/webp',79.83,'/uploads/Balcony_view_Casagrand_Cloud9_0506e7803a.webp',NULL,'local',NULL,'/5/9','2023-11-17 09:03:04.431000','2023-11-17 09:03:04.431000',1,1),(136,'Swimming-Pool-A-Casagrand-Cloud9.jpg',NULL,NULL,922,518,'{\"small\": {\"ext\": \".jpg\", \"url\": \"/uploads/small_Swimming_Pool_A_Casagrand_Cloud9_8bd9709829.jpg\", \"hash\": \"small_Swimming_Pool_A_Casagrand_Cloud9_8bd9709829\", \"mime\": \"image/jpeg\", \"name\": \"small_Swimming-Pool-A-Casagrand-Cloud9.jpg\", \"path\": null, \"size\": 39.7, \"width\": 500, \"height\": 281}, \"medium\": {\"ext\": \".jpg\", \"url\": \"/uploads/medium_Swimming_Pool_A_Casagrand_Cloud9_8bd9709829.jpg\", \"hash\": \"medium_Swimming_Pool_A_Casagrand_Cloud9_8bd9709829\", \"mime\": \"image/jpeg\", \"name\": \"medium_Swimming-Pool-A-Casagrand-Cloud9.jpg\", \"path\": null, \"size\": 80.58, \"width\": 750, \"height\": 421}, \"thumbnail\": {\"ext\": \".jpg\", \"url\": \"/uploads/thumbnail_Swimming_Pool_A_Casagrand_Cloud9_8bd9709829.jpg\", \"hash\": \"thumbnail_Swimming_Pool_A_Casagrand_Cloud9_8bd9709829\", \"mime\": \"image/jpeg\", \"name\": \"thumbnail_Swimming-Pool-A-Casagrand-Cloud9.jpg\", \"path\": null, \"size\": 11.48, \"width\": 245, \"height\": 138}}','Swimming_Pool_A_Casagrand_Cloud9_8bd9709829','.jpg','image/jpeg',104.92,'/uploads/Swimming_Pool_A_Casagrand_Cloud9_8bd9709829.jpg',NULL,'local',NULL,'/5/9','2023-11-17 09:03:04.696000','2023-11-17 09:03:04.696000',1,1),(137,'Podium-Casagrand-Cloud9.jpg',NULL,NULL,922,518,'{\"small\": {\"ext\": \".jpg\", \"url\": \"/uploads/small_Podium_Casagrand_Cloud9_311a22bb4e.jpg\", \"hash\": \"small_Podium_Casagrand_Cloud9_311a22bb4e\", \"mime\": \"image/jpeg\", \"name\": \"small_Podium-Casagrand-Cloud9.jpg\", \"path\": null, \"size\": 38.85, \"width\": 500, \"height\": 281}, \"medium\": {\"ext\": \".jpg\", \"url\": \"/uploads/medium_Podium_Casagrand_Cloud9_311a22bb4e.jpg\", \"hash\": \"medium_Podium_Casagrand_Cloud9_311a22bb4e\", \"mime\": \"image/jpeg\", \"name\": \"medium_Podium-Casagrand-Cloud9.jpg\", \"path\": null, \"size\": 81.21, \"width\": 750, \"height\": 421}, \"thumbnail\": {\"ext\": \".jpg\", \"url\": \"/uploads/thumbnail_Podium_Casagrand_Cloud9_311a22bb4e.jpg\", \"hash\": \"thumbnail_Podium_Casagrand_Cloud9_311a22bb4e\", \"mime\": \"image/jpeg\", \"name\": \"thumbnail_Podium-Casagrand-Cloud9.jpg\", \"path\": null, \"size\": 10.56, \"width\": 245, \"height\": 138}}','Podium_Casagrand_Cloud9_311a22bb4e','.jpg','image/jpeg',107.12,'/uploads/Podium_Casagrand_Cloud9_311a22bb4e.jpg',NULL,'local',NULL,'/5/9','2023-11-17 09:03:04.745000','2023-11-17 09:03:04.745000',1,1),(138,'Amphitheatre-Casagrand-Cloud9.jpg',NULL,NULL,922,518,'{\"small\": {\"ext\": \".jpg\", \"url\": \"/uploads/small_Amphitheatre_Casagrand_Cloud9_8bb2c1a739.jpg\", \"hash\": \"small_Amphitheatre_Casagrand_Cloud9_8bb2c1a739\", \"mime\": \"image/jpeg\", \"name\": \"small_Amphitheatre-Casagrand-Cloud9.jpg\", \"path\": null, \"size\": 44.8, \"width\": 500, \"height\": 281}, \"medium\": {\"ext\": \".jpg\", \"url\": \"/uploads/medium_Amphitheatre_Casagrand_Cloud9_8bb2c1a739.jpg\", \"hash\": \"medium_Amphitheatre_Casagrand_Cloud9_8bb2c1a739\", \"mime\": \"image/jpeg\", \"name\": \"medium_Amphitheatre-Casagrand-Cloud9.jpg\", \"path\": null, \"size\": 93.06, \"width\": 750, \"height\": 421}, \"thumbnail\": {\"ext\": \".jpg\", \"url\": \"/uploads/thumbnail_Amphitheatre_Casagrand_Cloud9_8bb2c1a739.jpg\", \"hash\": \"thumbnail_Amphitheatre_Casagrand_Cloud9_8bb2c1a739\", \"mime\": \"image/jpeg\", \"name\": \"thumbnail_Amphitheatre-Casagrand-Cloud9.jpg\", \"path\": null, \"size\": 12.04, \"width\": 245, \"height\": 138}}','Amphitheatre_Casagrand_Cloud9_8bb2c1a739','.jpg','image/jpeg',122.31,'/uploads/Amphitheatre_Casagrand_Cloud9_8bb2c1a739.jpg',NULL,'local',NULL,'/5/9','2023-11-17 09:03:04.818000','2023-11-17 09:03:04.818000',1,1),(139,'Elevation-view-A-Casagrand-Cloud9.webp',NULL,NULL,922,691,'{\"small\": {\"ext\": \".webp\", \"url\": \"/uploads/small_Elevation_view_A_Casagrand_Cloud9_814cbca6d7.webp\", \"hash\": \"small_Elevation_view_A_Casagrand_Cloud9_814cbca6d7\", \"mime\": \"image/webp\", \"name\": \"small_Elevation-view-A-Casagrand-Cloud9.webp\", \"path\": null, \"size\": 30.07, \"width\": 500, \"height\": 375}, \"medium\": {\"ext\": \".webp\", \"url\": \"/uploads/medium_Elevation_view_A_Casagrand_Cloud9_814cbca6d7.webp\", \"hash\": \"medium_Elevation_view_A_Casagrand_Cloud9_814cbca6d7\", \"mime\": \"image/webp\", \"name\": \"medium_Elevation-view-A-Casagrand-Cloud9.webp\", \"path\": null, \"size\": 53.02, \"width\": 750, \"height\": 562}, \"thumbnail\": {\"ext\": \".webp\", \"url\": \"/uploads/thumbnail_Elevation_view_A_Casagrand_Cloud9_814cbca6d7.webp\", \"hash\": \"thumbnail_Elevation_view_A_Casagrand_Cloud9_814cbca6d7\", \"mime\": \"image/webp\", \"name\": \"thumbnail_Elevation-view-A-Casagrand-Cloud9.webp\", \"path\": null, \"size\": 7.25, \"width\": 208, \"height\": 156}}','Elevation_view_A_Casagrand_Cloud9_814cbca6d7','.webp','image/webp',86.56,'/uploads/Elevation_view_A_Casagrand_Cloud9_814cbca6d7.webp',NULL,'local',NULL,'/5/9','2023-11-17 09:03:04.981000','2023-11-17 09:03:04.981000',1,1),(140,'Clubhouse-Casagrand-Cloud9.webp',NULL,NULL,922,615,'{\"small\": {\"ext\": \".webp\", \"url\": \"/uploads/small_Clubhouse_Casagrand_Cloud9_ddb791df59.webp\", \"hash\": \"small_Clubhouse_Casagrand_Cloud9_ddb791df59\", \"mime\": \"image/webp\", \"name\": \"small_Clubhouse-Casagrand-Cloud9.webp\", \"path\": null, \"size\": 25.79, \"width\": 500, \"height\": 334}, \"medium\": {\"ext\": \".webp\", \"url\": \"/uploads/medium_Clubhouse_Casagrand_Cloud9_ddb791df59.webp\", \"hash\": \"medium_Clubhouse_Casagrand_Cloud9_ddb791df59\", \"mime\": \"image/webp\", \"name\": \"medium_Clubhouse-Casagrand-Cloud9.webp\", \"path\": null, \"size\": 47.7, \"width\": 750, \"height\": 500}, \"thumbnail\": {\"ext\": \".webp\", \"url\": \"/uploads/thumbnail_Clubhouse_Casagrand_Cloud9_ddb791df59.webp\", \"hash\": \"thumbnail_Clubhouse_Casagrand_Cloud9_ddb791df59\", \"mime\": \"image/webp\", \"name\": \"thumbnail_Clubhouse-Casagrand-Cloud9.webp\", \"path\": null, \"size\": 8.37, \"width\": 234, \"height\": 156}}','Clubhouse_Casagrand_Cloud9_ddb791df59','.webp','image/webp',78.31,'/uploads/Clubhouse_Casagrand_Cloud9_ddb791df59.webp',NULL,'local',NULL,'/5/9','2023-11-17 09:03:05.191000','2023-11-17 09:03:05.191000',1,1),(141,'Elevation-view-B-Casagrand-Cloud9.webp',NULL,NULL,922,691,'{\"small\": {\"ext\": \".webp\", \"url\": \"/uploads/small_Elevation_view_B_Casagrand_Cloud9_e5fbed955e.webp\", \"hash\": \"small_Elevation_view_B_Casagrand_Cloud9_e5fbed955e\", \"mime\": \"image/webp\", \"name\": \"small_Elevation-view-B-Casagrand-Cloud9.webp\", \"path\": null, \"size\": 31.48, \"width\": 500, \"height\": 375}, \"medium\": {\"ext\": \".webp\", \"url\": \"/uploads/medium_Elevation_view_B_Casagrand_Cloud9_e5fbed955e.webp\", \"hash\": \"medium_Elevation_view_B_Casagrand_Cloud9_e5fbed955e\", \"mime\": \"image/webp\", \"name\": \"medium_Elevation-view-B-Casagrand-Cloud9.webp\", \"path\": null, \"size\": 55.61, \"width\": 750, \"height\": 562}, \"thumbnail\": {\"ext\": \".webp\", \"url\": \"/uploads/thumbnail_Elevation_view_B_Casagrand_Cloud9_e5fbed955e.webp\", \"hash\": \"thumbnail_Elevation_view_B_Casagrand_Cloud9_e5fbed955e\", \"mime\": \"image/webp\", \"name\": \"thumbnail_Elevation-view-B-Casagrand-Cloud9.webp\", \"path\": null, \"size\": 7.77, \"width\": 208, \"height\": 156}}','Elevation_view_B_Casagrand_Cloud9_e5fbed955e','.webp','image/webp',92.72,'/uploads/Elevation_view_B_Casagrand_Cloud9_e5fbed955e.webp',NULL,'local',NULL,'/5/9','2023-11-17 09:03:05.872000','2023-11-17 09:03:05.872000',1,1),(142,'Aerial-Casagrand-Cloud9.jpg',NULL,NULL,922,518,'{\"small\": {\"ext\": \".jpg\", \"url\": \"/uploads/small_Aerial_Casagrand_Cloud9_8670067cac.jpg\", \"hash\": \"small_Aerial_Casagrand_Cloud9_8670067cac\", \"mime\": \"image/jpeg\", \"name\": \"small_Aerial-Casagrand-Cloud9.jpg\", \"path\": null, \"size\": 42.79, \"width\": 500, \"height\": 281}, \"medium\": {\"ext\": \".jpg\", \"url\": \"/uploads/medium_Aerial_Casagrand_Cloud9_8670067cac.jpg\", \"hash\": \"medium_Aerial_Casagrand_Cloud9_8670067cac\", \"mime\": \"image/jpeg\", \"name\": \"medium_Aerial-Casagrand-Cloud9.jpg\", \"path\": null, \"size\": 88.07, \"width\": 750, \"height\": 421}, \"thumbnail\": {\"ext\": \".jpg\", \"url\": \"/uploads/thumbnail_Aerial_Casagrand_Cloud9_8670067cac.jpg\", \"hash\": \"thumbnail_Aerial_Casagrand_Cloud9_8670067cac\", \"mime\": \"image/jpeg\", \"name\": \"thumbnail_Aerial-Casagrand-Cloud9.jpg\", \"path\": null, \"size\": 11.33, \"width\": 245, \"height\": 138}}','Aerial_Casagrand_Cloud9_8670067cac','.jpg','image/jpeg',113.74,'/uploads/Aerial_Casagrand_Cloud9_8670067cac.jpg',NULL,'local',NULL,'/5/9','2023-11-17 09:03:05.965000','2023-11-17 09:03:05.965000',1,1),(143,'Main-Entrance-Casagrand-Cloud9.webp',NULL,NULL,922,768,'{\"small\": {\"ext\": \".webp\", \"url\": \"/uploads/small_Main_Entrance_Casagrand_Cloud9_42208abfcb.webp\", \"hash\": \"small_Main_Entrance_Casagrand_Cloud9_42208abfcb\", \"mime\": \"image/webp\", \"name\": \"small_Main-Entrance-Casagrand-Cloud9.webp\", \"path\": null, \"size\": 28.09, \"width\": 500, \"height\": 416}, \"medium\": {\"ext\": \".webp\", \"url\": \"/uploads/medium_Main_Entrance_Casagrand_Cloud9_42208abfcb.webp\", \"hash\": \"medium_Main_Entrance_Casagrand_Cloud9_42208abfcb\", \"mime\": \"image/webp\", \"name\": \"medium_Main-Entrance-Casagrand-Cloud9.webp\", \"path\": null, \"size\": 53.78, \"width\": 750, \"height\": 625}, \"thumbnail\": {\"ext\": \".webp\", \"url\": \"/uploads/thumbnail_Main_Entrance_Casagrand_Cloud9_42208abfcb.webp\", \"hash\": \"thumbnail_Main_Entrance_Casagrand_Cloud9_42208abfcb\", \"mime\": \"image/webp\", \"name\": \"thumbnail_Main-Entrance-Casagrand-Cloud9.webp\", \"path\": null, \"size\": 5.52, \"width\": 187, \"height\": 156}}','Main_Entrance_Casagrand_Cloud9_42208abfcb','.webp','image/webp',91.09,'/uploads/Main_Entrance_Casagrand_Cloud9_42208abfcb.webp',NULL,'local',NULL,'/5/9','2023-11-17 09:03:06.371000','2023-11-17 09:03:06.371000',1,1),(144,'Dusk-view-Casagrand-Cloud9.webp',NULL,NULL,1100,619,'{\"large\": {\"ext\": \".webp\", \"url\": \"/uploads/large_Dusk_view_Casagrand_Cloud9_c19ea80b15.webp\", \"hash\": \"large_Dusk_view_Casagrand_Cloud9_c19ea80b15\", \"mime\": \"image/webp\", \"name\": \"large_Dusk-view-Casagrand-Cloud9.webp\", \"path\": null, \"size\": 66.89, \"width\": 1000, \"height\": 563}, \"small\": {\"ext\": \".webp\", \"url\": \"/uploads/small_Dusk_view_Casagrand_Cloud9_c19ea80b15.webp\", \"hash\": \"small_Dusk_view_Casagrand_Cloud9_c19ea80b15\", \"mime\": \"image/webp\", \"name\": \"small_Dusk-view-Casagrand-Cloud9.webp\", \"path\": null, \"size\": 24.87, \"width\": 500, \"height\": 281}, \"medium\": {\"ext\": \".webp\", \"url\": \"/uploads/medium_Dusk_view_Casagrand_Cloud9_c19ea80b15.webp\", \"hash\": \"medium_Dusk_view_Casagrand_Cloud9_c19ea80b15\", \"mime\": \"image/webp\", \"name\": \"medium_Dusk-view-Casagrand-Cloud9.webp\", \"path\": null, \"size\": 44.57, \"width\": 750, \"height\": 422}, \"thumbnail\": {\"ext\": \".webp\", \"url\": \"/uploads/thumbnail_Dusk_view_Casagrand_Cloud9_c19ea80b15.webp\", \"hash\": \"thumbnail_Dusk_view_Casagrand_Cloud9_c19ea80b15\", \"mime\": \"image/webp\", \"name\": \"thumbnail_Dusk-view-Casagrand-Cloud9.webp\", \"path\": null, \"size\": 7.47, \"width\": 245, \"height\": 138}}','Dusk_view_Casagrand_Cloud9_c19ea80b15','.webp','image/webp',89.78,'/uploads/Dusk_view_Casagrand_Cloud9_c19ea80b15.webp',NULL,'local',NULL,'/5/9','2023-11-17 09:03:06.394000','2023-11-17 09:03:25.636000',1,1),(145,'4BHK-2370-Casagrand-Cloud9.jpg',NULL,NULL,1000,740,'{\"small\": {\"ext\": \".jpg\", \"url\": \"/uploads/small_4_BHK_2370_Casagrand_Cloud9_816ca92965.jpg\", \"hash\": \"small_4_BHK_2370_Casagrand_Cloud9_816ca92965\", \"mime\": \"image/jpeg\", \"name\": \"small_4BHK-2370-Casagrand-Cloud9.jpg\", \"path\": null, \"size\": 40.24, \"width\": 500, \"height\": 370}, \"medium\": {\"ext\": \".jpg\", \"url\": \"/uploads/medium_4_BHK_2370_Casagrand_Cloud9_816ca92965.jpg\", \"hash\": \"medium_4_BHK_2370_Casagrand_Cloud9_816ca92965\", \"mime\": \"image/jpeg\", \"name\": \"medium_4BHK-2370-Casagrand-Cloud9.jpg\", \"path\": null, \"size\": 80.81, \"width\": 750, \"height\": 555}, \"thumbnail\": {\"ext\": \".jpg\", \"url\": \"/uploads/thumbnail_4_BHK_2370_Casagrand_Cloud9_816ca92965.jpg\", \"hash\": \"thumbnail_4_BHK_2370_Casagrand_Cloud9_816ca92965\", \"mime\": \"image/jpeg\", \"name\": \"thumbnail_4BHK-2370-Casagrand-Cloud9.jpg\", \"path\": null, \"size\": 9.55, \"width\": 211, \"height\": 156}}','4_BHK_2370_Casagrand_Cloud9_816ca92965','.jpg','image/jpeg',90.51,'/uploads/4_BHK_2370_Casagrand_Cloud9_816ca92965.jpg',NULL,'local',NULL,'/5/9','2023-11-17 09:06:54.853000','2023-12-21 15:34:14.248000',1,1),(146,'4BHK-2369-Casagrand-Cloud9.jpg',NULL,NULL,1000,703,'{\"small\": {\"ext\": \".jpg\", \"url\": \"/uploads/small_4_BHK_2369_Casagrand_Cloud9_3d2a92a074.jpg\", \"hash\": \"small_4_BHK_2369_Casagrand_Cloud9_3d2a92a074\", \"mime\": \"image/jpeg\", \"name\": \"small_4BHK-2369-Casagrand-Cloud9.jpg\", \"path\": null, \"size\": 40.23, \"width\": 500, \"height\": 352}, \"medium\": {\"ext\": \".jpg\", \"url\": \"/uploads/medium_4_BHK_2369_Casagrand_Cloud9_3d2a92a074.jpg\", \"hash\": \"medium_4_BHK_2369_Casagrand_Cloud9_3d2a92a074\", \"mime\": \"image/jpeg\", \"name\": \"medium_4BHK-2369-Casagrand-Cloud9.jpg\", \"path\": null, \"size\": 79.44, \"width\": 750, \"height\": 527}, \"thumbnail\": {\"ext\": \".jpg\", \"url\": \"/uploads/thumbnail_4_BHK_2369_Casagrand_Cloud9_3d2a92a074.jpg\", \"hash\": \"thumbnail_4_BHK_2369_Casagrand_Cloud9_3d2a92a074\", \"mime\": \"image/jpeg\", \"name\": \"thumbnail_4BHK-2369-Casagrand-Cloud9.jpg\", \"path\": null, \"size\": 10.36, \"width\": 222, \"height\": 156}}','4_BHK_2369_Casagrand_Cloud9_3d2a92a074','.jpg','image/jpeg',90.72,'/uploads/4_BHK_2369_Casagrand_Cloud9_3d2a92a074.jpg',NULL,'local',NULL,'/5/9','2023-11-17 09:06:54.943000','2023-11-17 09:06:54.943000',1,1),(147,'Master-Plan-Casagrand-Cloud9.jpg',NULL,NULL,1100,801,'{\"large\": {\"ext\": \".jpg\", \"url\": \"/uploads/large_Master_Plan_Casagrand_Cloud9_fa6ab6a8d7.jpg\", \"hash\": \"large_Master_Plan_Casagrand_Cloud9_fa6ab6a8d7\", \"mime\": \"image/jpeg\", \"name\": \"large_Master-Plan-Casagrand-Cloud9.jpg\", \"path\": null, \"size\": 161.7, \"width\": 1000, \"height\": 728}, \"small\": {\"ext\": \".jpg\", \"url\": \"/uploads/small_Master_Plan_Casagrand_Cloud9_fa6ab6a8d7.jpg\", \"hash\": \"small_Master_Plan_Casagrand_Cloud9_fa6ab6a8d7\", \"mime\": \"image/jpeg\", \"name\": \"small_Master-Plan-Casagrand-Cloud9.jpg\", \"path\": null, \"size\": 46.94, \"width\": 500, \"height\": 364}, \"medium\": {\"ext\": \".jpg\", \"url\": \"/uploads/medium_Master_Plan_Casagrand_Cloud9_fa6ab6a8d7.jpg\", \"hash\": \"medium_Master_Plan_Casagrand_Cloud9_fa6ab6a8d7\", \"mime\": \"image/jpeg\", \"name\": \"medium_Master-Plan-Casagrand-Cloud9.jpg\", \"path\": null, \"size\": 99.23, \"width\": 750, \"height\": 546}, \"thumbnail\": {\"ext\": \".jpg\", \"url\": \"/uploads/thumbnail_Master_Plan_Casagrand_Cloud9_fa6ab6a8d7.jpg\", \"hash\": \"thumbnail_Master_Plan_Casagrand_Cloud9_fa6ab6a8d7\", \"mime\": \"image/jpeg\", \"name\": \"thumbnail_Master-Plan-Casagrand-Cloud9.jpg\", \"path\": null, \"size\": 9.72, \"width\": 214, \"height\": 156}}','Master_Plan_Casagrand_Cloud9_fa6ab6a8d7','.jpg','image/jpeg',138.27,'/uploads/Master_Plan_Casagrand_Cloud9_fa6ab6a8d7.jpg',NULL,'local',NULL,'/5/9','2023-11-17 09:06:54.989000','2023-11-17 09:06:54.989000',1,1),(149,'1925874716Dining - Model Home - Tango.jpg',NULL,NULL,4620,3336,'{\"large\": {\"ext\": \".jpg\", \"url\": \"/uploads/large_1925874716_Dining_Model_Home_Tango_5cc28067bf.jpg\", \"hash\": \"large_1925874716_Dining_Model_Home_Tango_5cc28067bf\", \"mime\": \"image/jpeg\", \"name\": \"large_1925874716Dining - Model Home - Tango.jpg\", \"path\": null, \"size\": 99.57, \"width\": 1000, \"height\": 722}, \"small\": {\"ext\": \".jpg\", \"url\": \"/uploads/small_1925874716_Dining_Model_Home_Tango_5cc28067bf.jpg\", \"hash\": \"small_1925874716_Dining_Model_Home_Tango_5cc28067bf\", \"mime\": \"image/jpeg\", \"name\": \"small_1925874716Dining - Model Home - Tango.jpg\", \"path\": null, \"size\": 31.79, \"width\": 500, \"height\": 361}, \"medium\": {\"ext\": \".jpg\", \"url\": \"/uploads/medium_1925874716_Dining_Model_Home_Tango_5cc28067bf.jpg\", \"hash\": \"medium_1925874716_Dining_Model_Home_Tango_5cc28067bf\", \"mime\": \"image/jpeg\", \"name\": \"medium_1925874716Dining - Model Home - Tango.jpg\", \"path\": null, \"size\": 61.13, \"width\": 750, \"height\": 542}, \"thumbnail\": {\"ext\": \".jpg\", \"url\": \"/uploads/thumbnail_1925874716_Dining_Model_Home_Tango_5cc28067bf.jpg\", \"hash\": \"thumbnail_1925874716_Dining_Model_Home_Tango_5cc28067bf\", \"mime\": \"image/jpeg\", \"name\": \"thumbnail_1925874716Dining - Model Home - Tango.jpg\", \"path\": null, \"size\": 8.74, \"width\": 216, \"height\": 156}}','1925874716_Dining_Model_Home_Tango_5cc28067bf','.jpg','image/jpeg',1317.55,'/uploads/1925874716_Dining_Model_Home_Tango_5cc28067bf.jpg',NULL,'local',NULL,'/5/10','2023-11-20 11:40:14.124000','2023-11-20 11:40:14.124000',1,1),(150,'899889952Bedroom2 - Model Home - Tango.jpg',NULL,NULL,4240,3392,'{\"large\": {\"ext\": \".jpg\", \"url\": \"/uploads/large_899889952_Bedroom2_Model_Home_Tango_49604e3aaa.jpg\", \"hash\": \"large_899889952_Bedroom2_Model_Home_Tango_49604e3aaa\", \"mime\": \"image/jpeg\", \"name\": \"large_899889952Bedroom2 - Model Home - Tango.jpg\", \"path\": null, \"size\": 88.5, \"width\": 1000, \"height\": 800}, \"small\": {\"ext\": \".jpg\", \"url\": \"/uploads/small_899889952_Bedroom2_Model_Home_Tango_49604e3aaa.jpg\", \"hash\": \"small_899889952_Bedroom2_Model_Home_Tango_49604e3aaa\", \"mime\": \"image/jpeg\", \"name\": \"small_899889952Bedroom2 - Model Home - Tango.jpg\", \"path\": null, \"size\": 29.37, \"width\": 500, \"height\": 400}, \"medium\": {\"ext\": \".jpg\", \"url\": \"/uploads/medium_899889952_Bedroom2_Model_Home_Tango_49604e3aaa.jpg\", \"hash\": \"medium_899889952_Bedroom2_Model_Home_Tango_49604e3aaa\", \"mime\": \"image/jpeg\", \"name\": \"medium_899889952Bedroom2 - Model Home - Tango.jpg\", \"path\": null, \"size\": 55.36, \"width\": 750, \"height\": 600}, \"thumbnail\": {\"ext\": \".jpg\", \"url\": \"/uploads/thumbnail_899889952_Bedroom2_Model_Home_Tango_49604e3aaa.jpg\", \"hash\": \"thumbnail_899889952_Bedroom2_Model_Home_Tango_49604e3aaa\", \"mime\": \"image/jpeg\", \"name\": \"thumbnail_899889952Bedroom2 - Model Home - Tango.jpg\", \"path\": null, \"size\": 6.87, \"width\": 195, \"height\": 156}}','899889952_Bedroom2_Model_Home_Tango_49604e3aaa','.jpg','image/jpeg',1343.93,'/uploads/899889952_Bedroom2_Model_Home_Tango_49604e3aaa.jpg',NULL,'local',NULL,'/5/10','2023-11-20 11:40:14.277000','2023-11-20 11:40:14.277000',1,1),(151,'371525984Kitchen - Model Home - Tango.jpg',NULL,NULL,5184,3456,'{\"large\": {\"ext\": \".jpg\", \"url\": \"/uploads/large_371525984_Kitchen_Model_Home_Tango_c221c6dd26.jpg\", \"hash\": \"large_371525984_Kitchen_Model_Home_Tango_c221c6dd26\", \"mime\": \"image/jpeg\", \"name\": \"large_371525984Kitchen - Model Home - Tango.jpg\", \"path\": null, \"size\": 65.72, \"width\": 1000, \"height\": 667}, \"small\": {\"ext\": \".jpg\", \"url\": \"/uploads/small_371525984_Kitchen_Model_Home_Tango_c221c6dd26.jpg\", \"hash\": \"small_371525984_Kitchen_Model_Home_Tango_c221c6dd26\", \"mime\": \"image/jpeg\", \"name\": \"small_371525984Kitchen - Model Home - Tango.jpg\", \"path\": null, \"size\": 22.32, \"width\": 500, \"height\": 333}, \"medium\": {\"ext\": \".jpg\", \"url\": \"/uploads/medium_371525984_Kitchen_Model_Home_Tango_c221c6dd26.jpg\", \"hash\": \"medium_371525984_Kitchen_Model_Home_Tango_c221c6dd26\", \"mime\": \"image/jpeg\", \"name\": \"medium_371525984Kitchen - Model Home - Tango.jpg\", \"path\": null, \"size\": 42.24, \"width\": 750, \"height\": 500}, \"thumbnail\": {\"ext\": \".jpg\", \"url\": \"/uploads/thumbnail_371525984_Kitchen_Model_Home_Tango_c221c6dd26.jpg\", \"hash\": \"thumbnail_371525984_Kitchen_Model_Home_Tango_c221c6dd26\", \"mime\": \"image/jpeg\", \"name\": \"thumbnail_371525984Kitchen - Model Home - Tango.jpg\", \"path\": null, \"size\": 7.29, \"width\": 234, \"height\": 156}}','371525984_Kitchen_Model_Home_Tango_c221c6dd26','.jpg','image/jpeg',1708.14,'/uploads/371525984_Kitchen_Model_Home_Tango_c221c6dd26.jpg',NULL,'local',NULL,'/5/10','2023-11-20 11:40:15.502000','2023-11-20 11:40:15.502000',1,1),(152,'1687739085Living - Model Home - Tango.jpg',NULL,NULL,5184,3456,'{\"large\": {\"ext\": \".jpg\", \"url\": \"/uploads/large_1687739085_Living_Model_Home_Tango_4f28db00ba.jpg\", \"hash\": \"large_1687739085_Living_Model_Home_Tango_4f28db00ba\", \"mime\": \"image/jpeg\", \"name\": \"large_1687739085Living - Model Home - Tango.jpg\", \"path\": null, \"size\": 85.85, \"width\": 1000, \"height\": 667}, \"small\": {\"ext\": \".jpg\", \"url\": \"/uploads/small_1687739085_Living_Model_Home_Tango_4f28db00ba.jpg\", \"hash\": \"small_1687739085_Living_Model_Home_Tango_4f28db00ba\", \"mime\": \"image/jpeg\", \"name\": \"small_1687739085Living - Model Home - Tango.jpg\", \"path\": null, \"size\": 28.51, \"width\": 500, \"height\": 333}, \"medium\": {\"ext\": \".jpg\", \"url\": \"/uploads/medium_1687739085_Living_Model_Home_Tango_4f28db00ba.jpg\", \"hash\": \"medium_1687739085_Living_Model_Home_Tango_4f28db00ba\", \"mime\": \"image/jpeg\", \"name\": \"medium_1687739085Living - Model Home - Tango.jpg\", \"path\": null, \"size\": 55.29, \"width\": 750, \"height\": 500}, \"thumbnail\": {\"ext\": \".jpg\", \"url\": \"/uploads/thumbnail_1687739085_Living_Model_Home_Tango_4f28db00ba.jpg\", \"hash\": \"thumbnail_1687739085_Living_Model_Home_Tango_4f28db00ba\", \"mime\": \"image/jpeg\", \"name\": \"thumbnail_1687739085Living - Model Home - Tango.jpg\", \"path\": null, \"size\": 8.89, \"width\": 234, \"height\": 156}}','1687739085_Living_Model_Home_Tango_4f28db00ba','.jpg','image/jpeg',1233.27,'/uploads/1687739085_Living_Model_Home_Tango_4f28db00ba.jpg',NULL,'local',NULL,'/5/10','2023-11-20 11:40:17.104000','2023-11-20 11:40:17.104000',1,1),(153,'6020921022.png',NULL,NULL,1000,706,'{\"small\": {\"ext\": \".png\", \"url\": \"/uploads/small_6020921022_720b6770d5.png\", \"hash\": \"small_6020921022_720b6770d5\", \"mime\": \"image/png\", \"name\": \"small_6020921022.png\", \"path\": null, \"size\": 309.71, \"width\": 500, \"height\": 353}, \"medium\": {\"ext\": \".png\", \"url\": \"/uploads/medium_6020921022_720b6770d5.png\", \"hash\": \"medium_6020921022_720b6770d5\", \"mime\": \"image/png\", \"name\": \"medium_6020921022.png\", \"path\": null, \"size\": 663.36, \"width\": 750, \"height\": 530}, \"thumbnail\": {\"ext\": \".png\", \"url\": \"/uploads/thumbnail_6020921022_720b6770d5.png\", \"hash\": \"thumbnail_6020921022_720b6770d5\", \"mime\": \"image/png\", \"name\": \"thumbnail_6020921022.png\", \"path\": null, \"size\": 67.81, \"width\": 221, \"height\": 156}}','6020921022_720b6770d5','.png','image/png',281.19,'/uploads/6020921022_720b6770d5.png',NULL,'local',NULL,'/5/10','2023-11-20 11:40:19.512000','2023-11-20 11:40:38.136000',1,1),(154,'18157512402291.jpg',NULL,NULL,936,643,'{\"small\": {\"ext\": \".jpg\", \"url\": \"/uploads/small_18157512402291_3db059cb9f.jpg\", \"hash\": \"small_18157512402291_3db059cb9f\", \"mime\": \"image/jpeg\", \"name\": \"small_18157512402291.jpg\", \"path\": null, \"size\": 29.99, \"width\": 500, \"height\": 343}, \"medium\": {\"ext\": \".jpg\", \"url\": \"/uploads/medium_18157512402291_3db059cb9f.jpg\", \"hash\": \"medium_18157512402291_3db059cb9f\", \"mime\": \"image/jpeg\", \"name\": \"medium_18157512402291.jpg\", \"path\": null, \"size\": 57.89, \"width\": 750, \"height\": 515}, \"thumbnail\": {\"ext\": \".jpg\", \"url\": \"/uploads/thumbnail_18157512402291_3db059cb9f.jpg\", \"hash\": \"thumbnail_18157512402291_3db059cb9f\", \"mime\": \"image/jpeg\", \"name\": \"thumbnail_18157512402291.jpg\", \"path\": null, \"size\": 7.64, \"width\": 227, \"height\": 156}}','18157512402291_3db059cb9f','.jpg','image/jpeg',81.84,'/uploads/18157512402291_3db059cb9f.jpg',NULL,'local',NULL,'/5/10','2023-11-20 11:53:05.900000','2023-11-20 11:53:05.900000',1,1),(155,'8925278762440.jpg',NULL,NULL,931,651,'{\"small\": {\"ext\": \".jpg\", \"url\": \"/uploads/small_8925278762440_b80cf5c43e.jpg\", \"hash\": \"small_8925278762440_b80cf5c43e\", \"mime\": \"image/jpeg\", \"name\": \"small_8925278762440.jpg\", \"path\": null, \"size\": 30.95, \"width\": 500, \"height\": 350}, \"medium\": {\"ext\": \".jpg\", \"url\": \"/uploads/medium_8925278762440_b80cf5c43e.jpg\", \"hash\": \"medium_8925278762440_b80cf5c43e\", \"mime\": \"image/jpeg\", \"name\": \"medium_8925278762440.jpg\", \"path\": null, \"size\": 60.94, \"width\": 750, \"height\": 524}, \"thumbnail\": {\"ext\": \".jpg\", \"url\": \"/uploads/thumbnail_8925278762440_b80cf5c43e.jpg\", \"hash\": \"thumbnail_8925278762440_b80cf5c43e\", \"mime\": \"image/jpeg\", \"name\": \"thumbnail_8925278762440.jpg\", \"path\": null, \"size\": 7.84, \"width\": 223, \"height\": 156}}','8925278762440_b80cf5c43e','.jpg','image/jpeg',86.17,'/uploads/8925278762440_b80cf5c43e.jpg',NULL,'local',NULL,'/5/10','2023-11-20 11:53:39.634000','2023-11-20 11:53:39.634000',1,1),(156,'13069704852948.jpg',NULL,NULL,929,639,'{\"small\": {\"ext\": \".jpg\", \"url\": \"/uploads/small_13069704852948_44230631be.jpg\", \"hash\": \"small_13069704852948_44230631be\", \"mime\": \"image/jpeg\", \"name\": \"small_13069704852948.jpg\", \"path\": null, \"size\": 36.08, \"width\": 500, \"height\": 344}, \"medium\": {\"ext\": \".jpg\", \"url\": \"/uploads/medium_13069704852948_44230631be.jpg\", \"hash\": \"medium_13069704852948_44230631be\", \"mime\": \"image/jpeg\", \"name\": \"medium_13069704852948.jpg\", \"path\": null, \"size\": 71.18, \"width\": 750, \"height\": 516}, \"thumbnail\": {\"ext\": \".jpg\", \"url\": \"/uploads/thumbnail_13069704852948_44230631be.jpg\", \"hash\": \"thumbnail_13069704852948_44230631be\", \"mime\": \"image/jpeg\", \"name\": \"thumbnail_13069704852948.jpg\", \"path\": null, \"size\": 9.22, \"width\": 227, \"height\": 156}}','13069704852948_44230631be','.jpg','image/jpeg',100.68,'/uploads/13069704852948_44230631be.jpg',NULL,'local',NULL,'/5/10','2023-11-20 11:54:11.290000','2023-11-20 11:54:11.290000',1,1),(161,'318251581Akshaya.jpg',NULL,NULL,200,94,NULL,'318251581_Akshaya_feb0fe2acd','.jpg','image/jpeg',3.76,'/uploads/318251581_Akshaya_feb0fe2acd.jpg',NULL,'local',NULL,'/6','2023-11-21 07:53:20.469000','2023-11-21 07:53:20.469000',1,1),(166,'FBP - Logo - BOLD (1).png',NULL,NULL,178,100,NULL,'FBP_Logo_BOLD_1_92db02d717','.png','image/png',2.46,'/uploads/FBP_Logo_BOLD_1_92db02d717.png',NULL,'local',NULL,'/2','2023-11-21 14:19:36.681000','2023-11-30 12:57:53.909000',1,1),(168,'Plot-1.png',NULL,NULL,450,300,'{\"thumbnail\": {\"ext\": \".png\", \"url\": \"/uploads/thumbnail_Plot_1_262bb4fe38.png\", \"hash\": \"thumbnail_Plot_1_262bb4fe38\", \"mime\": \"image/png\", \"name\": \"thumbnail_Plot-1.png\", \"path\": null, \"size\": 15.64, \"width\": 234, \"height\": 156}}','Plot_1_262bb4fe38','.png','image/png',5.31,'/uploads/Plot_1_262bb4fe38.png',NULL,'local',NULL,'/3','2023-11-22 18:02:38.501000','2023-11-22 18:02:38.501000',1,1),(169,'Villa-1.png',NULL,NULL,450,300,'{\"thumbnail\": {\"ext\": \".png\", \"url\": \"/uploads/thumbnail_Villa_1_50c16a0b91.png\", \"hash\": \"thumbnail_Villa_1_50c16a0b91\", \"mime\": \"image/png\", \"name\": \"thumbnail_Villa-1.png\", \"path\": null, \"size\": 16.22, \"width\": 234, \"height\": 156}}','Villa_1_50c16a0b91','.png','image/png',5.28,'/uploads/Villa_1_50c16a0b91.png',NULL,'local',NULL,'/3','2023-11-22 18:02:38.506000','2023-11-22 18:02:38.506000',1,1),(170,'Commercial-1.png',NULL,NULL,450,300,'{\"thumbnail\": {\"ext\": \".png\", \"url\": \"/uploads/thumbnail_Commercial_1_a1de6d3a57.png\", \"hash\": \"thumbnail_Commercial_1_a1de6d3a57\", \"mime\": \"image/png\", \"name\": \"thumbnail_Commercial-1.png\", \"path\": null, \"size\": 17.92, \"width\": 234, \"height\": 156}}','Commercial_1_a1de6d3a57','.png','image/png',5.83,'/uploads/Commercial_1_a1de6d3a57.png',NULL,'local',NULL,'/3','2023-11-22 18:02:38.515000','2023-11-22 18:02:38.515000',1,1),(171,'Apartment-1.png',NULL,NULL,450,300,'{\"thumbnail\": {\"ext\": \".png\", \"url\": \"/uploads/thumbnail_Apartment_1_dac90d9d1b.png\", \"hash\": \"thumbnail_Apartment_1_dac90d9d1b\", \"mime\": \"image/png\", \"name\": \"thumbnail_Apartment-1.png\", \"path\": null, \"size\": 17.01, \"width\": 234, \"height\": 156}}','Apartment_1_dac90d9d1b','.png','image/png',5.03,'/uploads/Apartment_1_dac90d9d1b.png',NULL,'local',NULL,'/3','2023-11-22 18:02:38.547000','2023-11-22 18:02:38.547000',1,1),(187,'Chennai.png',NULL,NULL,1000,523,'{\"small\": {\"ext\": \".png\", \"url\": \"/uploads/small_Chennai_c72135e63e.png\", \"hash\": \"small_Chennai_c72135e63e\", \"mime\": \"image/png\", \"name\": \"small_Chennai.png\", \"path\": null, \"size\": 285.79, \"width\": 500, \"height\": 262}, \"medium\": {\"ext\": \".png\", \"url\": \"/uploads/medium_Chennai_c72135e63e.png\", \"hash\": \"medium_Chennai_c72135e63e\", \"mime\": \"image/png\", \"name\": \"medium_Chennai.png\", \"path\": null, \"size\": 616.83, \"width\": 750, \"height\": 392}, \"thumbnail\": {\"ext\": \".png\", \"url\": \"/uploads/thumbnail_Chennai_c72135e63e.png\", \"hash\": \"thumbnail_Chennai_c72135e63e\", \"mime\": \"image/png\", \"name\": \"thumbnail_Chennai.png\", \"path\": null, \"size\": 74.25, \"width\": 245, \"height\": 128}}','Chennai_c72135e63e','.png','image/png',260.43,'/uploads/Chennai_c72135e63e.png',NULL,'local',NULL,'/4','2023-11-30 11:55:47.879000','2023-11-30 11:56:06.037000',1,1),(188,'istockphoto-588226526-1024x1024.jpg',NULL,NULL,1024,682,'{\"large\": {\"ext\": \".jpg\", \"url\": \"/uploads/large_istockphoto_588226526_1024x1024_2d294e6a6b.jpg\", \"hash\": \"large_istockphoto_588226526_1024x1024_2d294e6a6b\", \"mime\": \"image/jpeg\", \"name\": \"large_istockphoto-588226526-1024x1024.jpg\", \"path\": null, \"size\": 138.96, \"width\": 1000, \"height\": 666}, \"small\": {\"ext\": \".jpg\", \"url\": \"/uploads/small_istockphoto_588226526_1024x1024_2d294e6a6b.jpg\", \"hash\": \"small_istockphoto_588226526_1024x1024_2d294e6a6b\", \"mime\": \"image/jpeg\", \"name\": \"small_istockphoto-588226526-1024x1024.jpg\", \"path\": null, \"size\": 39.87, \"width\": 500, \"height\": 333}, \"medium\": {\"ext\": \".jpg\", \"url\": \"/uploads/medium_istockphoto_588226526_1024x1024_2d294e6a6b.jpg\", \"hash\": \"medium_istockphoto_588226526_1024x1024_2d294e6a6b\", \"mime\": \"image/jpeg\", \"name\": \"medium_istockphoto-588226526-1024x1024.jpg\", \"path\": null, \"size\": 82.68, \"width\": 750, \"height\": 500}, \"thumbnail\": {\"ext\": \".jpg\", \"url\": \"/uploads/thumbnail_istockphoto_588226526_1024x1024_2d294e6a6b.jpg\", \"hash\": \"thumbnail_istockphoto_588226526_1024x1024_2d294e6a6b\", \"mime\": \"image/jpeg\", \"name\": \"thumbnail_istockphoto-588226526-1024x1024.jpg\", \"path\": null, \"size\": 10.53, \"width\": 234, \"height\": 156}}','istockphoto_588226526_1024x1024_2d294e6a6b','.jpg','image/jpeg',149.18,'/uploads/istockphoto_588226526_1024x1024_2d294e6a6b.jpg',NULL,'local',NULL,'/1','2023-11-30 12:49:09.622000','2023-11-30 12:49:09.622000',1,1),(189,'fbp_logo_white_da1b5ab99a.svg',NULL,NULL,178,100,NULL,'fbp_logo_white_da1b5ab99a_91f913b980','.svg','image/svg+xml',31.28,'/uploads/fbp_logo_white_da1b5ab99a_91f913b980.svg',NULL,'local',NULL,'/2','2023-11-30 12:56:34.151000','2023-11-30 12:56:34.151000',1,1),(190,'surface1 (1).svg',NULL,NULL,118,92,NULL,'surface1_1_fc9e65ea23','.svg','image/svg+xml',22.23,'/uploads/surface1_1_fc9e65ea23.svg',NULL,'local',NULL,'/2','2023-11-30 12:57:19.357000','2023-11-30 12:57:19.357000',1,1),(191,'istockphoto-506903162-1024x1024.jpg',NULL,NULL,1024,768,'{\"large\": {\"ext\": \".jpg\", \"url\": \"/uploads/large_istockphoto_506903162_1024x1024_36baeef09a.jpg\", \"hash\": \"large_istockphoto_506903162_1024x1024_36baeef09a\", \"mime\": \"image/jpeg\", \"name\": \"large_istockphoto-506903162-1024x1024.jpg\", \"path\": null, \"size\": 109.88, \"width\": 1000, \"height\": 750}, \"small\": {\"ext\": \".jpg\", \"url\": \"/uploads/small_istockphoto_506903162_1024x1024_36baeef09a.jpg\", \"hash\": \"small_istockphoto_506903162_1024x1024_36baeef09a\", \"mime\": \"image/jpeg\", \"name\": \"small_istockphoto-506903162-1024x1024.jpg\", \"path\": null, \"size\": 32.58, \"width\": 500, \"height\": 375}, \"medium\": {\"ext\": \".jpg\", \"url\": \"/uploads/medium_istockphoto_506903162_1024x1024_36baeef09a.jpg\", \"hash\": \"medium_istockphoto_506903162_1024x1024_36baeef09a\", \"mime\": \"image/jpeg\", \"name\": \"medium_istockphoto-506903162-1024x1024.jpg\", \"path\": null, \"size\": 67.45, \"width\": 750, \"height\": 563}, \"thumbnail\": {\"ext\": \".jpg\", \"url\": \"/uploads/thumbnail_istockphoto_506903162_1024x1024_36baeef09a.jpg\", \"hash\": \"thumbnail_istockphoto_506903162_1024x1024_36baeef09a\", \"mime\": \"image/jpeg\", \"name\": \"thumbnail_istockphoto-506903162-1024x1024.jpg\", \"path\": null, \"size\": 7.47, \"width\": 208, \"height\": 156}}','istockphoto_506903162_1024x1024_36baeef09a','.jpg','image/jpeg',116.92,'/uploads/istockphoto_506903162_1024x1024_36baeef09a.jpg',NULL,'local',NULL,'/','2023-12-01 09:05:48.047000','2023-12-01 09:05:48.047000',1,1),(192,'istockphoto-506903162-1024x1024.jpg',NULL,NULL,588,759,'{\"small\": {\"ext\": \".jpg\", \"url\": \"/uploads/small_istockphoto_506903162_1024x1024_76d9d58af6.jpg\", \"hash\": \"small_istockphoto_506903162_1024x1024_76d9d58af6\", \"mime\": \"image/jpeg\", \"name\": \"small_istockphoto-506903162-1024x1024.jpg\", \"path\": null, \"size\": 33.27, \"width\": 387, \"height\": 500}, \"medium\": {\"ext\": \".jpg\", \"url\": \"/uploads/medium_istockphoto_506903162_1024x1024_76d9d58af6.jpg\", \"hash\": \"medium_istockphoto_506903162_1024x1024_76d9d58af6\", \"mime\": \"image/jpeg\", \"name\": \"medium_istockphoto-506903162-1024x1024.jpg\", \"path\": null, \"size\": 66.68, \"width\": 581, \"height\": 750}, \"thumbnail\": {\"ext\": \".jpg\", \"url\": \"/uploads/thumbnail_istockphoto_506903162_1024x1024_76d9d58af6.jpg\", \"hash\": \"thumbnail_istockphoto_506903162_1024x1024_76d9d58af6\", \"mime\": \"image/jpeg\", \"name\": \"thumbnail_istockphoto-506903162-1024x1024.jpg\", \"path\": null, \"size\": 4.9, \"width\": 121, \"height\": 156}}','istockphoto_506903162_1024x1024_76d9d58af6','.jpg','image/jpeg',68.82,'/uploads/istockphoto_506903162_1024x1024_76d9d58af6.jpg',NULL,'local',NULL,'/','2023-12-01 09:06:42.397000','2023-12-01 09:06:54.578000',1,1),(193,'1781998274rais.jpeg',NULL,NULL,200,194,'{\"thumbnail\": {\"ext\": \".jpeg\", \"url\": \"/uploads/thumbnail_1781998274rais_c17d6a943d.jpeg\", \"hash\": \"thumbnail_1781998274rais_c17d6a943d\", \"mime\": \"image/jpeg\", \"name\": \"thumbnail_1781998274rais.jpeg\", \"path\": null, \"size\": 10.36, \"width\": 161, \"height\": 156}}','1781998274rais_c17d6a943d','.jpeg','image/jpeg',14.29,'/uploads/1781998274rais_c17d6a943d.jpeg',NULL,'local',NULL,'/6','2023-12-02 08:58:27.696000','2023-12-02 08:58:27.696000',1,1),(194,'966212999245.jpg',NULL,NULL,480,360,'{\"thumbnail\": {\"ext\": \".jpg\", \"url\": \"/uploads/thumbnail_966212999245_fc25cee892.jpg\", \"hash\": \"thumbnail_966212999245_fc25cee892\", \"mime\": \"image/jpeg\", \"name\": \"thumbnail_966212999245.jpg\", \"path\": null, \"size\": 4.53, \"width\": 208, \"height\": 156}}','966212999245_fc25cee892','.jpg','image/jpeg',7.69,'/uploads/966212999245_fc25cee892.jpg',NULL,'local',NULL,'/5/11','2023-12-02 09:07:51.594000','2023-12-02 09:07:51.594000',1,1),(195,'16602401581184.jpeg',NULL,NULL,361,328,'{\"thumbnail\": {\"ext\": \".jpeg\", \"url\": \"/uploads/thumbnail_16602401581184_e437cc5593.jpeg\", \"hash\": \"thumbnail_16602401581184_e437cc5593\", \"mime\": \"image/jpeg\", \"name\": \"thumbnail_16602401581184.jpeg\", \"path\": null, \"size\": 8.83, \"width\": 172, \"height\": 156}}','16602401581184_e437cc5593','.jpeg','image/jpeg',29.38,'/uploads/16602401581184_e437cc5593.jpeg',NULL,'local',NULL,'/5/11','2023-12-02 09:07:51.634000','2023-12-02 09:07:51.634000',1,1),(196,'806284371567.jpg',NULL,NULL,900,506,'{\"small\": {\"ext\": \".jpg\", \"url\": \"/uploads/small_806284371567_50d9e0054f.jpg\", \"hash\": \"small_806284371567_50d9e0054f\", \"mime\": \"image/jpeg\", \"name\": \"small_806284371567.jpg\", \"path\": null, \"size\": 23.64, \"width\": 500, \"height\": 281}, \"medium\": {\"ext\": \".jpg\", \"url\": \"/uploads/medium_806284371567_50d9e0054f.jpg\", \"hash\": \"medium_806284371567_50d9e0054f\", \"mime\": \"image/jpeg\", \"name\": \"medium_806284371567.jpg\", \"path\": null, \"size\": 44.11, \"width\": 750, \"height\": 422}, \"thumbnail\": {\"ext\": \".jpg\", \"url\": \"/uploads/thumbnail_806284371567_50d9e0054f.jpg\", \"hash\": \"thumbnail_806284371567_50d9e0054f\", \"mime\": \"image/jpeg\", \"name\": \"thumbnail_806284371567.jpg\", \"path\": null, \"size\": 7.58, \"width\": 245, \"height\": 138}}','806284371567_50d9e0054f','.jpg','image/jpeg',39.54,'/uploads/806284371567_50d9e0054f.jpg',NULL,'local',NULL,'/5/11','2023-12-02 09:07:52.387000','2023-12-02 09:07:52.387000',1,1),(197,'117763555678.jpg',NULL,NULL,900,506,'{\"small\": {\"ext\": \".jpg\", \"url\": \"/uploads/small_117763555678_8d526a9410.jpg\", \"hash\": \"small_117763555678_8d526a9410\", \"mime\": \"image/jpeg\", \"name\": \"small_117763555678.jpg\", \"path\": null, \"size\": 29.18, \"width\": 500, \"height\": 281}, \"medium\": {\"ext\": \".jpg\", \"url\": \"/uploads/medium_117763555678_8d526a9410.jpg\", \"hash\": \"medium_117763555678_8d526a9410\", \"mime\": \"image/jpeg\", \"name\": \"medium_117763555678.jpg\", \"path\": null, \"size\": 54.05, \"width\": 750, \"height\": 422}, \"thumbnail\": {\"ext\": \".jpg\", \"url\": \"/uploads/thumbnail_117763555678_8d526a9410.jpg\", \"hash\": \"thumbnail_117763555678_8d526a9410\", \"mime\": \"image/jpeg\", \"name\": \"thumbnail_117763555678.jpg\", \"path\": null, \"size\": 9.15, \"width\": 245, \"height\": 138}}','117763555678_8d526a9410','.jpg','image/jpeg',50.41,'/uploads/117763555678_8d526a9410.jpg',NULL,'local',NULL,'/5/11','2023-12-02 09:07:52.400000','2023-12-02 09:07:52.400000',1,1),(198,'1079723901LI.jpg',NULL,NULL,792,638,'{\"small\": {\"ext\": \".jpg\", \"url\": \"/uploads/small_1079723901_LI_05b2be3448.jpg\", \"hash\": \"small_1079723901_LI_05b2be3448\", \"mime\": \"image/jpeg\", \"name\": \"small_1079723901LI.jpg\", \"path\": null, \"size\": 27.15, \"width\": 500, \"height\": 403}, \"medium\": {\"ext\": \".jpg\", \"url\": \"/uploads/medium_1079723901_LI_05b2be3448.jpg\", \"hash\": \"medium_1079723901_LI_05b2be3448\", \"mime\": \"image/jpeg\", \"name\": \"medium_1079723901LI.jpg\", \"path\": null, \"size\": 49.3, \"width\": 750, \"height\": 604}, \"thumbnail\": {\"ext\": \".jpg\", \"url\": \"/uploads/thumbnail_1079723901_LI_05b2be3448.jpg\", \"hash\": \"thumbnail_1079723901_LI_05b2be3448\", \"mime\": \"image/jpeg\", \"name\": \"thumbnail_1079723901LI.jpg\", \"path\": null, \"size\": 6.66, \"width\": 194, \"height\": 156}}','1079723901_LI_05b2be3448','.jpg','image/jpeg',54.34,'/uploads/1079723901_LI_05b2be3448.jpg',NULL,'local',NULL,'/5/11','2023-12-02 09:07:52.502000','2023-12-02 09:07:52.502000',1,1),(199,'331975934modular.png',NULL,NULL,545,363,'{\"small\": {\"ext\": \".png\", \"url\": \"/uploads/small_331975934modular_a5e1e50bb5.png\", \"hash\": \"small_331975934modular_a5e1e50bb5\", \"mime\": \"image/png\", \"name\": \"small_331975934modular.png\", \"path\": null, \"size\": 345.3, \"width\": 500, \"height\": 333}, \"thumbnail\": {\"ext\": \".png\", \"url\": \"/uploads/thumbnail_331975934modular_a5e1e50bb5.png\", \"hash\": \"thumbnail_331975934modular_a5e1e50bb5\", \"mime\": \"image/png\", \"name\": \"thumbnail_331975934modular.png\", \"path\": null, \"size\": 83.77, \"width\": 234, \"height\": 156}}','331975934modular_a5e1e50bb5','.png','image/png',79.85,'/uploads/331975934modular_a5e1e50bb5.png',NULL,'local',NULL,'/5/11','2023-12-02 09:07:52.784000','2023-12-02 09:07:52.784000',1,1),(200,'18263571292 bhk cut.jpeg',NULL,NULL,756,514,'{\"small\": {\"ext\": \".jpeg\", \"url\": \"/uploads/small_18263571292_bhk_cut_f977b2b00a.jpeg\", \"hash\": \"small_18263571292_bhk_cut_f977b2b00a\", \"mime\": \"image/jpeg\", \"name\": \"small_18263571292 bhk cut.jpeg\", \"path\": null, \"size\": 31.52, \"width\": 500, \"height\": 340}, \"medium\": {\"ext\": \".jpeg\", \"url\": \"/uploads/medium_18263571292_bhk_cut_f977b2b00a.jpeg\", \"hash\": \"medium_18263571292_bhk_cut_f977b2b00a\", \"mime\": \"image/jpeg\", \"name\": \"medium_18263571292 bhk cut.jpeg\", \"path\": null, \"size\": 57.36, \"width\": 750, \"height\": 510}, \"thumbnail\": {\"ext\": \".jpeg\", \"url\": \"/uploads/thumbnail_18263571292_bhk_cut_f977b2b00a.jpeg\", \"hash\": \"thumbnail_18263571292_bhk_cut_f977b2b00a\", \"mime\": \"image/jpeg\", \"name\": \"thumbnail_18263571292 bhk cut.jpeg\", \"path\": null, \"size\": 9.59, \"width\": 229, \"height\": 156}}','18263571292_bhk_cut_f977b2b00a','.jpeg','image/jpeg',58.87,'/uploads/18263571292_bhk_cut_f977b2b00a.jpeg',NULL,'local',NULL,'/5/11','2023-12-02 09:07:53.009000','2023-12-02 09:07:53.009000',1,1),(201,'1581484361 bhk 600.jpeg',NULL,NULL,798,458,'{\"small\": {\"ext\": \".jpeg\", \"url\": \"/uploads/small_1581484361_bhk_600_83af0877c1.jpeg\", \"hash\": \"small_1581484361_bhk_600_83af0877c1\", \"mime\": \"image/jpeg\", \"name\": \"small_1581484361 bhk 600.jpeg\", \"path\": null, \"size\": 25.52, \"width\": 500, \"height\": 287}, \"medium\": {\"ext\": \".jpeg\", \"url\": \"/uploads/medium_1581484361_bhk_600_83af0877c1.jpeg\", \"hash\": \"medium_1581484361_bhk_600_83af0877c1\", \"mime\": \"image/jpeg\", \"name\": \"medium_1581484361 bhk 600.jpeg\", \"path\": null, \"size\": 46.82, \"width\": 750, \"height\": 430}, \"thumbnail\": {\"ext\": \".jpeg\", \"url\": \"/uploads/thumbnail_1581484361_bhk_600_83af0877c1.jpeg\", \"hash\": \"thumbnail_1581484361_bhk_600_83af0877c1\", \"mime\": \"image/jpeg\", \"name\": \"thumbnail_1581484361 bhk 600.jpeg\", \"path\": null, \"size\": 8.24, \"width\": 245, \"height\": 141}}','1581484361_bhk_600_83af0877c1','.jpeg','image/jpeg',51.37,'/uploads/1581484361_bhk_600_83af0877c1.jpeg',NULL,'local',NULL,'/5/11','2023-12-02 09:07:53.347000','2023-12-02 09:07:53.347000',1,1),(202,'1854237076DI.jpg',NULL,NULL,791,614,'{\"small\": {\"ext\": \".jpg\", \"url\": \"/uploads/small_1854237076_DI_801678cd9b.jpg\", \"hash\": \"small_1854237076_DI_801678cd9b\", \"mime\": \"image/jpeg\", \"name\": \"small_1854237076DI.jpg\", \"path\": null, \"size\": 40.61, \"width\": 500, \"height\": 388}, \"medium\": {\"ext\": \".jpg\", \"url\": \"/uploads/medium_1854237076_DI_801678cd9b.jpg\", \"hash\": \"medium_1854237076_DI_801678cd9b\", \"mime\": \"image/jpeg\", \"name\": \"medium_1854237076DI.jpg\", \"path\": null, \"size\": 74.87, \"width\": 750, \"height\": 582}, \"thumbnail\": {\"ext\": \".jpg\", \"url\": \"/uploads/thumbnail_1854237076_DI_801678cd9b.jpg\", \"hash\": \"thumbnail_1854237076_DI_801678cd9b\", \"mime\": \"image/jpeg\", \"name\": \"thumbnail_1854237076DI.jpg\", \"path\": null, \"size\": 9.41, \"width\": 201, \"height\": 156}}','1854237076_DI_801678cd9b','.jpg','image/jpeg',82.34,'/uploads/1854237076_DI_801678cd9b.jpg',NULL,'local',NULL,'/5/11','2023-12-02 09:07:53.711000','2023-12-02 09:07:53.711000',1,1),(203,'314216171The_Ace_1.jpg',NULL,NULL,1600,800,'{\"large\": {\"ext\": \".jpg\", \"url\": \"/uploads/large_314216171_The_Ace_1_73fa85d08f.jpg\", \"hash\": \"large_314216171_The_Ace_1_73fa85d08f\", \"mime\": \"image/jpeg\", \"name\": \"large_314216171The_Ace_1.jpg\", \"path\": null, \"size\": 115.52, \"width\": 1000, \"height\": 500}, \"small\": {\"ext\": \".jpg\", \"url\": \"/uploads/small_314216171_The_Ace_1_73fa85d08f.jpg\", \"hash\": \"small_314216171_The_Ace_1_73fa85d08f\", \"mime\": \"image/jpeg\", \"name\": \"small_314216171The_Ace_1.jpg\", \"path\": null, \"size\": 33.26, \"width\": 500, \"height\": 250}, \"medium\": {\"ext\": \".jpg\", \"url\": \"/uploads/medium_314216171_The_Ace_1_73fa85d08f.jpg\", \"hash\": \"medium_314216171_The_Ace_1_73fa85d08f\", \"mime\": \"image/jpeg\", \"name\": \"medium_314216171The_Ace_1.jpg\", \"path\": null, \"size\": 69.24, \"width\": 750, \"height\": 375}, \"thumbnail\": {\"ext\": \".jpg\", \"url\": \"/uploads/thumbnail_314216171_The_Ace_1_73fa85d08f.jpg\", \"hash\": \"thumbnail_314216171_The_Ace_1_73fa85d08f\", \"mime\": \"image/jpeg\", \"name\": \"thumbnail_314216171The_Ace_1.jpg\", \"path\": null, \"size\": 9.21, \"width\": 245, \"height\": 122}}','314216171_The_Ace_1_73fa85d08f','.jpg','image/jpeg',241.12,'/uploads/314216171_The_Ace_1_73fa85d08f.jpg',NULL,'local',NULL,'/5/11','2023-12-02 09:07:58.544000','2023-12-02 09:07:58.544000',1,1),(204,'1514622868site.jpg',NULL,NULL,1000,681,'{\"small\": {\"ext\": \".jpg\", \"url\": \"/uploads/small_1514622868site_504882d1a0.jpg\", \"hash\": \"small_1514622868site_504882d1a0\", \"mime\": \"image/jpeg\", \"name\": \"small_1514622868site.jpg\", \"path\": null, \"size\": 46.54, \"width\": 500, \"height\": 341}, \"medium\": {\"ext\": \".jpg\", \"url\": \"/uploads/medium_1514622868site_504882d1a0.jpg\", \"hash\": \"medium_1514622868site_504882d1a0\", \"mime\": \"image/jpeg\", \"name\": \"medium_1514622868site.jpg\", \"path\": null, \"size\": 93.41, \"width\": 750, \"height\": 511}, \"thumbnail\": {\"ext\": \".jpg\", \"url\": \"/uploads/thumbnail_1514622868site_504882d1a0.jpg\", \"hash\": \"thumbnail_1514622868site_504882d1a0\", \"mime\": \"image/jpeg\", \"name\": \"thumbnail_1514622868site.jpg\", \"path\": null, \"size\": 11.68, \"width\": 229, \"height\": 156}}','1514622868site_504882d1a0','.jpg','image/jpeg',157.44,'/uploads/1514622868site_504882d1a0.jpg',NULL,'local',NULL,'/5/11','2023-12-02 09:16:36.240000','2023-12-02 09:16:36.240000',1,1),(205,'847213787LO.jpg',NULL,NULL,780,659,'{\"small\": {\"ext\": \".jpg\", \"url\": \"/uploads/small_847213787_LO_8c8e661254.jpg\", \"hash\": \"small_847213787_LO_8c8e661254\", \"mime\": \"image/jpeg\", \"name\": \"small_847213787LO.jpg\", \"path\": null, \"size\": 34.98, \"width\": 500, \"height\": 422}, \"medium\": {\"ext\": \".jpg\", \"url\": \"/uploads/medium_847213787_LO_8c8e661254.jpg\", \"hash\": \"medium_847213787_LO_8c8e661254\", \"mime\": \"image/jpeg\", \"name\": \"medium_847213787LO.jpg\", \"path\": null, \"size\": 66.04, \"width\": 750, \"height\": 634}, \"thumbnail\": {\"ext\": \".jpg\", \"url\": \"/uploads/thumbnail_847213787_LO_8c8e661254.jpg\", \"hash\": \"thumbnail_847213787_LO_8c8e661254\", \"mime\": \"image/jpeg\", \"name\": \"thumbnail_847213787LO.jpg\", \"path\": null, \"size\": 7.17, \"width\": 185, \"height\": 156}}','847213787_LO_8c8e661254','.jpg','image/jpeg',71.27,'/uploads/847213787_LO_8c8e661254.jpg',NULL,'local',NULL,'/5/11','2023-12-02 09:16:59.364000','2023-12-02 09:16:59.364000',1,1),(206,'347780055Stepsstone.jpg',NULL,NULL,150,38,NULL,'347780055_Stepsstone_a428fe0fe3','.jpg','image/jpeg',1.94,'/uploads/347780055_Stepsstone_a428fe0fe3.jpg',NULL,'local',NULL,'/6','2023-12-02 11:34:56.090000','2023-12-02 11:34:56.090000',1,1),(207,'1940694352Anans Banner Image.jpeg',NULL,NULL,1000,707,'{\"small\": {\"ext\": \".jpeg\", \"url\": \"/uploads/small_1940694352_Anans_Banner_Image_38380e1d5d.jpeg\", \"hash\": \"small_1940694352_Anans_Banner_Image_38380e1d5d\", \"mime\": \"image/jpeg\", \"name\": \"small_1940694352Anans Banner Image.jpeg\", \"path\": null, \"size\": 36.83, \"width\": 500, \"height\": 354}, \"medium\": {\"ext\": \".jpeg\", \"url\": \"/uploads/medium_1940694352_Anans_Banner_Image_38380e1d5d.jpeg\", \"hash\": \"medium_1940694352_Anans_Banner_Image_38380e1d5d\", \"mime\": \"image/jpeg\", \"name\": \"medium_1940694352Anans Banner Image.jpeg\", \"path\": null, \"size\": 68.11, \"width\": 750, \"height\": 530}, \"thumbnail\": {\"ext\": \".jpeg\", \"url\": \"/uploads/thumbnail_1940694352_Anans_Banner_Image_38380e1d5d.jpeg\", \"hash\": \"thumbnail_1940694352_Anans_Banner_Image_38380e1d5d\", \"mime\": \"image/jpeg\", \"name\": \"thumbnail_1940694352Anans Banner Image.jpeg\", \"path\": null, \"size\": 10.14, \"width\": 221, \"height\": 156}}','1940694352_Anans_Banner_Image_38380e1d5d','.jpeg','image/jpeg',103.93,'/uploads/1940694352_Anans_Banner_Image_38380e1d5d.jpeg',NULL,'local',NULL,'/5/12','2023-12-02 14:35:55.078000','2023-12-02 14:35:55.078000',1,1),(208,'927586250.jpg',NULL,NULL,1080,1080,'{\"large\": {\"ext\": \".jpg\", \"url\": \"/uploads/large_927586250_8e7f250cb7.jpg\", \"hash\": \"large_927586250_8e7f250cb7\", \"mime\": \"image/jpeg\", \"name\": \"large_927586250.jpg\", \"path\": null, \"size\": 81.38, \"width\": 1000, \"height\": 1000}, \"small\": {\"ext\": \".jpg\", \"url\": \"/uploads/small_927586250_8e7f250cb7.jpg\", \"hash\": \"small_927586250_8e7f250cb7\", \"mime\": \"image/jpeg\", \"name\": \"small_927586250.jpg\", \"path\": null, \"size\": 31.59, \"width\": 500, \"height\": 500}, \"medium\": {\"ext\": \".jpg\", \"url\": \"/uploads/medium_927586250_8e7f250cb7.jpg\", \"hash\": \"medium_927586250_8e7f250cb7\", \"mime\": \"image/jpeg\", \"name\": \"medium_927586250.jpg\", \"path\": null, \"size\": 55.57, \"width\": 750, \"height\": 750}, \"thumbnail\": {\"ext\": \".jpg\", \"url\": \"/uploads/thumbnail_927586250_8e7f250cb7.jpg\", \"hash\": \"thumbnail_927586250_8e7f250cb7\", \"mime\": \"image/jpeg\", \"name\": \"thumbnail_927586250.jpg\", \"path\": null, \"size\": 5.57, \"width\": 156, \"height\": 156}}','927586250_8e7f250cb7','.jpg','image/jpeg',89.61,'/uploads/927586250_8e7f250cb7.jpg',NULL,'local',NULL,'/5/12','2023-12-02 14:38:33.493000','2023-12-02 14:38:33.493000',1,1),(209,'1463921956.jpg',NULL,NULL,1080,1080,'{\"large\": {\"ext\": \".jpg\", \"url\": \"/uploads/large_1463921956_c57f346ba0.jpg\", \"hash\": \"large_1463921956_c57f346ba0\", \"mime\": \"image/jpeg\", \"name\": \"large_1463921956.jpg\", \"path\": null, \"size\": 82.29, \"width\": 1000, \"height\": 1000}, \"small\": {\"ext\": \".jpg\", \"url\": \"/uploads/small_1463921956_c57f346ba0.jpg\", \"hash\": \"small_1463921956_c57f346ba0\", \"mime\": \"image/jpeg\", \"name\": \"small_1463921956.jpg\", \"path\": null, \"size\": 32.46, \"width\": 500, \"height\": 500}, \"medium\": {\"ext\": \".jpg\", \"url\": \"/uploads/medium_1463921956_c57f346ba0.jpg\", \"hash\": \"medium_1463921956_c57f346ba0\", \"mime\": \"image/jpeg\", \"name\": \"medium_1463921956.jpg\", \"path\": null, \"size\": 55.81, \"width\": 750, \"height\": 750}, \"thumbnail\": {\"ext\": \".jpg\", \"url\": \"/uploads/thumbnail_1463921956_c57f346ba0.jpg\", \"hash\": \"thumbnail_1463921956_c57f346ba0\", \"mime\": \"image/jpeg\", \"name\": \"thumbnail_1463921956.jpg\", \"path\": null, \"size\": 5.42, \"width\": 156, \"height\": 156}}','1463921956_c57f346ba0','.jpg','image/jpeg',89.76,'/uploads/1463921956_c57f346ba0.jpg',NULL,'local',NULL,'/5/12','2023-12-02 14:38:33.689000','2023-12-02 14:38:33.689000',1,1),(210,'323807669Anans Location Plan.jpeg',NULL,NULL,1336,700,'{\"large\": {\"ext\": \".jpeg\", \"url\": \"/uploads/large_323807669_Anans_Location_Plan_c8f1b2230d.jpeg\", \"hash\": \"large_323807669_Anans_Location_Plan_c8f1b2230d\", \"mime\": \"image/jpeg\", \"name\": \"large_323807669Anans Location Plan.jpeg\", \"path\": null, \"size\": 38.81, \"width\": 1000, \"height\": 524}, \"small\": {\"ext\": \".jpeg\", \"url\": \"/uploads/small_323807669_Anans_Location_Plan_c8f1b2230d.jpeg\", \"hash\": \"small_323807669_Anans_Location_Plan_c8f1b2230d\", \"mime\": \"image/jpeg\", \"name\": \"small_323807669Anans Location Plan.jpeg\", \"path\": null, \"size\": 14.89, \"width\": 500, \"height\": 262}, \"medium\": {\"ext\": \".jpeg\", \"url\": \"/uploads/medium_323807669_Anans_Location_Plan_c8f1b2230d.jpeg\", \"hash\": \"medium_323807669_Anans_Location_Plan_c8f1b2230d\", \"mime\": \"image/jpeg\", \"name\": \"medium_323807669Anans Location Plan.jpeg\", \"path\": null, \"size\": 26.64, \"width\": 750, \"height\": 393}, \"thumbnail\": {\"ext\": \".jpeg\", \"url\": \"/uploads/thumbnail_323807669_Anans_Location_Plan_c8f1b2230d.jpeg\", \"hash\": \"thumbnail_323807669_Anans_Location_Plan_c8f1b2230d\", \"mime\": \"image/jpeg\", \"name\": \"thumbnail_323807669Anans Location Plan.jpeg\", \"path\": null, \"size\": 5.69, \"width\": 245, \"height\": 128}}','323807669_Anans_Location_Plan_c8f1b2230d','.jpeg','image/jpeg',51.58,'/uploads/323807669_Anans_Location_Plan_c8f1b2230d.jpeg',NULL,'local',NULL,'/5/12','2023-12-02 14:41:34.319000','2023-12-02 14:42:06.100000',1,1),(211,'38172034Anans 2 perungudi Brochure.pdf',NULL,NULL,NULL,NULL,NULL,'38172034_Anans_2_perungudi_Brochure_7941ea1e02','.pdf','application/pdf',8812.69,'/uploads/38172034_Anans_2_perungudi_Brochure_7941ea1e02.pdf',NULL,'local',NULL,'/5/12','2023-12-02 14:41:55.725000','2023-12-02 14:41:55.725000',1,1),(212,'1172435970somerset-house-images-for-elevation-of-purva-somerset-house-717541.jpeg',NULL,NULL,1336,751,'{\"large\": {\"ext\": \".jpeg\", \"url\": \"/uploads/large_1172435970somerset_house_images_for_elevation_of_purva_somerset_house_717541_fbe08b668a.jpeg\", \"hash\": \"large_1172435970somerset_house_images_for_elevation_of_purva_somerset_house_717541_fbe08b668a\", \"mime\": \"image/jpeg\", \"name\": \"large_1172435970somerset-house-images-for-elevation-of-purva-somerset-house-717541.jpeg\", \"path\": null, \"size\": 113.48, \"width\": 1000, \"height\": 562}, \"small\": {\"ext\": \".jpeg\", \"url\": \"/uploads/small_1172435970somerset_house_images_for_elevation_of_purva_somerset_house_717541_fbe08b668a.jpeg\", \"hash\": \"small_1172435970somerset_house_images_for_elevation_of_purva_somerset_house_717541_fbe08b668a\", \"mime\": \"image/jpeg\", \"name\": \"small_1172435970somerset-house-images-for-elevation-of-purva-somerset-house-717541.jpeg\", \"path\": null, \"size\": 35.68, \"width\": 500, \"height\": 281}, \"medium\": {\"ext\": \".jpeg\", \"url\": \"/uploads/medium_1172435970somerset_house_images_for_elevation_of_purva_somerset_house_717541_fbe08b668a.jpeg\", \"hash\": \"medium_1172435970somerset_house_images_for_elevation_of_purva_somerset_house_717541_fbe08b668a\", \"mime\": \"image/jpeg\", \"name\": \"medium_1172435970somerset-house-images-for-elevation-of-purva-somerset-house-717541.jpeg\", \"path\": null, \"size\": 71.71, \"width\": 750, \"height\": 422}, \"thumbnail\": {\"ext\": \".jpeg\", \"url\": \"/uploads/thumbnail_1172435970somerset_house_images_for_elevation_of_purva_somerset_house_717541_fbe08b668a.jpeg\", \"hash\": \"thumbnail_1172435970somerset_house_images_for_elevation_of_purva_somerset_house_717541_fbe08b668a\", \"mime\": \"image/jpeg\", \"name\": \"thumbnail_1172435970somerset-house-images-for-elevation-of-purva-somerset-house-717541.jpeg\", \"path\": null, \"size\": 10.31, \"width\": 245, \"height\": 137}}','1172435970somerset_house_images_for_elevation_of_purva_somerset_house_717541_fbe08b668a','.jpeg','image/jpeg',137.87,'/uploads/1172435970somerset_house_images_for_elevation_of_purva_somerset_house_717541_fbe08b668a.jpeg',NULL,'local',NULL,'/','2023-12-02 18:11:23.685000','2023-12-02 18:11:23.685000',1,1),(213,'21089826301.jpg',NULL,NULL,1000,668,'{\"small\": {\"ext\": \".jpg\", \"url\": \"/uploads/small_21089826301_765bca5af8.jpg\", \"hash\": \"small_21089826301_765bca5af8\", \"mime\": \"image/jpeg\", \"name\": \"small_21089826301.jpg\", \"path\": null, \"size\": 40.16, \"width\": 500, \"height\": 334}, \"medium\": {\"ext\": \".jpg\", \"url\": \"/uploads/medium_21089826301_765bca5af8.jpg\", \"hash\": \"medium_21089826301_765bca5af8\", \"mime\": \"image/jpeg\", \"name\": \"medium_21089826301.jpg\", \"path\": null, \"size\": 79.28, \"width\": 750, \"height\": 501}, \"thumbnail\": {\"ext\": \".jpg\", \"url\": \"/uploads/thumbnail_21089826301_765bca5af8.jpg\", \"hash\": \"thumbnail_21089826301_765bca5af8\", \"mime\": \"image/jpeg\", \"name\": \"thumbnail_21089826301.jpg\", \"path\": null, \"size\": 10.13, \"width\": 234, \"height\": 156}}','21089826301_765bca5af8','.jpg','image/jpeg',87.18,'/uploads/21089826301_765bca5af8.jpg',NULL,'local',NULL,'/','2023-12-02 18:13:37.839000','2023-12-02 18:13:37.839000',1,1),(214,'1993269950KG.jpg',NULL,NULL,200,148,NULL,'1993269950_KG_da3f338c19','.jpg','image/jpeg',4.04,'/uploads/1993269950_KG_da3f338c19.jpg',NULL,'local',NULL,'/','2023-12-02 18:18:09.076000','2023-12-02 18:18:09.076000',1,1),(215,'1874915309Nightview_Revised.jpg',NULL,NULL,710,521,'{\"small\": {\"ext\": \".jpg\", \"url\": \"/uploads/small_1874915309_Nightview_Revised_2964631575.jpg\", \"hash\": \"small_1874915309_Nightview_Revised_2964631575\", \"mime\": \"image/jpeg\", \"name\": \"small_1874915309Nightview_Revised.jpg\", \"path\": null, \"size\": 58.48, \"width\": 500, \"height\": 367}, \"thumbnail\": {\"ext\": \".jpg\", \"url\": \"/uploads/thumbnail_1874915309_Nightview_Revised_2964631575.jpg\", \"hash\": \"thumbnail_1874915309_Nightview_Revised_2964631575\", \"mime\": \"image/jpeg\", \"name\": \"thumbnail_1874915309Nightview_Revised.jpg\", \"path\": null, \"size\": 11.6, \"width\": 213, \"height\": 156}}','1874915309_Nightview_Revised_2964631575','.jpg','image/jpeg',117.59,'/uploads/1874915309_Nightview_Revised_2964631575.jpg',NULL,'local',NULL,'/5/13','2023-12-02 18:21:15.984000','2023-12-02 18:21:15.984000',1,1),(216,'1003414890kitchen.jpg',NULL,NULL,1430,926,'{\"large\": {\"ext\": \".jpg\", \"url\": \"/uploads/large_1003414890kitchen_23e1c66d66.jpg\", \"hash\": \"large_1003414890kitchen_23e1c66d66\", \"mime\": \"image/jpeg\", \"name\": \"large_1003414890kitchen.jpg\", \"path\": null, \"size\": 85.67, \"width\": 1000, \"height\": 648}, \"small\": {\"ext\": \".jpg\", \"url\": \"/uploads/small_1003414890kitchen_23e1c66d66.jpg\", \"hash\": \"small_1003414890kitchen_23e1c66d66\", \"mime\": \"image/jpeg\", \"name\": \"small_1003414890kitchen.jpg\", \"path\": null, \"size\": 26.53, \"width\": 500, \"height\": 324}, \"medium\": {\"ext\": \".jpg\", \"url\": \"/uploads/medium_1003414890kitchen_23e1c66d66.jpg\", \"hash\": \"medium_1003414890kitchen_23e1c66d66\", \"mime\": \"image/jpeg\", \"name\": \"medium_1003414890kitchen.jpg\", \"path\": null, \"size\": 52.65, \"width\": 750, \"height\": 486}, \"thumbnail\": {\"ext\": \".jpg\", \"url\": \"/uploads/thumbnail_1003414890kitchen_23e1c66d66.jpg\", \"hash\": \"thumbnail_1003414890kitchen_23e1c66d66\", \"mime\": \"image/jpeg\", \"name\": \"thumbnail_1003414890kitchen.jpg\", \"path\": null, \"size\": 7.83, \"width\": 241, \"height\": 156}}','1003414890kitchen_23e1c66d66','.jpg','image/jpeg',155.38,'/uploads/1003414890kitchen_23e1c66d66.jpg',NULL,'local',NULL,'/5/13','2023-12-02 18:21:16.007000','2023-12-02 18:21:16.007000',1,1),(217,'1472979868living area.jpg',NULL,NULL,1369,931,'{\"large\": {\"ext\": \".jpg\", \"url\": \"/uploads/large_1472979868living_area_1a27d42996.jpg\", \"hash\": \"large_1472979868living_area_1a27d42996\", \"mime\": \"image/jpeg\", \"name\": \"large_1472979868living area.jpg\", \"path\": null, \"size\": 107, \"width\": 1000, \"height\": 680}, \"small\": {\"ext\": \".jpg\", \"url\": \"/uploads/small_1472979868living_area_1a27d42996.jpg\", \"hash\": \"small_1472979868living_area_1a27d42996\", \"mime\": \"image/jpeg\", \"name\": \"small_1472979868living area.jpg\", \"path\": null, \"size\": 31.91, \"width\": 500, \"height\": 340}, \"medium\": {\"ext\": \".jpg\", \"url\": \"/uploads/medium_1472979868living_area_1a27d42996.jpg\", \"hash\": \"medium_1472979868living_area_1a27d42996\", \"mime\": \"image/jpeg\", \"name\": \"medium_1472979868living area.jpg\", \"path\": null, \"size\": 64.38, \"width\": 750, \"height\": 510}, \"thumbnail\": {\"ext\": \".jpg\", \"url\": \"/uploads/thumbnail_1472979868living_area_1a27d42996.jpg\", \"hash\": \"thumbnail_1472979868living_area_1a27d42996\", \"mime\": \"image/jpeg\", \"name\": \"thumbnail_1472979868living area.jpg\", \"path\": null, \"size\": 8.28, \"width\": 230, \"height\": 156}}','1472979868living_area_1a27d42996','.jpg','image/jpeg',180.44,'/uploads/1472979868living_area_1a27d42996.jpg',NULL,'local',NULL,'/5/13','2023-12-02 18:21:16.069000','2023-12-02 18:21:16.069000',1,1),(218,'331634143dininig area.jpg',NULL,NULL,1430,926,'{\"large\": {\"ext\": \".jpg\", \"url\": \"/uploads/large_331634143dininig_area_f546077313.jpg\", \"hash\": \"large_331634143dininig_area_f546077313\", \"mime\": \"image/jpeg\", \"name\": \"large_331634143dininig area.jpg\", \"path\": null, \"size\": 72.57, \"width\": 1000, \"height\": 648}, \"small\": {\"ext\": \".jpg\", \"url\": \"/uploads/small_331634143dininig_area_f546077313.jpg\", \"hash\": \"small_331634143dininig_area_f546077313\", \"mime\": \"image/jpeg\", \"name\": \"small_331634143dininig area.jpg\", \"path\": null, \"size\": 23.24, \"width\": 500, \"height\": 324}, \"medium\": {\"ext\": \".jpg\", \"url\": \"/uploads/medium_331634143dininig_area_f546077313.jpg\", \"hash\": \"medium_331634143dininig_area_f546077313\", \"mime\": \"image/jpeg\", \"name\": \"medium_331634143dininig area.jpg\", \"path\": null, \"size\": 45.13, \"width\": 750, \"height\": 486}, \"thumbnail\": {\"ext\": \".jpg\", \"url\": \"/uploads/thumbnail_331634143dininig_area_f546077313.jpg\", \"hash\": \"thumbnail_331634143dininig_area_f546077313\", \"mime\": \"image/jpeg\", \"name\": \"thumbnail_331634143dininig area.jpg\", \"path\": null, \"size\": 7.03, \"width\": 241, \"height\": 156}}','331634143dininig_area_f546077313','.jpg','image/jpeg',128.01,'/uploads/331634143dininig_area_f546077313.jpg',NULL,'local',NULL,'/5/13','2023-12-02 18:21:16.075000','2023-12-02 18:21:16.075000',1,1),(219,'99569913bedroom1.jpg',NULL,NULL,1440,960,'{\"large\": {\"ext\": \".jpg\", \"url\": \"/uploads/large_99569913bedroom1_7efa620b29.jpg\", \"hash\": \"large_99569913bedroom1_7efa620b29\", \"mime\": \"image/jpeg\", \"name\": \"large_99569913bedroom1.jpg\", \"path\": null, \"size\": 97.43, \"width\": 1000, \"height\": 667}, \"small\": {\"ext\": \".jpg\", \"url\": \"/uploads/small_99569913bedroom1_7efa620b29.jpg\", \"hash\": \"small_99569913bedroom1_7efa620b29\", \"mime\": \"image/jpeg\", \"name\": \"small_99569913bedroom1.jpg\", \"path\": null, \"size\": 26.59, \"width\": 500, \"height\": 333}, \"medium\": {\"ext\": \".jpg\", \"url\": \"/uploads/medium_99569913bedroom1_7efa620b29.jpg\", \"hash\": \"medium_99569913bedroom1_7efa620b29\", \"mime\": \"image/jpeg\", \"name\": \"medium_99569913bedroom1.jpg\", \"path\": null, \"size\": 55.67, \"width\": 750, \"height\": 500}, \"thumbnail\": {\"ext\": \".jpg\", \"url\": \"/uploads/thumbnail_99569913bedroom1_7efa620b29.jpg\", \"hash\": \"thumbnail_99569913bedroom1_7efa620b29\", \"mime\": \"image/jpeg\", \"name\": \"thumbnail_99569913bedroom1.jpg\", \"path\": null, \"size\": 7.22, \"width\": 234, \"height\": 156}}','99569913bedroom1_7efa620b29','.jpg','image/jpeg',191.92,'/uploads/99569913bedroom1_7efa620b29.jpg',NULL,'local',NULL,'/5/13','2023-12-02 18:21:16.163000','2023-12-02 18:21:16.163000',1,1),(220,'310822604hues-elevation-29942304.jpeg',NULL,NULL,1336,750,'{\"large\": {\"ext\": \".jpeg\", \"url\": \"/uploads/large_310822604hues_elevation_29942304_586e477ee8.jpeg\", \"hash\": \"large_310822604hues_elevation_29942304_586e477ee8\", \"mime\": \"image/jpeg\", \"name\": \"large_310822604hues-elevation-29942304.jpeg\", \"path\": null, \"size\": 117.55, \"width\": 1000, \"height\": 561}, \"small\": {\"ext\": \".jpeg\", \"url\": \"/uploads/small_310822604hues_elevation_29942304_586e477ee8.jpeg\", \"hash\": \"small_310822604hues_elevation_29942304_586e477ee8\", \"mime\": \"image/jpeg\", \"name\": \"small_310822604hues-elevation-29942304.jpeg\", \"path\": null, \"size\": 35.3, \"width\": 500, \"height\": 281}, \"medium\": {\"ext\": \".jpeg\", \"url\": \"/uploads/medium_310822604hues_elevation_29942304_586e477ee8.jpeg\", \"hash\": \"medium_310822604hues_elevation_29942304_586e477ee8\", \"mime\": \"image/jpeg\", \"name\": \"medium_310822604hues-elevation-29942304.jpeg\", \"path\": null, \"size\": 71, \"width\": 750, \"height\": 421}, \"thumbnail\": {\"ext\": \".jpeg\", \"url\": \"/uploads/thumbnail_310822604hues_elevation_29942304_586e477ee8.jpeg\", \"hash\": \"thumbnail_310822604hues_elevation_29942304_586e477ee8\", \"mime\": \"image/jpeg\", \"name\": \"thumbnail_310822604hues-elevation-29942304.jpeg\", \"path\": null, \"size\": 9.56, \"width\": 245, \"height\": 137}}','310822604hues_elevation_29942304_586e477ee8','.jpeg','image/jpeg',151.93,'/uploads/310822604hues_elevation_29942304_586e477ee8.jpeg',NULL,'local',NULL,'/','2023-12-02 18:22:38.721000','2023-12-02 18:22:38.721000',1,1),(221,'1808500065Elevation-1024x768.jpg',NULL,NULL,1024,768,'{\"large\": {\"ext\": \".jpg\", \"url\": \"/uploads/large_1808500065_Elevation_1024x768_bfa8b8bb3f.jpg\", \"hash\": \"large_1808500065_Elevation_1024x768_bfa8b8bb3f\", \"mime\": \"image/jpeg\", \"name\": \"large_1808500065Elevation-1024x768.jpg\", \"path\": null, \"size\": 131.31, \"width\": 1000, \"height\": 750}, \"small\": {\"ext\": \".jpg\", \"url\": \"/uploads/small_1808500065_Elevation_1024x768_bfa8b8bb3f.jpg\", \"hash\": \"small_1808500065_Elevation_1024x768_bfa8b8bb3f\", \"mime\": \"image/jpeg\", \"name\": \"small_1808500065Elevation-1024x768.jpg\", \"path\": null, \"size\": 40.98, \"width\": 500, \"height\": 375}, \"medium\": {\"ext\": \".jpg\", \"url\": \"/uploads/medium_1808500065_Elevation_1024x768_bfa8b8bb3f.jpg\", \"hash\": \"medium_1808500065_Elevation_1024x768_bfa8b8bb3f\", \"mime\": \"image/jpeg\", \"name\": \"medium_1808500065Elevation-1024x768.jpg\", \"path\": null, \"size\": 83.41, \"width\": 750, \"height\": 563}, \"thumbnail\": {\"ext\": \".jpg\", \"url\": \"/uploads/thumbnail_1808500065_Elevation_1024x768_bfa8b8bb3f.jpg\", \"hash\": \"thumbnail_1808500065_Elevation_1024x768_bfa8b8bb3f\", \"mime\": \"image/jpeg\", \"name\": \"thumbnail_1808500065Elevation-1024x768.jpg\", \"path\": null, \"size\": 9.13, \"width\": 208, \"height\": 156}}','1808500065_Elevation_1024x768_bfa8b8bb3f','.jpg','image/jpeg',119.79,'/uploads/1808500065_Elevation_1024x768_bfa8b8bb3f.jpg',NULL,'local',NULL,'/','2023-12-02 18:24:11.210000','2023-12-02 18:24:11.210000',1,1),(222,'1575098441Hiranandani.jpg',NULL,NULL,200,123,NULL,'1575098441_Hiranandani_6a7208e809','.jpg','image/jpeg',2.88,'/uploads/1575098441_Hiranandani_6a7208e809.jpg',NULL,'local',NULL,'/','2023-12-02 18:27:39.775000','2023-12-02 18:27:39.775000',1,1),(223,'1689701554Elevation.jpeg',NULL,NULL,420,296,'{\"thumbnail\": {\"ext\": \".jpeg\", \"url\": \"/uploads/thumbnail_1689701554_Elevation_5df4c75364.jpeg\", \"hash\": \"thumbnail_1689701554_Elevation_5df4c75364\", \"mime\": \"image/jpeg\", \"name\": \"thumbnail_1689701554Elevation.jpeg\", \"path\": null, \"size\": 7.43, \"width\": 221, \"height\": 156}}','1689701554_Elevation_5df4c75364','.jpeg','image/jpeg',23.75,'/uploads/1689701554_Elevation_5df4c75364.jpeg',NULL,'local',NULL,'/5/14','2023-12-02 18:42:18.636000','2023-12-02 18:47:37.290000',1,1),(224,'919912608headbanner_21.jpg',NULL,NULL,676,296,'{\"small\": {\"ext\": \".jpg\", \"url\": \"/uploads/small_919912608headbanner_21_cfa6fa57e0.jpg\", \"hash\": \"small_919912608headbanner_21_cfa6fa57e0\", \"mime\": \"image/jpeg\", \"name\": \"small_919912608headbanner_21.jpg\", \"path\": null, \"size\": 30.33, \"width\": 500, \"height\": 219}, \"thumbnail\": {\"ext\": \".jpg\", \"url\": \"/uploads/thumbnail_919912608headbanner_21_cfa6fa57e0.jpg\", \"hash\": \"thumbnail_919912608headbanner_21_cfa6fa57e0\", \"mime\": \"image/jpeg\", \"name\": \"thumbnail_919912608headbanner_21.jpg\", \"path\": null, \"size\": 7.9, \"width\": 245, \"height\": 107}}','919912608headbanner_21_cfa6fa57e0','.jpg','image/jpeg',50.34,'/uploads/919912608headbanner_21_cfa6fa57e0.jpg',NULL,'local',NULL,'/5/14','2023-12-02 18:42:19.648000','2023-12-02 18:42:19.648000',1,1),(225,'396163426headbanner_25.jpg',NULL,NULL,676,296,'{\"small\": {\"ext\": \".jpg\", \"url\": \"/uploads/small_396163426headbanner_25_2d36ee45c8.jpg\", \"hash\": \"small_396163426headbanner_25_2d36ee45c8\", \"mime\": \"image/jpeg\", \"name\": \"small_396163426headbanner_25.jpg\", \"path\": null, \"size\": 27.68, \"width\": 500, \"height\": 219}, \"thumbnail\": {\"ext\": \".jpg\", \"url\": \"/uploads/thumbnail_396163426headbanner_25_2d36ee45c8.jpg\", \"hash\": \"thumbnail_396163426headbanner_25_2d36ee45c8\", \"mime\": \"image/jpeg\", \"name\": \"thumbnail_396163426headbanner_25.jpg\", \"path\": null, \"size\": 7.44, \"width\": 245, \"height\": 107}}','396163426headbanner_25_2d36ee45c8','.jpg','image/jpeg',47.63,'/uploads/396163426headbanner_25_2d36ee45c8.jpg',NULL,'local',NULL,'/5/14','2023-12-02 18:42:19.652000','2023-12-21 16:17:08.642000',1,1),(226,'289863677dusk-2-display.jpg',NULL,NULL,620,729,'{\"small\": {\"ext\": \".jpg\", \"url\": \"/uploads/small_289863677dusk_2_display_a80718d63a.jpg\", \"hash\": \"small_289863677dusk_2_display_a80718d63a\", \"mime\": \"image/jpeg\", \"name\": \"small_289863677dusk-2-display.jpg\", \"path\": null, \"size\": 43.54, \"width\": 425, \"height\": 500}, \"thumbnail\": {\"ext\": \".jpg\", \"url\": \"/uploads/thumbnail_289863677dusk_2_display_a80718d63a.jpg\", \"hash\": \"thumbnail_289863677dusk_2_display_a80718d63a\", \"mime\": \"image/jpeg\", \"name\": \"thumbnail_289863677dusk-2-display.jpg\", \"path\": null, \"size\": 4.8, \"width\": 133, \"height\": 156}}','289863677dusk_2_display_a80718d63a','.jpg','image/jpeg',88.53,'/uploads/289863677dusk_2_display_a80718d63a.jpg',NULL,'local',NULL,'/5/14','2023-12-02 18:42:19.710000','2023-12-02 18:42:19.710000',1,1),(227,'219988389gallery_1552896996_625.jpg',NULL,NULL,1300,1100,'{\"large\": {\"ext\": \".jpg\", \"url\": \"/uploads/large_219988389gallery_1552896996_625_5744a94fb2.jpg\", \"hash\": \"large_219988389gallery_1552896996_625_5744a94fb2\", \"mime\": \"image/jpeg\", \"name\": \"large_219988389gallery_1552896996_625.jpg\", \"path\": null, \"size\": 163.65, \"width\": 1000, \"height\": 846}, \"small\": {\"ext\": \".jpg\", \"url\": \"/uploads/small_219988389gallery_1552896996_625_5744a94fb2.jpg\", \"hash\": \"small_219988389gallery_1552896996_625_5744a94fb2\", \"mime\": \"image/jpeg\", \"name\": \"small_219988389gallery_1552896996_625.jpg\", \"path\": null, \"size\": 49.28, \"width\": 500, \"height\": 423}, \"medium\": {\"ext\": \".jpg\", \"url\": \"/uploads/medium_219988389gallery_1552896996_625_5744a94fb2.jpg\", \"hash\": \"medium_219988389gallery_1552896996_625_5744a94fb2\", \"mime\": \"image/jpeg\", \"name\": \"medium_219988389gallery_1552896996_625.jpg\", \"path\": null, \"size\": 100.53, \"width\": 750, \"height\": 635}, \"thumbnail\": {\"ext\": \".jpg\", \"url\": \"/uploads/thumbnail_219988389gallery_1552896996_625_5744a94fb2.jpg\", \"hash\": \"thumbnail_219988389gallery_1552896996_625_5744a94fb2\", \"mime\": \"image/jpeg\", \"name\": \"thumbnail_219988389gallery_1552896996_625.jpg\", \"path\": null, \"size\": 8.43, \"width\": 184, \"height\": 156}}','219988389gallery_1552896996_625_5744a94fb2','.jpg','image/jpeg',174.62,'/uploads/219988389gallery_1552896996_625_5744a94fb2.jpg',NULL,'local',NULL,'/5/11','2023-12-02 18:49:48.586000','2023-12-02 18:49:48.586000',1,1),(228,'680818726akshaya-republic-elevation-710819.jpeg',NULL,NULL,1336,701,'{\"large\": {\"ext\": \".jpeg\", \"url\": \"/uploads/large_680818726akshaya_republic_elevation_710819_b9238e7f91.jpeg\", \"hash\": \"large_680818726akshaya_republic_elevation_710819_b9238e7f91\", \"mime\": \"image/jpeg\", \"name\": \"large_680818726akshaya-republic-elevation-710819.jpeg\", \"path\": null, \"size\": 99.28, \"width\": 1000, \"height\": 525}, \"small\": {\"ext\": \".jpeg\", \"url\": \"/uploads/small_680818726akshaya_republic_elevation_710819_b9238e7f91.jpeg\", \"hash\": \"small_680818726akshaya_republic_elevation_710819_b9238e7f91\", \"mime\": \"image/jpeg\", \"name\": \"small_680818726akshaya-republic-elevation-710819.jpeg\", \"path\": null, \"size\": 32.29, \"width\": 500, \"height\": 262}, \"medium\": {\"ext\": \".jpeg\", \"url\": \"/uploads/medium_680818726akshaya_republic_elevation_710819_b9238e7f91.jpeg\", \"hash\": \"medium_680818726akshaya_republic_elevation_710819_b9238e7f91\", \"mime\": \"image/jpeg\", \"name\": \"medium_680818726akshaya-republic-elevation-710819.jpeg\", \"path\": null, \"size\": 63.54, \"width\": 750, \"height\": 394}, \"thumbnail\": {\"ext\": \".jpeg\", \"url\": \"/uploads/thumbnail_680818726akshaya_republic_elevation_710819_b9238e7f91.jpeg\", \"hash\": \"thumbnail_680818726akshaya_republic_elevation_710819_b9238e7f91\", \"mime\": \"image/jpeg\", \"name\": \"thumbnail_680818726akshaya-republic-elevation-710819.jpeg\", \"path\": null, \"size\": 8.86, \"width\": 245, \"height\": 128}}','680818726akshaya_republic_elevation_710819_b9238e7f91','.jpeg','image/jpeg',120.67,'/uploads/680818726akshaya_republic_elevation_710819_b9238e7f91.jpeg',NULL,'local',NULL,'/','2023-12-02 18:51:16.845000','2023-12-02 18:51:16.845000',1,1),(229,'1347791371somerset-house-elevation-31099317.png',NULL,NULL,1200,768,'{\"large\": {\"ext\": \".png\", \"url\": \"/uploads/large_1347791371somerset_house_elevation_31099317_88307f8d55.png\", \"hash\": \"large_1347791371somerset_house_elevation_31099317_88307f8d55\", \"mime\": \"image/png\", \"name\": \"large_1347791371somerset-house-elevation-31099317.png\", \"path\": null, \"size\": 1394.05, \"width\": 1000, \"height\": 640}, \"small\": {\"ext\": \".png\", \"url\": \"/uploads/small_1347791371somerset_house_elevation_31099317_88307f8d55.png\", \"hash\": \"small_1347791371somerset_house_elevation_31099317_88307f8d55\", \"mime\": \"image/png\", \"name\": \"small_1347791371somerset-house-elevation-31099317.png\", \"path\": null, \"size\": 367.18, \"width\": 500, \"height\": 320}, \"medium\": {\"ext\": \".png\", \"url\": \"/uploads/medium_1347791371somerset_house_elevation_31099317_88307f8d55.png\", \"hash\": \"medium_1347791371somerset_house_elevation_31099317_88307f8d55\", \"mime\": \"image/png\", \"name\": \"medium_1347791371somerset-house-elevation-31099317.png\", \"path\": null, \"size\": 803.11, \"width\": 750, \"height\": 480}, \"thumbnail\": {\"ext\": \".png\", \"url\": \"/uploads/thumbnail_1347791371somerset_house_elevation_31099317_88307f8d55.png\", \"hash\": \"thumbnail_1347791371somerset_house_elevation_31099317_88307f8d55\", \"mime\": \"image/png\", \"name\": \"thumbnail_1347791371somerset-house-elevation-31099317.png\", \"path\": null, \"size\": 95.57, \"width\": 244, \"height\": 156}}','1347791371somerset_house_elevation_31099317_88307f8d55','.png','image/png',479.60,'/uploads/1347791371somerset_house_elevation_31099317_88307f8d55.png',NULL,'local',NULL,'/','2023-12-02 20:24:37.228000','2023-12-02 20:24:37.228000',1,1),(230,'fbp-white.png',NULL,NULL,110,85,NULL,'fbp_white_26b94502c6','.png','image/png',1.59,'/uploads/fbp_white_26b94502c6.png',NULL,'local',NULL,'/','2023-12-05 08:36:41.279000','2023-12-05 08:36:41.279000',1,1),(231,'17825810281.png',NULL,NULL,750,706,'{\"small\": {\"ext\": \".png\", \"url\": \"/uploads/small_17825810281_2c55109def.png\", \"hash\": \"small_17825810281_2c55109def\", \"mime\": \"image/png\", \"name\": \"small_17825810281.png\", \"path\": null, \"size\": 497.96, \"width\": 500, \"height\": 471}, \"thumbnail\": {\"ext\": \".png\", \"url\": \"/uploads/thumbnail_17825810281_2c55109def.png\", \"hash\": \"thumbnail_17825810281_2c55109def\", \"mime\": \"image/png\", \"name\": \"thumbnail_17825810281.png\", \"path\": null, \"size\": 62.79, \"width\": 166, \"height\": 156}}','17825810281_2c55109def','.png','image/png',227.77,'/uploads/17825810281_2c55109def.png',NULL,'local',NULL,'/','2023-12-08 08:56:46.948000','2023-12-08 08:56:46.948000',2,2),(232,'1613533523site pl.jpg',NULL,NULL,794,431,'{\"small\": {\"ext\": \".jpg\", \"url\": \"/uploads/small_1613533523site_pl_962eb8fb1d.jpg\", \"hash\": \"small_1613533523site_pl_962eb8fb1d\", \"mime\": \"image/jpeg\", \"name\": \"small_1613533523site pl.jpg\", \"path\": null, \"size\": 40.54, \"width\": 500, \"height\": 271}, \"medium\": {\"ext\": \".jpg\", \"url\": \"/uploads/medium_1613533523site_pl_962eb8fb1d.jpg\", \"hash\": \"medium_1613533523site_pl_962eb8fb1d\", \"mime\": \"image/jpeg\", \"name\": \"medium_1613533523site pl.jpg\", \"path\": null, \"size\": 92.19, \"width\": 750, \"height\": 407}, \"thumbnail\": {\"ext\": \".jpg\", \"url\": \"/uploads/thumbnail_1613533523site_pl_962eb8fb1d.jpg\", \"hash\": \"thumbnail_1613533523site_pl_962eb8fb1d\", \"mime\": \"image/jpeg\", \"name\": \"thumbnail_1613533523site pl.jpg\", \"path\": null, \"size\": 9.82, \"width\": 245, \"height\": 133}}','1613533523site_pl_962eb8fb1d','.jpg','image/jpeg',107.89,'/uploads/1613533523site_pl_962eb8fb1d.jpg',NULL,'local',NULL,'/5/15','2023-12-08 09:04:14.569000','2023-12-08 09:04:14.569000',2,2),(233,'1231993226Lifestyle Housing.jpg',NULL,NULL,150,110,NULL,'1231993226_Lifestyle_Housing_31ab5b9f2a','.jpg','image/jpeg',3.09,'/uploads/1231993226_Lifestyle_Housing_31ab5b9f2a.jpg',NULL,'local',NULL,'/','2023-12-08 09:07:51.961000','2023-12-08 09:07:51.961000',2,2),(234,'banner1.jpg',NULL,NULL,1920,600,'{\"large\": {\"ext\": \".jpg\", \"url\": \"/uploads/large_banner1_e615b3efd2.jpg\", \"hash\": \"large_banner1_e615b3efd2\", \"mime\": \"image/jpeg\", \"name\": \"large_banner1.jpg\", \"path\": null, \"size\": 51.76, \"width\": 1000, \"height\": 313}, \"small\": {\"ext\": \".jpg\", \"url\": \"/uploads/small_banner1_e615b3efd2.jpg\", \"hash\": \"small_banner1_e615b3efd2\", \"mime\": \"image/jpeg\", \"name\": \"small_banner1.jpg\", \"path\": null, \"size\": 14.62, \"width\": 500, \"height\": 156}, \"medium\": {\"ext\": \".jpg\", \"url\": \"/uploads/medium_banner1_e615b3efd2.jpg\", \"hash\": \"medium_banner1_e615b3efd2\", \"mime\": \"image/jpeg\", \"name\": \"medium_banner1.jpg\", \"path\": null, \"size\": 30.57, \"width\": 750, \"height\": 234}, \"thumbnail\": {\"ext\": \".jpg\", \"url\": \"/uploads/thumbnail_banner1_e615b3efd2.jpg\", \"hash\": \"thumbnail_banner1_e615b3efd2\", \"mime\": \"image/jpeg\", \"name\": \"thumbnail_banner1.jpg\", \"path\": null, \"size\": 4.08, \"width\": 245, \"height\": 77}}','banner1_e615b3efd2','.jpg','image/jpeg',179.11,'/uploads/banner1_e615b3efd2.jpg',NULL,'local',NULL,'/','2023-12-10 09:42:30.632000','2023-12-10 09:42:30.632000',1,1),(235,'ccty.png',NULL,NULL,128,128,NULL,'ccty_fe9432368b','.png','image/png',0.82,'/uploads/ccty_fe9432368b.png',NULL,'local',NULL,'/16','2023-12-15 10:16:36.200000','2023-12-15 10:16:36.200000',1,1),(236,'swimming pool.png',NULL,NULL,128,128,NULL,'swimming_pool_fa1e28e878','.png','image/png',1.11,'/uploads/swimming_pool_fa1e28e878.png',NULL,'local',NULL,'/16','2023-12-15 10:16:36.236000','2023-12-15 10:16:36.236000',1,1),(237,'indoorgame.png',NULL,NULL,128,128,NULL,'indoorgame_9c59ba57e0','.png','image/png',1.02,'/uploads/indoorgame_9c59ba57e0.png',NULL,'local',NULL,'/16','2023-12-15 10:16:36.237000','2023-12-15 10:16:36.237000',1,1),(238,'parking.png',NULL,NULL,128,128,NULL,'parking_7bc1d34e23','.png','image/png',1.26,'/uploads/parking_7bc1d34e23.png',NULL,'local',NULL,'/16','2023-12-15 10:16:36.238000','2023-12-15 10:16:36.238000',1,1),(239,'water.png',NULL,NULL,114,114,NULL,'water_8198dc87ac','.png','image/png',1.23,'/uploads/water_8198dc87ac.png',NULL,'local',NULL,'/16','2023-12-15 10:16:36.247000','2023-12-15 10:16:36.247000',1,1),(240,'gym.png',NULL,NULL,128,128,NULL,'gym_7021fb2abe','.png','image/png',1.95,'/uploads/gym_7021fb2abe.png',NULL,'local',NULL,'/16','2023-12-15 10:16:36.248000','2023-12-15 10:16:36.248000',1,1),(241,'security.png',NULL,NULL,128,128,NULL,'security_43f31f9b26','.png','image/png',1.04,'/uploads/security_43f31f9b26.png',NULL,'local',NULL,'/16','2023-12-15 10:16:36.787000','2023-12-15 10:16:36.787000',1,1),(242,'playground.png',NULL,NULL,128,128,NULL,'playground_2352edd6bd','.png','image/png',1.02,'/uploads/playground_2352edd6bd.png',NULL,'local',NULL,'/16','2023-12-15 10:16:36.806000','2023-12-15 10:16:36.806000',1,1),(243,'electricity.png',NULL,NULL,128,128,NULL,'electricity_ccf8962c6d','.png','image/png',0.68,'/uploads/electricity_ccf8962c6d.png',NULL,'local',NULL,'/16','2023-12-15 10:16:36.808000','2023-12-15 10:16:36.808000',1,1),(244,'lift.png',NULL,NULL,128,128,NULL,'lift_3c42562834','.png','image/png',0.76,'/uploads/lift_3c42562834.png',NULL,'local',NULL,'/16','2023-12-15 10:16:36.811000','2023-12-15 10:16:36.811000',1,1),(245,'electricity1.png',NULL,NULL,128,128,NULL,'electricity1_b1b3d4bc91','.png','image/png',1.44,'/uploads/electricity1_b1b3d4bc91.png',NULL,'local',NULL,'/16','2023-12-15 10:16:36.828000','2023-12-15 10:22:43.307000',1,1),(246,'garden.png',NULL,NULL,128,128,NULL,'garden_2cacaa5ae1','.png','image/png',0.78,'/uploads/garden_2cacaa5ae1.png',NULL,'local',NULL,'/16','2023-12-15 10:20:58.221000','2023-12-15 10:20:58.221000',1,1),(247,'atm.png',NULL,NULL,128,128,NULL,'atm_67426cb353','.png','image/png',0.58,'/uploads/atm_67426cb353.png',NULL,'local',NULL,'/16','2023-12-15 10:22:20.473000','2023-12-15 10:22:20.473000',1,1),(248,'swimming pool.png',NULL,NULL,128,128,NULL,'swimming_pool_db99cde1b5','.png','image/png',1.11,'/uploads/swimming_pool_db99cde1b5.png',NULL,'local',NULL,'/16','2023-12-15 10:27:02.313000','2023-12-15 10:27:02.313000',1,1),(249,'atm2.png',NULL,NULL,128,128,NULL,'atm2_6039bcecff','.png','image/png',0.82,'/uploads/atm2_6039bcecff.png',NULL,'local',NULL,'/16','2023-12-15 16:31:13.987000','2023-12-15 16:31:13.987000',1,1),(250,'lift.png',NULL,NULL,128,128,NULL,'lift_0af70b5c52','.png','image/png',0.64,'/uploads/lift_0af70b5c52.png',NULL,'local',NULL,'/16','2023-12-15 16:31:39.458000','2023-12-15 16:31:39.458000',1,1),(251,'2116968381.jpg',NULL,NULL,2560,1441,'{\"large\": {\"ext\": \".jpg\", \"url\": \"/uploads/large_2116968381_8bccc95abf.jpg\", \"hash\": \"large_2116968381_8bccc95abf\", \"mime\": \"image/jpeg\", \"name\": \"large_2116968381.jpg\", \"path\": null, \"size\": 176.83, \"width\": 1000, \"height\": 563}, \"small\": {\"ext\": \".jpg\", \"url\": \"/uploads/small_2116968381_8bccc95abf.jpg\", \"hash\": \"small_2116968381_8bccc95abf\", \"mime\": \"image/jpeg\", \"name\": \"small_2116968381.jpg\", \"path\": null, \"size\": 46.92, \"width\": 500, \"height\": 281}, \"medium\": {\"ext\": \".jpg\", \"url\": \"/uploads/medium_2116968381_8bccc95abf.jpg\", \"hash\": \"medium_2116968381_8bccc95abf\", \"mime\": \"image/jpeg\", \"name\": \"medium_2116968381.jpg\", \"path\": null, \"size\": 101.48, \"width\": 750, \"height\": 422}, \"thumbnail\": {\"ext\": \".jpg\", \"url\": \"/uploads/thumbnail_2116968381_8bccc95abf.jpg\", \"hash\": \"thumbnail_2116968381_8bccc95abf\", \"mime\": \"image/jpeg\", \"name\": \"thumbnail_2116968381.jpg\", \"path\": null, \"size\": 12.38, \"width\": 245, \"height\": 138}}','2116968381_8bccc95abf','.jpg','image/jpeg',984.09,'/uploads/2116968381_8bccc95abf.jpg',NULL,'local',NULL,'/','2023-12-18 14:09:14.867000','2023-12-18 14:09:14.867000',1,1),(252,'Maintenance Staff.png',NULL,NULL,128,128,NULL,'Maintenance_Staff_15c9f47c47','.png','image/png',1.09,'/uploads/Maintenance_Staff_15c9f47c47.png',NULL,'local',NULL,'/','2023-12-19 14:02:40.057000','2023-12-19 14:02:40.057000',1,1),(253,'Health Facilities.png',NULL,NULL,128,128,NULL,'Health_Facilities_fc0a2a9243','.png','image/png',0.74,'/uploads/Health_Facilities_fc0a2a9243.png',NULL,'local',NULL,'/','2023-12-19 14:20:56.476000','2023-12-19 14:20:56.476000',1,1),(254,'Road.png',NULL,NULL,128,128,NULL,'Road_ef00bd1a8c','.png','image/png',1.48,'/uploads/Road_ef00bd1a8c.png',NULL,'local',NULL,'/','2023-12-19 14:28:57.768000','2023-12-19 14:28:57.768000',1,1),(255,'RWD Sunshine.jpeg',NULL,NULL,800,533,'{\"small\": {\"ext\": \".jpeg\", \"url\": \"/uploads/small_RWD_Sunshine_9c19bfebe2.jpeg\", \"hash\": \"small_RWD_Sunshine_9c19bfebe2\", \"mime\": \"image/jpeg\", \"name\": \"small_RWD Sunshine.jpeg\", \"path\": null, \"size\": 41.02, \"width\": 500, \"height\": 333}, \"medium\": {\"ext\": \".jpeg\", \"url\": \"/uploads/medium_RWD_Sunshine_9c19bfebe2.jpeg\", \"hash\": \"medium_RWD_Sunshine_9c19bfebe2\", \"mime\": \"image/jpeg\", \"name\": \"medium_RWD Sunshine.jpeg\", \"path\": null, \"size\": 84.79, \"width\": 750, \"height\": 500}, \"thumbnail\": {\"ext\": \".jpeg\", \"url\": \"/uploads/thumbnail_RWD_Sunshine_9c19bfebe2.jpeg\", \"hash\": \"thumbnail_RWD_Sunshine_9c19bfebe2\", \"mime\": \"image/jpeg\", \"name\": \"thumbnail_RWD Sunshine.jpeg\", \"path\": null, \"size\": 10.63, \"width\": 235, \"height\": 156}}','RWD_Sunshine_9c19bfebe2','.jpeg','image/jpeg',80.83,'/uploads/RWD_Sunshine_9c19bfebe2.jpeg',NULL,'local',NULL,'/','2023-12-21 15:30:57.795000','2023-12-21 15:30:57.795000',1,1),(256,'KVG Arimaa Nagar.jpg',NULL,NULL,1000,562,'{\"small\": {\"ext\": \".jpg\", \"url\": \"/uploads/small_KVG_Arimaa_Nagar_9b36167d3b.jpg\", \"hash\": \"small_KVG_Arimaa_Nagar_9b36167d3b\", \"mime\": \"image/jpeg\", \"name\": \"small_KVG Arimaa Nagar.jpg\", \"path\": null, \"size\": 22.81, \"width\": 500, \"height\": 281}, \"medium\": {\"ext\": \".jpg\", \"url\": \"/uploads/medium_KVG_Arimaa_Nagar_9b36167d3b.jpg\", \"hash\": \"medium_KVG_Arimaa_Nagar_9b36167d3b\", \"mime\": \"image/jpeg\", \"name\": \"medium_KVG Arimaa Nagar.jpg\", \"path\": null, \"size\": 46.61, \"width\": 750, \"height\": 422}, \"thumbnail\": {\"ext\": \".jpg\", \"url\": \"/uploads/thumbnail_KVG_Arimaa_Nagar_9b36167d3b.jpg\", \"hash\": \"thumbnail_KVG_Arimaa_Nagar_9b36167d3b\", \"mime\": \"image/jpeg\", \"name\": \"thumbnail_KVG Arimaa Nagar.jpg\", \"path\": null, \"size\": 6.84, \"width\": 245, \"height\": 138}}','KVG_Arimaa_Nagar_9b36167d3b','.jpg','image/jpeg',76.75,'/uploads/KVG_Arimaa_Nagar_9b36167d3b.jpg',NULL,'local',NULL,'/','2023-12-21 16:15:44.432000','2023-12-21 16:15:44.432000',1,1),(257,'TVS Emerald Estate.png',NULL,NULL,696,300,'{\"small\": {\"ext\": \".png\", \"url\": \"/uploads/small_TVS_Emerald_Estate_8ad6adfe65.png\", \"hash\": \"small_TVS_Emerald_Estate_8ad6adfe65\", \"mime\": \"image/png\", \"name\": \"small_TVS Emerald Estate.png\", \"path\": null, \"size\": 291.33, \"width\": 500, \"height\": 216}, \"thumbnail\": {\"ext\": \".png\", \"url\": \"/uploads/thumbnail_TVS_Emerald_Estate_8ad6adfe65.png\", \"hash\": \"thumbnail_TVS_Emerald_Estate_8ad6adfe65\", \"mime\": \"image/png\", \"name\": \"thumbnail_TVS Emerald Estate.png\", \"path\": null, \"size\": 70.71, \"width\": 245, \"height\": 106}}','TVS_Emerald_Estate_8ad6adfe65','.png','image/png',178.72,'/uploads/TVS_Emerald_Estate_8ad6adfe65.png',NULL,'local',NULL,'/','2023-12-22 08:07:22.281000','2023-12-22 08:07:22.281000',1,1),(258,'Wifi.png',NULL,NULL,128,128,NULL,'Wifi_c2c31982ce','.png','image/png',0.96,'/uploads/Wifi_c2c31982ce.png',NULL,'local',NULL,'/','2023-12-22 08:15:09.035000','2023-12-22 08:15:09.035000',1,1),(259,'2116968381_8bccc95abf.jpg',NULL,NULL,2560,1441,'{\"large\": {\"ext\": \".jpg\", \"url\": \"/uploads/large_2116968381_8bccc95abf_b41130df6c.jpg\", \"hash\": \"large_2116968381_8bccc95abf_b41130df6c\", \"mime\": \"image/jpeg\", \"name\": \"large_2116968381_8bccc95abf.jpg\", \"path\": null, \"size\": 176.68, \"width\": 1000, \"height\": 563}, \"small\": {\"ext\": \".jpg\", \"url\": \"/uploads/small_2116968381_8bccc95abf_b41130df6c.jpg\", \"hash\": \"small_2116968381_8bccc95abf_b41130df6c\", \"mime\": \"image/jpeg\", \"name\": \"small_2116968381_8bccc95abf.jpg\", \"path\": null, \"size\": 46.86, \"width\": 500, \"height\": 281}, \"medium\": {\"ext\": \".jpg\", \"url\": \"/uploads/medium_2116968381_8bccc95abf_b41130df6c.jpg\", \"hash\": \"medium_2116968381_8bccc95abf_b41130df6c\", \"mime\": \"image/jpeg\", \"name\": \"medium_2116968381_8bccc95abf.jpg\", \"path\": null, \"size\": 101.42, \"width\": 750, \"height\": 422}, \"thumbnail\": {\"ext\": \".jpg\", \"url\": \"/uploads/thumbnail_2116968381_8bccc95abf_b41130df6c.jpg\", \"hash\": \"thumbnail_2116968381_8bccc95abf_b41130df6c\", \"mime\": \"image/jpeg\", \"name\": \"thumbnail_2116968381_8bccc95abf.jpg\", \"path\": null, \"size\": 12.39, \"width\": 245, \"height\": 138}}','2116968381_8bccc95abf_b41130df6c','.jpg','image/jpeg',983.57,'/uploads/2116968381_8bccc95abf_b41130df6c.jpg',NULL,'local',NULL,'/','2023-12-22 14:06:22.171000','2023-12-22 14:06:22.171000',1,1),(260,'2116968381_8bccc95abf1.jpg',NULL,NULL,334,275,'{\"thumbnail\": {\"ext\": \".jpg\", \"url\": \"/uploads/thumbnail_2116968381_8bccc95abf1_f7633fb65b.jpg\", \"hash\": \"thumbnail_2116968381_8bccc95abf1_f7633fb65b\", \"mime\": \"image/jpeg\", \"name\": \"thumbnail_2116968381_8bccc95abf1.jpg\", \"path\": null, \"size\": 6.34, \"width\": 189, \"height\": 156}}','2116968381_8bccc95abf1_f7633fb65b','.jpg','image/jpeg',13.85,'/uploads/2116968381_8bccc95abf1_f7633fb65b.jpg',NULL,'local',NULL,'/','2023-12-22 14:09:21.673000','2023-12-22 14:09:21.673000',1,1),(261,'2116968381_8bccc95abf.jpg',NULL,NULL,2560,1441,'{\"large\": {\"ext\": \".jpg\", \"url\": \"/uploads/large_2116968381_8bccc95abf_77ada36ef4.jpg\", \"hash\": \"large_2116968381_8bccc95abf_77ada36ef4\", \"mime\": \"image/jpeg\", \"name\": \"large_2116968381_8bccc95abf.jpg\", \"path\": null, \"size\": 176.68, \"width\": 1000, \"height\": 563}, \"small\": {\"ext\": \".jpg\", \"url\": \"/uploads/small_2116968381_8bccc95abf_77ada36ef4.jpg\", \"hash\": \"small_2116968381_8bccc95abf_77ada36ef4\", \"mime\": \"image/jpeg\", \"name\": \"small_2116968381_8bccc95abf.jpg\", \"path\": null, \"size\": 46.86, \"width\": 500, \"height\": 281}, \"medium\": {\"ext\": \".jpg\", \"url\": \"/uploads/medium_2116968381_8bccc95abf_77ada36ef4.jpg\", \"hash\": \"medium_2116968381_8bccc95abf_77ada36ef4\", \"mime\": \"image/jpeg\", \"name\": \"medium_2116968381_8bccc95abf.jpg\", \"path\": null, \"size\": 101.42, \"width\": 750, \"height\": 422}, \"thumbnail\": {\"ext\": \".jpg\", \"url\": \"/uploads/thumbnail_2116968381_8bccc95abf_77ada36ef4.jpg\", \"hash\": \"thumbnail_2116968381_8bccc95abf_77ada36ef4\", \"mime\": \"image/jpeg\", \"name\": \"thumbnail_2116968381_8bccc95abf.jpg\", \"path\": null, \"size\": 12.39, \"width\": 245, \"height\": 138}}','2116968381_8bccc95abf_77ada36ef4','.jpg','image/jpeg',983.57,'/uploads/2116968381_8bccc95abf_77ada36ef4.jpg',NULL,'local',NULL,'/','2023-12-22 14:09:40.236000','2023-12-22 14:09:40.236000',1,1);
/*!40000 ALTER TABLE `files` ENABLE KEYS */;
UNLOCK TABLES;

--
-- Table structure for table `files_folder_links`
--

DROP TABLE IF EXISTS `files_folder_links`;
/*!40101 SET @saved_cs_client     = @@character_set_client */;
/*!50503 SET character_set_client = utf8mb4 */;
CREATE TABLE `files_folder_links` (
  `id` int unsigned NOT NULL AUTO_INCREMENT,
  `file_id` int unsigned DEFAULT NULL,
  `folder_id` int unsigned DEFAULT NULL,
  `file_order` double unsigned DEFAULT NULL,
  PRIMARY KEY (`id`),
  UNIQUE KEY `files_folder_links_unique` (`file_id`,`folder_id`),
  KEY `files_folder_links_fk` (`file_id`),
  KEY `files_folder_links_inv_fk` (`folder_id`),
  KEY `files_folder_links_order_inv_fk` (`file_order`),
  CONSTRAINT `files_folder_links_fk` FOREIGN KEY (`file_id`) REFERENCES `files` (`id`) ON DELETE CASCADE,
  CONSTRAINT `files_folder_links_inv_fk` FOREIGN KEY (`folder_id`) REFERENCES `upload_folders` (`id`) ON DELETE CASCADE
) ENGINE=InnoDB AUTO_INCREMENT=226 DEFAULT CHARSET=utf8mb4 COLLATE=utf8mb4_0900_ai_ci;
/*!40101 SET character_set_client = @saved_cs_client */;

--
-- Dumping data for table `files_folder_links`
--

LOCK TABLES `files_folder_links` WRITE;
/*!40000 ALTER TABLE `files_folder_links` DISABLE KEYS */;
INSERT INTO `files_folder_links` VALUES (98,118,5,1),(100,120,7,2),(102,122,7,4),(107,124,7,6),(108,125,7,7),(109,128,10,1),(110,129,10,2),(111,130,10,3),(112,131,11,1),(113,132,11,2),(114,133,11,3),(115,134,11,4),(116,135,12,1),(117,136,12,2),(118,137,12,3),(119,138,12,4),(120,139,12,5),(121,140,12,6),(122,141,12,7),(123,142,12,8),(124,143,12,9),(125,144,12,10),(127,145,12,11),(128,146,12,12),(129,147,12,13),(131,149,13,1),(132,150,13,2),(133,151,13,3),(134,152,13,4),(135,153,13,5),(137,154,13,6),(138,155,13,7),(139,156,13,8),(144,161,9,1),(149,166,5,2),(151,168,6,1),(152,169,6,1),(153,170,6,2),(154,171,6,3),(170,187,7,8),(171,188,4,1),(172,189,5,3),(173,190,5,4),(175,193,9,2),(176,194,14,1),(177,195,14,2),(178,196,14,3),(179,197,14,4),(180,198,14,5),(181,199,14,6),(182,200,14,7),(183,201,14,8),(184,202,14,9),(185,203,14,10),(186,204,14,11),(187,205,14,12),(188,206,9,3),(189,207,15,1),(190,208,15,2),(191,209,15,3),(192,210,15,4),(193,211,15,5),(195,215,16,1),(196,216,16,2),(197,217,16,3),(198,218,16,4),(199,219,16,5),(200,223,17,1),(201,224,17,2),(202,225,17,2),(203,226,17,3),(205,227,14,13),(206,232,18,1),(207,235,19,1),(208,236,19,2),(209,237,19,2),(210,238,19,2),(211,239,19,3),(212,240,19,3),(213,241,19,4),(214,242,19,5),(215,243,19,5),(216,244,19,5),(217,245,19,6),(218,246,19,7),(219,247,19,8),(221,248,19,9),(222,249,19,10),(223,250,19,11);
/*!40000 ALTER TABLE `files_folder_links` ENABLE KEYS */;
UNLOCK TABLES;

--
-- Table structure for table `files_related_morphs`
--

DROP TABLE IF EXISTS `files_related_morphs`;
/*!40101 SET @saved_cs_client     = @@character_set_client */;
/*!50503 SET character_set_client = utf8mb4 */;
CREATE TABLE `files_related_morphs` (
  `id` int unsigned NOT NULL AUTO_INCREMENT,
  `file_id` int unsigned DEFAULT NULL,
  `related_id` int unsigned DEFAULT NULL,
  `related_type` varchar(255) DEFAULT NULL,
  `field` varchar(255) DEFAULT NULL,
  `order` double unsigned DEFAULT NULL,
  PRIMARY KEY (`id`),
  KEY `files_related_morphs_fk` (`file_id`),
  KEY `files_related_morphs_order_index` (`order`),
  KEY `files_related_morphs_id_column_index` (`related_id`),
  CONSTRAINT `files_related_morphs_fk` FOREIGN KEY (`file_id`) REFERENCES `files` (`id`) ON DELETE CASCADE
) ENGINE=InnoDB AUTO_INCREMENT=1753 DEFAULT CHARSET=utf8mb4 COLLATE=utf8mb4_0900_ai_ci;
/*!40101 SET character_set_client = @saved_cs_client */;

--
-- Dumping data for table `files_related_morphs`
--

LOCK TABLES `files_related_morphs` WRITE;
/*!40000 ALTER TABLE `files_related_morphs` DISABLE KEYS */;
INSERT INTO `files_related_morphs` VALUES (289,120,3,'api::area.area','Image',1),(290,122,4,'api::area.area','Image',1),(374,147,1,'property.floor-plans','Image',1),(375,146,2,'property.floor-plans','Image',1),(376,145,3,'property.floor-plans','Image',1),(1038,203,1,'api::popup-contact.popup-contact','Image',1),(1039,154,24,'property.floor-plans','Image',1),(1040,155,25,'property.floor-plans','Image',1),(1041,156,26,'property.floor-plans','Image',1),(1042,156,9,'property.unit-details','Document',1),(1043,155,10,'property.unit-details','Document',1),(1044,154,11,'property.unit-details','Document',1),(1045,154,27,'property.floor-plans','Image',1),(1046,155,28,'property.floor-plans','Image',1),(1047,156,29,'property.floor-plans','Image',1),(1048,156,12,'property.unit-details','Document',1),(1049,155,13,'property.unit-details','Document',1),(1050,154,14,'property.unit-details','Document',1),(1313,229,21,'api::property.property','Main_Image',1),(1314,226,21,'api::property.property','Images',1),(1315,225,21,'api::property.property','Images',2),(1316,224,21,'api::property.property','Images',3),(1317,223,21,'api::property.property','Images',4),(1371,154,39,'property.floor-plans','Image',1),(1372,155,40,'property.floor-plans','Image',1),(1373,156,41,'property.floor-plans','Image',1),(1374,156,24,'property.unit-details','Document',1),(1375,155,25,'property.unit-details','Document',1),(1376,154,26,'property.unit-details','Document',1),(1377,220,18,'api::property.property','Main_Image',1),(1378,219,18,'api::property.property','Images',1),(1379,218,18,'api::property.property','Images',2),(1380,217,18,'api::property.property','Images',3),(1381,216,18,'api::property.property','Images',4),(1382,215,18,'api::property.property','Images',5),(1402,200,44,'property.floor-plans','Image',1),(1403,201,45,'property.floor-plans','Image',1),(1404,195,46,'property.floor-plans','Image',1),(1405,201,29,'property.unit-details','Document',1),(1406,200,30,'property.unit-details','Document',1),(1407,200,31,'property.unit-details','Document',1),(1408,227,22,'api::property.property','Main_Image',1),(1409,228,23,'api::property.property','Main_Image',1),(1410,225,23,'api::property.property','Images',1),(1411,224,23,'api::property.property','Images',2),(1412,223,23,'api::property.property','Images',3),(1413,209,47,'property.floor-plans','Image',1),(1414,208,48,'property.floor-plans','Image',1),(1415,232,34,'property.unit-details','Document',1),(1416,231,24,'api::property.property','Main_Image',1),(1417,218,24,'api::property.property','Images',1),(1418,217,24,'api::property.property','Images',2),(1419,216,24,'api::property.property','Images',3),(1420,219,24,'api::property.property','Images',4),(1496,154,36,'property.floor-plans','Image',1),(1497,155,37,'property.floor-plans','Image',1),(1498,156,38,'property.floor-plans','Image',1),(1499,156,21,'property.unit-details','Document',1),(1500,155,22,'property.unit-details','Document',1),(1501,154,23,'property.unit-details','Document',1),(1502,215,17,'api::property.property','Main_Image',1),(1503,219,17,'api::property.property','Images',1),(1504,218,17,'api::property.property','Images',2),(1505,217,17,'api::property.property','Images',3),(1506,216,17,'api::property.property','Images',4),(1507,215,17,'api::property.property','Images',5),(1566,146,49,'property.floor-plans','Image',1),(1567,145,50,'property.floor-plans','Image',1),(1568,147,35,'property.unit-details','Document',1),(1569,146,36,'property.unit-details','Document',1),(1570,255,25,'api::property.property','Main_Image',1),(1571,138,25,'api::property.property','Images',1),(1572,139,25,'api::property.property','Images',2),(1573,142,25,'api::property.property','Images',3),(1574,141,25,'api::property.property','Images',4),(1575,145,51,'property.floor-plans','Image',1),(1576,147,52,'property.floor-plans','Image',1),(1577,147,37,'property.unit-details','Document',1),(1578,146,38,'property.unit-details','Document',1),(1579,256,26,'api::property.property','Main_Image',1),(1580,138,26,'api::property.property','Images',1),(1581,143,26,'api::property.property','Images',2),(1582,142,26,'api::property.property','Images',3),(1583,141,26,'api::property.property','Images',4),(1584,140,26,'api::property.property','Images',5),(1585,139,26,'api::property.property','Images',6),(1597,224,20,'api::property.property','Main_Image',1),(1598,226,20,'api::property.property','Images',1),(1599,225,20,'api::property.property','Images',2),(1600,224,20,'api::property.property','Images',3),(1601,223,20,'api::property.property','Images',4),(1602,208,42,'property.floor-plans','Image',1),(1603,209,43,'property.floor-plans','Image',1),(1604,209,27,'property.unit-details','Document',1),(1605,208,28,'property.unit-details','Document',1),(1606,221,19,'api::property.property','Main_Image',1),(1608,145,53,'property.floor-plans','Image',1),(1609,147,54,'property.floor-plans','Image',1),(1610,146,39,'property.unit-details','Document',1),(1611,257,27,'api::property.property','Main_Image',1),(1612,144,27,'api::property.property','Images',1),(1613,140,27,'api::property.property','Images',2),(1614,141,27,'api::property.property','Images',3),(1615,138,27,'api::property.property','Images',4),(1616,142,27,'api::property.property','Images',5),(1619,234,3,'article.banner','Image',1),(1620,127,1,'article.video-banner','Image',1),(1621,131,1,'api::blog.blog','Image',1),(1622,133,3,'api::blog.blog','Image',1),(1623,132,2,'api::blog.blog','Image',1),(1625,134,4,'api::blog.blog','Image',1),(1626,161,9,'api::builder.builder','Image',1),(1627,222,13,'api::builder.builder','Image',1),(1628,214,12,'api::builder.builder','Image',1),(1629,233,14,'api::builder.builder','Image',1),(1630,193,10,'api::builder.builder','Image',1),(1634,260,15,'api::builder.builder','Image',1),(1635,261,15,'api::builder.builder','Detailed_Image',1),(1636,206,11,'api::builder.builder','Image',1),(1637,128,2,'api::client-feedback.client-feedback','Image',1),(1639,129,3,'api::client-feedback.client-feedback','Image',1),(1640,130,4,'api::client-feedback.client-feedback','Image',1),(1656,154,16,'property.floor-plans','Image',1),(1657,155,17,'property.floor-plans','Image',1),(1658,156,18,'property.floor-plans','Image',1),(1659,156,1,'property.unit-details','Document',1),(1660,155,2,'property.unit-details','Document',1),(1661,154,3,'property.unit-details','Document',1),(1662,142,10,'api::property.property','Main_Image',1),(1663,152,10,'api::property.property','Images',1),(1664,151,10,'api::property.property','Images',2),(1665,150,10,'api::property.property','Images',3),(1666,149,10,'api::property.property','Images',4),(1667,219,10,'api::property.property','Images',5),(1668,218,10,'api::property.property','Images',6),(1669,217,10,'api::property.property','Images',7),(1670,216,10,'api::property.property','Images',8),(1671,200,20,'property.floor-plans','Image',1),(1672,201,19,'property.floor-plans','Image',1),(1673,195,21,'property.floor-plans','Image',1),(1674,201,4,'property.unit-details','Document',1),(1675,200,5,'property.unit-details','Document',1),(1676,200,6,'property.unit-details','Document',1),(1677,203,11,'api::property.property','Main_Image',1),(1678,203,11,'api::property.property','Images',1),(1679,202,11,'api::property.property','Images',2),(1680,198,11,'api::property.property','Images',3),(1681,197,11,'api::property.property','Images',4),(1682,196,11,'api::property.property','Images',5),(1683,194,11,'api::property.property','Images',6),(1684,208,22,'property.floor-plans','Image',1),(1685,209,23,'property.floor-plans','Image',1),(1686,209,7,'property.unit-details','Document',1),(1687,208,8,'property.unit-details','Document',1),(1688,207,12,'api::property.property','Main_Image',1),(1689,154,30,'property.floor-plans','Image',1),(1690,155,31,'property.floor-plans','Image',1),(1691,156,32,'property.floor-plans','Image',1),(1692,156,15,'property.unit-details','Document',1),(1693,155,16,'property.unit-details','Document',1),(1694,154,17,'property.unit-details','Document',1),(1695,212,15,'api::property.property','Main_Image',1),(1696,152,15,'api::property.property','Images',1),(1697,151,15,'api::property.property','Images',2),(1698,150,15,'api::property.property','Images',3),(1699,153,15,'api::property.property','Images',4),(1700,149,15,'api::property.property','Images',5),(1701,154,33,'property.floor-plans','Image',1),(1702,155,34,'property.floor-plans','Image',1),(1703,156,35,'property.floor-plans','Image',1),(1704,156,18,'property.unit-details','Document',1),(1705,155,19,'property.unit-details','Document',1),(1706,154,20,'property.unit-details','Document',1),(1707,213,16,'api::property.property','Main_Image',1),(1709,249,5,'api::property-amenitie.property-amenitie','Image',1),(1711,246,4,'api::property-amenitie.property-amenitie','Image',1),(1713,240,8,'api::property-amenitie.property-amenitie','Image',1),(1716,253,12,'api::property-amenitie.property-amenitie','Image',1),(1718,250,7,'api::property-amenitie.property-amenitie','Image',1),(1720,252,11,'api::property-amenitie.property-amenitie','Image',1),(1722,238,2,'api::property-amenitie.property-amenitie','Image',1),(1724,242,3,'api::property-amenitie.property-amenitie','Image',1),(1726,243,6,'api::property-amenitie.property-amenitie','Image',1),(1728,254,13,'api::property-amenitie.property-amenitie','Image',1),(1730,241,1,'api::property-amenitie.property-amenitie','Image',1),(1732,248,10,'api::property-amenitie.property-amenitie','Image',1),(1734,239,9,'api::property-amenitie.property-amenitie','Image',1),(1736,258,14,'api::property-amenitie.property-amenitie','Image',1),(1737,124,1,'api::property-location.property-location','Image',1),(1738,187,2,'api::property-location.property-location','Image',1),(1739,120,3,'api::property-location.property-location','Image',1),(1740,125,4,'api::property-location.property-location','Image',1),(1741,171,1,'api::property-type.property-type','Image',1),(1742,170,4,'api::property-type.property-type','Image',1),(1744,169,5,'api::property-type.property-type','Image',1),(1745,169,2,'api::property-type.property-type','Image',1),(1746,168,3,'api::property-type.property-type','Image',1),(1750,190,1,'api::site-configuration.site-configuration','Logo',1),(1751,166,1,'api::site-configuration.site-configuration','Logo2',1),(1752,230,1,'api::site-configuration.site-configuration','Logo3',1);
/*!40000 ALTER TABLE `files_related_morphs` ENABLE KEYS */;
UNLOCK TABLES;

--
-- Table structure for table `i18n_locale`
--

DROP TABLE IF EXISTS `i18n_locale`;
/*!40101 SET @saved_cs_client     = @@character_set_client */;
/*!50503 SET character_set_client = utf8mb4 */;
CREATE TABLE `i18n_locale` (
  `id` int unsigned NOT NULL AUTO_INCREMENT,
  `name` varchar(255) DEFAULT NULL,
  `code` varchar(255) DEFAULT NULL,
  `created_at` datetime(6) DEFAULT NULL,
  `updated_at` datetime(6) DEFAULT NULL,
  `created_by_id` int unsigned DEFAULT NULL,
  `updated_by_id` int unsigned DEFAULT NULL,
  PRIMARY KEY (`id`),
  KEY `i18n_locale_created_by_id_fk` (`created_by_id`),
  KEY `i18n_locale_updated_by_id_fk` (`updated_by_id`),
  CONSTRAINT `i18n_locale_created_by_id_fk` FOREIGN KEY (`created_by_id`) REFERENCES `admin_users` (`id`) ON DELETE SET NULL,
  CONSTRAINT `i18n_locale_updated_by_id_fk` FOREIGN KEY (`updated_by_id`) REFERENCES `admin_users` (`id`) ON DELETE SET NULL
) ENGINE=InnoDB AUTO_INCREMENT=2 DEFAULT CHARSET=utf8mb4 COLLATE=utf8mb4_0900_ai_ci;
/*!40101 SET character_set_client = @saved_cs_client */;

--
-- Dumping data for table `i18n_locale`
--

LOCK TABLES `i18n_locale` WRITE;
/*!40000 ALTER TABLE `i18n_locale` DISABLE KEYS */;
INSERT INTO `i18n_locale` VALUES (1,'English (en)','en','2023-09-19 11:45:52.621000','2023-09-19 11:45:52.621000',NULL,NULL);
/*!40000 ALTER TABLE `i18n_locale` ENABLE KEYS */;
UNLOCK TABLES;

--
-- Table structure for table `menus`
--

DROP TABLE IF EXISTS `menus`;
/*!40101 SET @saved_cs_client     = @@character_set_client */;
/*!50503 SET character_set_client = utf8mb4 */;
CREATE TABLE `menus` (
  `id` int unsigned NOT NULL AUTO_INCREMENT,
  `menu_type` varchar(255) DEFAULT NULL,
  `menu_link_type` varchar(255) DEFAULT NULL,
  `menu_link` varchar(255) DEFAULT NULL,
  `created_at` datetime(6) DEFAULT NULL,
  `updated_at` datetime(6) DEFAULT NULL,
  `published_at` datetime(6) DEFAULT NULL,
  `created_by_id` int unsigned DEFAULT NULL,
  `updated_by_id` int unsigned DEFAULT NULL,
  `sort` int DEFAULT NULL,
  `name` varchar(255) DEFAULT NULL,
  `alias` varchar(255) DEFAULT NULL,
  PRIMARY KEY (`id`),
  UNIQUE KEY `menus_alias_unique` (`alias`),
  KEY `menus_created_by_id_fk` (`created_by_id`),
  KEY `menus_updated_by_id_fk` (`updated_by_id`),
  CONSTRAINT `menus_created_by_id_fk` FOREIGN KEY (`created_by_id`) REFERENCES `admin_users` (`id`) ON DELETE SET NULL,
  CONSTRAINT `menus_updated_by_id_fk` FOREIGN KEY (`updated_by_id`) REFERENCES `admin_users` (`id`) ON DELETE SET NULL
) ENGINE=InnoDB AUTO_INCREMENT=19 DEFAULT CHARSET=utf8mb4 COLLATE=utf8mb4_0900_ai_ci;
/*!40101 SET character_set_client = @saved_cs_client */;

--
-- Dumping data for table `menus`
--

LOCK TABLES `menus` WRITE;
/*!40000 ALTER TABLE `menus` DISABLE KEYS */;
INSERT INTO `menus` VALUES (1,'Main','Internal','#','2023-09-27 18:18:06.203000','2023-12-22 14:39:38.830000','2023-09-27 18:18:08.485000',1,1,0,'Root','root'),(2,'Main','Internal','/','2023-09-27 18:18:43.995000','2023-12-22 14:39:25.748000','2023-09-27 18:20:42.381000',1,1,1,'Home','home'),(3,'Main','Internal','/about','2023-09-27 18:19:07.965000','2023-12-22 14:33:50.910000','2023-09-27 18:20:52.808000',1,1,2,'About','about'),(4,'Main','Internal','/contact','2023-09-27 18:23:38.604000','2023-12-22 14:33:34.977000','2023-09-27 18:24:01.251000',1,1,3,'Contact','contact'),(5,'Main','Internal','/properties-for-sale','2023-10-16 15:17:59.543000','2023-12-22 14:33:14.937000','2023-10-16 15:21:52.703000',1,1,4,'City','city'),(6,'Submenu','Internal','/properties-for-sale-in-bangalore','2023-10-16 15:23:28.317000','2023-12-22 14:32:51.838000','2023-10-16 15:23:42.855000',1,1,5,'Bangalore','bangalore'),(7,'Submenu','Internal','/properties-for-sale-in-chennai','2023-10-16 15:24:04.992000','2023-12-22 14:31:49.645000','2023-10-16 15:24:10.377000',1,1,6,'Chennai','chennai'),(8,'Submenu','Internal','/properties-for-sale-in-hyderabad','2023-10-16 15:24:42.542000','2023-12-22 14:31:32.619000','2023-10-16 15:24:46.329000',1,1,7,'Hyderabad','hyderabad'),(9,'Submenu','Internal','/properties-for-sale-in-pune','2023-10-16 15:25:32.980000','2023-12-22 14:31:17.497000','2023-10-16 15:25:36.395000',1,1,8,'Pune','pune'),(10,'Main','Internal','/upcoming_projects','2023-10-16 15:27:56.041000','2023-12-22 14:27:09.652000','2023-10-16 15:27:57.843000',1,1,9,'Upcoming Projects','upcoming-projects'),(11,'Main','Internal','/new_projects','2023-10-16 15:28:37.105000','2023-12-22 14:26:49.528000','2023-10-16 15:28:44.265000',1,1,10,'New Projects','new-projects'),(12,'Main','Internal','/under_constructions','2023-10-16 15:29:32.598000','2023-12-22 14:26:31.930000','2023-10-16 15:29:34.294000',1,1,11,'Under Constructions','under-constructions'),(13,'Main','Internal','/ready-to-move','2023-10-16 15:30:03.384000','2023-12-22 14:26:12.921000','2023-10-16 15:30:08.049000',1,1,12,'Ready to Move','ready-to-move'),(14,'Main','Internal','/villas-for-sale','2023-10-16 15:30:35.889000','2023-12-22 14:29:44.143000','2023-10-16 15:31:02.296000',1,1,14,'Villas','villas'),(15,'Main','Internal','/career','2023-10-16 17:22:27.575000','2023-12-22 14:25:44.958000','2023-10-16 17:28:14.402000',1,1,15,'Career','career'),(16,'Main','Internal','/plots-for-sale','2023-10-16 17:29:43.815000','2023-12-22 14:29:22.149000','2023-10-16 17:29:45.983000',1,1,16,'Plots','plots'),(17,'Main','Internal','/terms-conditions','2023-11-14 12:06:11.815000','2023-12-22 14:24:55.121000','2023-11-14 12:06:14.654000',1,1,1,'Terms & Conditions','terms-and-conditions'),(18,'Main','Internal','/privacy-policy','2023-11-14 12:07:22.540000','2023-12-22 14:24:45.203000','2023-11-14 12:07:24.493000',1,1,1,'Privacy & Policy','privacy-and-policy');
/*!40000 ALTER TABLE `menus` ENABLE KEYS */;
UNLOCK TABLES;

--
-- Table structure for table `menus_parent_menu_links`
--

DROP TABLE IF EXISTS `menus_parent_menu_links`;
/*!40101 SET @saved_cs_client     = @@character_set_client */;
/*!50503 SET character_set_client = utf8mb4 */;
CREATE TABLE `menus_parent_menu_links` (
  `id` int unsigned NOT NULL AUTO_INCREMENT,
  `menu_id` int unsigned DEFAULT NULL,
  `inv_menu_id` int unsigned DEFAULT NULL,
  PRIMARY KEY (`id`),
  UNIQUE KEY `menus_parent_menu_links_unique` (`menu_id`,`inv_menu_id`),
  KEY `menus_parent_menu_links_fk` (`menu_id`),
  KEY `menus_parent_menu_links_inv_fk` (`inv_menu_id`),
  CONSTRAINT `menus_parent_menu_links_fk` FOREIGN KEY (`menu_id`) REFERENCES `menus` (`id`) ON DELETE CASCADE,
  CONSTRAINT `menus_parent_menu_links_inv_fk` FOREIGN KEY (`inv_menu_id`) REFERENCES `menus` (`id`) ON DELETE CASCADE
) ENGINE=InnoDB AUTO_INCREMENT=18 DEFAULT CHARSET=utf8mb4 COLLATE=utf8mb4_0900_ai_ci;
/*!40101 SET character_set_client = @saved_cs_client */;

--
-- Dumping data for table `menus_parent_menu_links`
--

LOCK TABLES `menus_parent_menu_links` WRITE;
/*!40000 ALTER TABLE `menus_parent_menu_links` DISABLE KEYS */;
INSERT INTO `menus_parent_menu_links` VALUES (1,2,1),(2,3,1),(3,4,1),(4,5,1),(5,6,5),(6,7,5),(7,8,5),(8,9,5),(9,10,1),(10,11,1),(11,12,1),(12,13,1),(13,14,1),(14,15,1),(15,16,1),(16,17,1),(17,18,1);
/*!40000 ALTER TABLE `menus_parent_menu_links` ENABLE KEYS */;
UNLOCK TABLES;

--
-- Table structure for table `popup_contacts`
--

DROP TABLE IF EXISTS `popup_contacts`;
/*!40101 SET @saved_cs_client     = @@character_set_client */;
/*!50503 SET character_set_client = utf8mb4 */;
CREATE TABLE `popup_contacts` (
  `id` int unsigned NOT NULL AUTO_INCREMENT,
  `name` varchar(255) DEFAULT NULL,
  `description` longtext,
  `created_at` datetime(6) DEFAULT NULL,
  `updated_at` datetime(6) DEFAULT NULL,
  `published_at` datetime(6) DEFAULT NULL,
  `created_by_id` int unsigned DEFAULT NULL,
  `updated_by_id` int unsigned DEFAULT NULL,
  PRIMARY KEY (`id`),
  KEY `popup_contacts_created_by_id_fk` (`created_by_id`),
  KEY `popup_contacts_updated_by_id_fk` (`updated_by_id`),
  CONSTRAINT `popup_contacts_created_by_id_fk` FOREIGN KEY (`created_by_id`) REFERENCES `admin_users` (`id`) ON DELETE SET NULL,
  CONSTRAINT `popup_contacts_updated_by_id_fk` FOREIGN KEY (`updated_by_id`) REFERENCES `admin_users` (`id`) ON DELETE SET NULL
) ENGINE=InnoDB AUTO_INCREMENT=2 DEFAULT CHARSET=utf8mb4 COLLATE=utf8mb4_0900_ai_ci;
/*!40101 SET character_set_client = @saved_cs_client */;

--
-- Dumping data for table `popup_contacts`
--

LOCK TABLES `popup_contacts` WRITE;
/*!40000 ALTER TABLE `popup_contacts` DISABLE KEYS */;
INSERT INTO `popup_contacts` VALUES (1,'Expert Consultation by Professionals',NULL,'2023-12-01 09:07:19.561000','2023-12-02 15:34:31.824000','2023-12-01 09:07:21.336000',1,1);
/*!40000 ALTER TABLE `popup_contacts` ENABLE KEYS */;
UNLOCK TABLES;

--
-- Table structure for table `properties`
--

DROP TABLE IF EXISTS `properties`;
/*!40101 SET @saved_cs_client     = @@character_set_client */;
/*!50503 SET character_set_client = utf8mb4 */;
CREATE TABLE `properties` (
  `id` int unsigned NOT NULL AUTO_INCREMENT,
  `description` longtext,
  `publish` tinyint(1) DEFAULT NULL,
  `latitude` double DEFAULT NULL,
  `longitude` double DEFAULT NULL,
  `created_at` datetime(6) DEFAULT NULL,
  `updated_at` datetime(6) DEFAULT NULL,
  `published_at` datetime(6) DEFAULT NULL,
  `created_by_id` int unsigned DEFAULT NULL,
  `updated_by_id` int unsigned DEFAULT NULL,
  `door_no` varchar(255) DEFAULT NULL,
  `street_name` varchar(255) DEFAULT NULL,
  `name` varchar(255) DEFAULT NULL,
  `video` varchar(255) DEFAULT NULL,
  `price` varchar(255) DEFAULT NULL,
  `bedrooms` varchar(255) DEFAULT NULL,
  `bathrooms` varchar(255) DEFAULT NULL,
  `posted_at` datetime(6) DEFAULT NULL,
  `unit_size` varchar(255) DEFAULT NULL,
  `project_size` varchar(255) DEFAULT NULL,
  `price_per_sq_feet` varchar(255) DEFAULT NULL,
  `total_floors` varchar(255) DEFAULT NULL,
  `property_id` varchar(255) DEFAULT NULL,
  `plot_size` varchar(255) DEFAULT NULL,
  `facing` varchar(255) DEFAULT NULL,
  PRIMARY KEY (`id`),
  UNIQUE KEY `properties_property_id_unique` (`property_id`),
  KEY `properties_created_by_id_fk` (`created_by_id`),
  KEY `properties_updated_by_id_fk` (`updated_by_id`),
  CONSTRAINT `properties_created_by_id_fk` FOREIGN KEY (`created_by_id`) REFERENCES `admin_users` (`id`) ON DELETE SET NULL,
  CONSTRAINT `properties_updated_by_id_fk` FOREIGN KEY (`updated_by_id`) REFERENCES `admin_users` (`id`) ON DELETE SET NULL
) ENGINE=InnoDB AUTO_INCREMENT=28 DEFAULT CHARSET=utf8mb4 COLLATE=utf8mb4_0900_ai_ci;
/*!40101 SET character_set_client = @saved_cs_client */;

--
-- Dumping data for table `properties`
--

LOCK TABLES `properties` WRITE;
/*!40000 ALTER TABLE `properties` DISABLE KEYS */;
INSERT INTO `properties` VALUES (10,'<h3>Akshaya Tango Thoraipakkam, Chennai- Price, Floor Plans, Reviews</h3><p>Tango by Akshaya Homes Group is located at Thoraipakkam OMR in Chennai. The housing project is currently nearing its completion stage and offers well-designed 2, 3 and 4 BHK apartments for sale.These apartments are available through the developer as well as on resale. The size of the apartments ranges from 1,204 sq ft to 2,355 sq ft with 14 floors.</p><p>Tango also lies in close proximity with Madhya Kailash, Adyar, Tidel Park, Thiruvanmiyur and Airport. Come and explore the space around you and your home.</p>',1,12.950189647619538,80.2419077989893,'2023-11-20 11:35:24.991000','2023-12-22 14:41:05.507000','2023-12-02 18:08:43.429000',1,1,NULL,NULL,'RWD Serenity 2','https://www.youtube.com/embed/6_MvFq8QMJg',' 1.10 Cr - 1.38 Cr','2, 2.5','2','2023-10-31 18:30:00.000000','1296 -1632','3.87 Acres','8500','15','rwd-serenity-2',NULL,NULL),(11,'<p><strong>Risland The Ace in Perungudi, Chennai - Price, Floor Plans, Reviews</strong></p><p><i><strong>Risland The Ace-Luxury apartments at Perungudi.&nbsp;</strong></i><br><br>The Ace offers an experience of lifestyle, exclusively catering to aspiring minds in the Silicon Valley of Chennai-Perungudi with enchanting multi-level greenscape, intelligent home features, Disneyland resembling play area, and super engineering construction technique SSGF. Covering 4.27 acres of land, only 30% of it being constructed, the project has kept 70% of the land open around it, offering more breathing space.<br>Structurally B+S+19 floors with 4 towers A, B, C &amp; D, the towers have been constructed with unique design philosophy to emphasize on the aspects of proper ventilation, ample sunlight and panoramic views, by none other than the famous Simplex Contractor, maker of some of the finest establishments like Kathipara bridge , L &amp; T Eden Park, Express Exclusive etc</p>',1,12.955386318154595,80.23902345767289,'2023-12-02 08:58:52.838000','2023-12-22 14:41:16.792000','2023-12-02 18:08:58.024000',1,1,NULL,NULL,'Risland The Ace 7',NULL,'53 L - 1.78 Cr',' 1, 2, 3',' 1, 2, 3','2023-10-31 18:30:00.000000','598 - 1734','4.27 Acres','8499','19','risland-the-ace-7',NULL,NULL),(12,'<p><strong>Step Stones Anans Residential Apartments For Sale In Chennai</strong></p><p>Presenting the finest homes in the happening suburb of Chennai, Perungudi! Your home at Anans is a heaven, the abode of peace and happiness. These homes are everything you ever wanted and much more! At Anans its the essence of living in elegantly designed flats in Chennai. With the most modern facilities, &nbsp;where every amenity is at stone throw distance, these homes in Perungudi are tucked away from all the hustle &amp; bustle. Stay close to nature in the high-quality homes from the premium builder in Chennai known for its penchant in the cutting-edge style in design.</p>',1,12.955386318154595,80.23902345767289,'2023-12-02 11:36:32.563000','2023-12-22 14:41:30.341000','2023-12-02 18:09:15.116000',1,1,NULL,NULL,'Step Stones Anans',NULL,'65L To 1.11Cr','2, 3','2','2023-10-31 18:30:00.000000','782-1359','0','6990','S+3','step-stones-anans-1',NULL,NULL),(15,'<h3>Akshaya Tango Thoraipakkam, Chennai- Price, Floor Plans, Reviews</h3><p>Tango by Akshaya Homes Group is located at Thoraipakkam OMR in Chennai. The housing project is currently nearing its completion stage and offers well designed 2, 3 and 4 BHK apartments for sale.These apartments are available through the developer as well as on resale. The size of the apartments ranges from 1,204 sq ft to 2,355 sq ft with 14 floors.</p><p>Tango also lies in close proximity with Madhya Kailash, Adyar, Tidel Park, Thiruvanmiyur and Airport. Come and explore the space around you and your home.</p>',1,12.950189647619538,80.2419077989893,'2023-12-02 18:06:25.991000','2023-12-22 14:41:50.338000','2023-12-02 18:12:18.416000',1,1,NULL,NULL,'Akshaya Tango 21','https://www.youtube.com/embed/6_MvFq8QMJg','3.04 Cr - 6.09 Cr','2, 2.5','2','2023-10-31 18:30:00.000000','1296 -1632','3.87 Acres','8500','15','akshaya-tango-21-1',NULL,NULL),(16,'<h3>Akshaya Tango Thoraipakkam, Chennai- Price, Floor Plans, Reviews</h3><p>Tango by Akshaya Homes Group is located at Thoraipakkam OMR in Chennai. The housing project is currently nearing its completion stage and offers well-designed 2, 3 &nbsp;and 4 BHK apartments for sale.These apartments are available through the developer as well as on resale. The size of the apartments ranges from 1,204 sq ft to 2,355 sq ft with 14 floors.</p><p>Tango also lies in close proximity with Madhya Kailash, Adyar, Tidel Park, Thiruvanmiyur and Airport. Come and explore the space around you and your home.</p>',1,12.950189647619538,80.2419077989893,'2023-12-02 18:07:07.097000','2023-12-22 14:42:13.640000','2023-12-02 18:14:41.221000',1,1,NULL,NULL,'Akshaya Tango 21',NULL,'96 L - 1.83 Cr','2,3','2','2023-10-31 18:30:00.000000','1296 -1632','3.87 Acres','8500','15','akshaya-tango-21-2',NULL,NULL),(17,'<h3>Akshaya Tango Thoraipakkam, Chennai- Price, Floor Plans, Reviews</h3><p>Tango by Akshaya Homes Group is located at Thoraipakkam OMR in Chennai. The housing project is currently nearing its completion stage and offers well-designed 2, 3 and 4 BHK apartments for sale.These apartments are available through the developer as well as on resale. The size of the apartments ranges from 1,204 sq ft to 2,355 sq ft with 14 floors.</p><p>Tango also lies in close proximity with Madhya Kailash, Adyar, Tidel Park, Thiruvanmiyur and Airport. Come and explore the space around you and your home.</p>',1,12.950189647619538,80.2419077989893,'2023-12-02 18:07:41.688000','2023-12-15 22:07:49.207000','2023-12-02 18:21:41.486000',1,1,NULL,NULL,'KG SignatureCity','https://www.youtube.com/embed/6_MvFq8QMJg','62.34 L - 1.01 Cr','1, 2, 3','2','2023-10-31 18:30:00.000000','940-1400','11.8 Acres','5199','S+16','kg-signature-city',NULL,NULL),(18,'<h3>Akshaya Tango Thoraipakkam, Chennai- Price, Floor Plans, Reviews</h3><p>Tango by Akshaya Homes Group is located at Thoraipakkam OMR in Chennai. The housing project is currently nearing its completion stage and offers well-designed 2, 3 and 4 BHK apartments for sale.These apartments are available through the developer as well as on resale. The size of the apartments ranges from 1,204 sq ft to 2,355 sq ft with 14 floors.</p><p>Tango also lies in close proximity with Madhya Kailash, Adyar, Tidel Park, Thiruvanmiyur and Airport. Come and explore the space around you and your home.</p>',1,12.950189647619538,80.2419077989893,'2023-12-02 18:22:44.561000','2023-12-15 06:15:28.443000','2023-12-02 18:22:50.996000',1,1,NULL,NULL,'KG SignatureCity 2','https://www.youtube.com/embed/6_MvFq8QMJg','62.34 L - 1.01 Cr','1, 2, 3','2','2023-10-31 18:30:00.000000','940-1400','11.8 Acres','5199','S+16','kg-signature-city-2',NULL,NULL),(19,'<p><strong>Step Stones Anans Residential Apartments For Sale In Chennai</strong></p><p>Presenting the finest homes in the happening suburb of Chennai, Perungudi! Your home at Anans is a heaven, the abode of peace and happiness. These homes are everything you ever wanted and much more! At Anans its the essence of living in elegantly designed flats in Chennai. With the most modern facilities, where every amenity is at stone throw distance, these homes in Perungudi are tucked away from all the hustle &amp; bustle. Stay close to nature in the high-quality homes from the premium builder in Chennai known for its penchant in the cutting-edge style in design.</p>',1,12.955386318154595,80.23902345767289,'2023-12-02 18:25:02.703000','2023-12-21 17:19:50.289000','2023-12-02 20:03:55.081000',1,1,NULL,NULL,'Step Stones Anans 2',NULL,'65L To 1.11Cr','2, 3','2','2023-10-31 18:30:00.000000','1352-1465','3.49 Acres','7590','S+3','step-stones-anans-2-1',NULL,NULL),(20,'<p><strong>House Of Hiranandani Egattur, Chennai- Price, Floor Plans, Reviews</strong></p><p>Bayview, Octavius, and Verona are the new towers as a part of the massive House of Hiranandani Chennai luxury residential Apartment project in Egattur, OMR (Old Mahabalipuram Road), Chennai.<br>The residential enclave, Hiranandani Bayview features the very best in House of Hiranandanis luxury living segment. The project is a part of the 120 acre House of Hiranandani Township in Egattur, OMR, and offers spacious 2,3 BHK Apartments with luxurious features surrounded by all the facilities needed for a quality lifestyle.<br>Beautiful landscapes with landscaped courtyards, lush vegetation, and views of the Bay of Bengal all around Hiranandani Bayview apartments make it more special &amp; Elite.<br>The builder is guaranteed to bring a quality living experience to the community of OMR (Old Mahabalipuram Road), Chennai with brilliant architecture in the Bayview Tower, Octavius Tower, Verona Tower, and an equivalent lifestyle in House of Hiranandani OMR.<br>Hiranandani Bayview Location has excellent connectivity being just opposite Siruseri Sipcot Tech Park &amp; it is located right off Old Mahabalipuram Road (OMR) in Egattur with Hiranandani Octavius and Hiranandani Verona overlooking the coastline and near existing and upcoming educational institutions, communities &amp; facilities.<br>Some of the Amenities at the House of Hiranandani Blue Turtle clubhouse include a fully equipped lounge, landscaped gardens, gymnasium, swimming pool, 247 Concierge Services, recreation rooms, indoor gaming area, health centers, outdoor sports courts, childrens play area, Learning Areas, party hall, and meticulously planned with utmost importance to state-of-the-art 24/7 securities.<br>&nbsp;</p>',1,NULL,NULL,'2023-12-02 18:33:27.272000','2023-12-21 17:19:34.727000','2023-12-02 18:46:45.599000',1,1,NULL,NULL,'House Of Hiranandani',NULL,'86 L - 1.24 Cr','2 & 3','2','2023-10-31 18:30:00.000000','1025-1508','120 Acres','5725','45','house-of-hiranandani',NULL,NULL),(21,'<p><strong>House Of Hiranandani Egattur, Chennai- Price, Floor Plans, Reviews</strong></p><p>Bayview, Octavius, and Verona are the new towers as a part of the massive House of Hiranandani Chennai luxury residential Apartment project in Egattur, OMR (Old Mahabalipuram Road), Chennai.<br>The residential enclave, Hiranandani Bayview features the very best in House of Hiranandanis luxury living segment. The project is a part of the 120 acre House of Hiranandani Township in Egattur, OMR, and offers spacious 2,3 BHK Apartments with luxurious features surrounded by all the facilities needed for a quality lifestyle.<br>Beautiful landscapes with landscaped courtyards, lush vegetation, and views of the Bay of Bengal all around Hiranandani Bayview apartments make it more special &amp; Elite.<br>The builder is guaranteed to bring a quality living experience to the community of OMR (Old Mahabalipuram Road), Chennai with brilliant architecture in the Bayview Tower, Octavius Tower, Verona Tower, and an equivalent lifestyle in House of Hiranandani OMR.<br>Hiranandani Bayview Location has excellent connectivity being just opposite Siruseri Sipcot Tech Park &amp; it is located right off Old Mahabalipuram Road (OMR) in Egattur with Hiranandani Octavius and Hiranandani Verona overlooking the coastline and near existing and upcoming educational institutions, communities &amp; facilities.<br>Some of the Amenities at the House of Hiranandani Blue Turtle clubhouse include a fully equipped lounge, landscaped gardens, gymnasium, swimming pool, 247 Concierge Services, recreation rooms, indoor gaming area, health centers, outdoor sports courts, childrens play area, Learning Areas, party hall, and meticulously planned with utmost importance to state-of-the-art 24/7 securities.<br>&nbsp;</p>',1,NULL,NULL,'2023-12-02 18:47:42.878000','2023-12-15 06:12:57.014000','2023-12-02 18:47:46.143000',1,1,NULL,NULL,'House Of Hiranandani 2',NULL,'86 L - 1.24 Cr','2 & 3','2','2023-10-31 18:30:00.000000','1025-1508','120 Acres','5725','45','house-of-hiranandani-2',NULL,NULL),(22,'<p><strong>Risland The Ace in Perungudi, Chennai - Price, Floor Plans, Reviews</strong></p><p><i><strong>Risland The Ace-Luxury apartments at Perungudi.</strong></i><br><br>The Ace offers an experience of lifestyle, exclusively catering to aspiring minds in the Silicon Valley of Chennai-Perungudi with enchanting multi-level greenscape, intelligent home features, Disneyland resembling play area, and super engineering construction technique SSGF. Covering 4.27 acres of land, only 30% of it being constructed, the project has kept 70% of the land open around it, offering more breathing space.<br>Structurally B+S+19 floors with 4 towers A, B, C &amp; D, the towers have been constructed with unique design philosophy to emphasize on the aspects of proper ventilation, ample sunlight and panoramic views, by none other than the famous Simplex Contractor, maker of some of the finest establishments like Kathipara bridge , L &amp; T Eden Park, Express Exclusive etc</p>',1,12.955386318154595,80.23902345767289,'2023-12-02 18:49:59.401000','2023-12-15 06:17:54.799000','2023-12-02 18:50:03.221000',1,1,NULL,NULL,'Risland The Ace 1',NULL,'53 L - 1.78 Cr',' 1, 2, 3',' 1, 2, 3','2023-10-31 18:30:00.000000','598 - 1734','4.27 Acres','8499','19','risland-the-ace-1',NULL,NULL),(23,'<p><strong>House Of Hiranandani Egattur, Chennai- Price, Floor Plans, Reviews</strong></p><p>Bayview, Octavius, and Verona are the new towers as a part of the massive House of Hiranandani Chennai luxury residential Apartment project in Egattur, OMR (Old Mahabalipuram Road), Chennai.<br>The residential enclave, Hiranandani Bayview features the very best in House of Hiranandanis luxury living segment. The project is a part of the 120 acre House of Hiranandani Township in Egattur, OMR, and offers spacious 2,3 BHK Apartments with luxurious features surrounded by all the facilities needed for a quality lifestyle.<br>Beautiful landscapes with landscaped courtyards, lush vegetation, and views of the Bay of Bengal all around Hiranandani Bayview apartments make it more special &amp; Elite.<br>The builder is guaranteed to bring a quality living experience to the community of OMR (Old Mahabalipuram Road), Chennai with brilliant architecture in the Bayview Tower, Octavius Tower, Verona Tower, and an equivalent lifestyle in House of Hiranandani OMR.<br>Hiranandani Bayview Location has excellent connectivity being just opposite Siruseri Sipcot Tech Park &amp; it is located right off Old Mahabalipuram Road (OMR) in Egattur with Hiranandani Octavius and Hiranandani Verona overlooking the coastline and near existing and upcoming educational institutions, communities &amp; facilities.<br>Some of the Amenities at the House of Hiranandani Blue Turtle clubhouse include a fully equipped lounge, landscaped gardens, gymnasium, swimming pool, 247 Concierge Services, recreation rooms, indoor gaming area, health centers, outdoor sports courts, childrens play area, Learning Areas, party hall, and meticulously planned with utmost importance to state-of-the-art 24/7 securities.<br>&nbsp;</p>',1,NULL,NULL,'2023-12-02 18:51:26.207000','2023-12-15 06:18:08.747000','2023-12-02 18:51:29.123000',1,1,NULL,NULL,'House Of Hiranandani 3',NULL,'86 L - 1.24 Cr','2 & 3','2','2023-10-31 18:30:00.000000','1025-1508','120 Acres','5725','45','house-of-hiranandani-3',NULL,NULL),(24,'<p>Lifestyle Podium T nagar, Chennai- Price, Floor Plans, Reviews<br>Property for sale in T Nagar, Chennai. This project, that is, Lifestyle The Podium is a well-designed project by Lifestyle Housing. It is offering Under Construction units. Project possession is slated for Nov 2023. There is 1 building in this project. Lifestyle The Podium is located in G.N. Chetty Road, T Nagar.</p><p>Come home to Lifestyle The Podium. It offers multiple facilities such as Power Backup. The property is equipped with Fire Sprinklers. These amenities make this property totally aspirational.</p><p>Lifestyle The Podium has all approvals in place as mandated by the state regulatory authority. THE RERA ID of this project is TN/29/Building/0041/2021.</p><p>Lifestyle Housing is a renowned name in the real estate space.</p><p>Social infrastructure like banks, schools and parks surround T Nagar area. It is also very well-connected to various parts of the city by public transport network.</p>',1,13.045452462261585,80.24080854232713,'2023-12-08 08:46:18.011000','2023-12-15 06:18:21.715000','2023-12-08 09:08:43.125000',2,1,NULL,NULL,'Lifestyle Podium','https://www.youtube.com/embed/EOkqckAWdQ4','4.65 Cr - 7.92 Cr','3 & 4','3','2023-10-31 18:30:00.000000','2133, 2601 & 3681','0.5 Acres','18500','11','lifestyle-podium',NULL,NULL),(25,'<h3>Akshaya Tango Thoraipakkam, Chennai- Price, Floor Plans, Reviews</h3><p>Tango by Akshaya Homes Group is located at Thoraipakkam OMR in Chennai. The housing project is currently nearing its completion stage and offers well-designed 2, 3 and 4 BHK apartments for sale.These apartments are available through the developer as well as on resale. The size of the apartments ranges from 1,204 sq ft to 2,355 sq ft with 14 floors.</p><p>Tango also lies in close proximity with Madhya Kailash, Adyar, Tidel Park, Thiruvanmiyur and Airport. Come and explore the space around you and your home.</p>',1,12.950189647619538,80.2419077989893,'2023-12-21 15:42:00.420000','2023-12-21 15:42:56.481000','2023-12-21 15:42:56.462000',1,1,NULL,NULL,'RWD Sunshine','https://www.youtube.com/embed/6_MvFq8QMJg',' 20.58 L - 1.30 Cr','2, 2.5','3','2023-10-31 18:30:00.000000','549 Sq.Ft - 3486 Sq.Ft','60 Acres','0','0','rwd-sunshine','60 Acres','North, West, South, East'),(26,'<h3>Akshaya Tango Thoraipakkam, Chennai- Price, Floor Plans, Reviews</h3><p>Tango by Akshaya Homes Group is located at Thoraipakkam OMR in Chennai. The housing project is currently nearing its completion stage and offers well-designed 2, 3 and 4 BHK apartments for sale.These apartments are available through the developer as well as on resale. The size of the apartments ranges from 1,204 sq ft to 2,355 sq ft with 14 floors.</p><p>Tango also lies in close proximity with Madhya Kailash, Adyar, Tidel Park, Thiruvanmiyur and Airport. Come and explore the space around you and your home.</p>',1,12.950189647619538,80.2419077989893,'2023-12-21 16:24:53.496000','2023-12-21 16:24:57.827000','2023-12-21 16:24:57.819000',1,1,NULL,NULL,'KVG Arimaa Nagar',NULL,' 13.80 L - 45.28 L','2, 3','3','2023-10-31 18:30:00.000000','549 Sq.Ft - 3486 Sq.Ft','87 Acres','0','0','kvg-arimaa-nagar','80 Acres','North, West, South, East'),(27,'<h3>TVS Emerald Estate Plot for Sale in Bagalur, Bengaluru.</h3><p>A plotted development, located in the midst of a lush green mango orchard, offers residents a peaceful and tranquil environment to live in, which attracts anyone who wants to escape the hustle and bustle of the city and enjoy a more relaxed lifestyle.</p><p>The story of a dreamy life begins here. It started in 2011 near Sarjapur, where we embarked on a journey to create the perfect canvas for an incredible tale. With unwavering dedication, we transformed this empty canvas with three varieties of mango orchards  Kesar, Imam Pasand &amp; Alphonso. As the orchard thrived, we converted the land into a residential plotted development.</p>',1,12.950189647619538,80.2419077989893,'2023-12-22 08:19:52.064000','2023-12-22 08:20:15.557000','2023-12-22 08:20:15.534000',1,1,NULL,NULL,'TVS Emerald Estate',NULL,' 21.99 L - 1.61 Cr','2, 3','3','2023-10-31 18:30:00.000000','749 Sq.Ft - 3186 Sq.Ft','57 Acres','0','0','tvs-emerald-estate','57 Acres','North, West, South, East');
/*!40000 ALTER TABLE `properties` ENABLE KEYS */;
UNLOCK TABLES;

--
-- Table structure for table `properties_area_links`
--

DROP TABLE IF EXISTS `properties_area_links`;
/*!40101 SET @saved_cs_client     = @@character_set_client */;
/*!50503 SET character_set_client = utf8mb4 */;
CREATE TABLE `properties_area_links` (
  `id` int unsigned NOT NULL AUTO_INCREMENT,
  `property_id` int unsigned DEFAULT NULL,
  `property_area_id` int unsigned DEFAULT NULL,
  PRIMARY KEY (`id`),
  UNIQUE KEY `properties_area_links_unique` (`property_id`,`property_area_id`),
  KEY `properties_area_links_fk` (`property_id`),
  KEY `properties_area_links_inv_fk` (`property_area_id`),
  CONSTRAINT `properties_area_links_fk` FOREIGN KEY (`property_id`) REFERENCES `properties` (`id`) ON DELETE CASCADE,
  CONSTRAINT `properties_area_links_inv_fk` FOREIGN KEY (`property_area_id`) REFERENCES `property_areas` (`id`) ON DELETE CASCADE
) ENGINE=InnoDB AUTO_INCREMENT=23 DEFAULT CHARSET=utf8mb4 COLLATE=utf8mb4_0900_ai_ci;
/*!40101 SET character_set_client = @saved_cs_client */;

--
-- Dumping data for table `properties_area_links`
--

LOCK TABLES `properties_area_links` WRITE;
/*!40000 ALTER TABLE `properties_area_links` DISABLE KEYS */;
INSERT INTO `properties_area_links` VALUES (5,10,2),(6,11,5),(7,12,4),(11,15,3),(18,16,4),(10,17,2),(12,18,2),(13,19,4),(14,20,6),(15,21,6),(16,22,5),(17,23,6),(19,24,8),(20,25,8),(21,26,1),(22,27,6);
/*!40000 ALTER TABLE `properties_area_links` ENABLE KEYS */;
UNLOCK TABLES;

--
-- Table structure for table `properties_builder_links`
--

DROP TABLE IF EXISTS `properties_builder_links`;
/*!40101 SET @saved_cs_client     = @@character_set_client */;
/*!50503 SET character_set_client = utf8mb4 */;
CREATE TABLE `properties_builder_links` (
  `id` int unsigned NOT NULL AUTO_INCREMENT,
  `property_id` int unsigned DEFAULT NULL,
  `builder_id` int unsigned DEFAULT NULL,
  PRIMARY KEY (`id`),
  UNIQUE KEY `properties_builder_links_unique` (`property_id`,`builder_id`),
  KEY `properties_builder_links_fk` (`property_id`),
  KEY `properties_builder_links_inv_fk` (`builder_id`),
  CONSTRAINT `properties_builder_links_fk` FOREIGN KEY (`property_id`) REFERENCES `properties` (`id`) ON DELETE CASCADE,
  CONSTRAINT `properties_builder_links_inv_fk` FOREIGN KEY (`builder_id`) REFERENCES `builders` (`id`) ON DELETE CASCADE
) ENGINE=InnoDB AUTO_INCREMENT=30 DEFAULT CHARSET=utf8mb4 COLLATE=utf8mb4_0900_ai_ci;
/*!40101 SET character_set_client = @saved_cs_client */;

--
-- Dumping data for table `properties_builder_links`
--

LOCK TABLES `properties_builder_links` WRITE;
/*!40000 ALTER TABLE `properties_builder_links` DISABLE KEYS */;
INSERT INTO `properties_builder_links` VALUES (26,10,15),(12,11,10),(13,12,11),(14,15,9),(15,16,9),(17,17,12),(18,18,12),(19,19,11),(20,20,13),(21,21,13),(22,22,10),(23,23,13),(25,24,14),(27,25,15),(28,26,9),(29,27,11);
/*!40000 ALTER TABLE `properties_builder_links` ENABLE KEYS */;
UNLOCK TABLES;

--
-- Table structure for table `properties_components`
--

DROP TABLE IF EXISTS `properties_components`;
/*!40101 SET @saved_cs_client     = @@character_set_client */;
/*!50503 SET character_set_client = utf8mb4 */;
CREATE TABLE `properties_components` (
  `id` int unsigned NOT NULL AUTO_INCREMENT,
  `entity_id` int unsigned DEFAULT NULL,
  `component_id` int unsigned DEFAULT NULL,
  `component_type` varchar(255) DEFAULT NULL,
  `field` varchar(255) DEFAULT NULL,
  `order` double unsigned DEFAULT NULL,
  PRIMARY KEY (`id`),
  UNIQUE KEY `properties_unique` (`entity_id`,`component_id`,`field`,`component_type`),
  KEY `properties_field_index` (`field`),
  KEY `properties_component_type_index` (`component_type`),
  KEY `properties_entity_fk` (`entity_id`),
  CONSTRAINT `properties_entity_fk` FOREIGN KEY (`entity_id`) REFERENCES `properties` (`id`) ON DELETE CASCADE
) ENGINE=InnoDB AUTO_INCREMENT=1449 DEFAULT CHARSET=utf8mb4 COLLATE=utf8mb4_0900_ai_ci;
/*!40101 SET character_set_client = @saved_cs_client */;

--
-- Dumping data for table `properties_components`
--

LOCK TABLES `properties_components` WRITE;
/*!40000 ALTER TABLE `properties_components` DISABLE KEYS */;
INSERT INTO `properties_components` VALUES (348,10,16,'property.floor-plans','Floor_Plans',12),(349,10,17,'property.floor-plans','Floor_Plans',15),(350,10,18,'property.floor-plans','Floor_Plans',16),(355,10,17,'property.facts-features','Features',10),(386,10,1,'property.advantage','Advantages',22),(398,10,1,'property.downloads','Downloads',1),(399,10,2,'property.downloads','Downloads',3),(400,10,3,'property.downloads','Downloads',7),(401,10,4,'property.downloads','Downloads',9),(447,10,1,'property.unit-details','Unit_Types',2),(448,10,2,'property.unit-details','Unit_Types',4),(449,10,3,'property.unit-details','Unit_Types',5),(522,11,19,'property.floor-plans','Floor_Plans',9),(523,11,20,'property.floor-plans','Floor_Plans',8),(524,11,21,'property.floor-plans','Floor_Plans',10),(531,11,18,'property.facts-features','Features',7),(544,11,2,'property.advantage','Advantages',1),(554,11,5,'property.downloads','Downloads',3),(564,11,6,'property.downloads','Downloads',5),(588,11,4,'property.unit-details','Unit_Types',2),(589,11,5,'property.unit-details','Unit_Types',4),(590,11,6,'property.unit-details','Unit_Types',6),(605,12,22,'property.floor-plans','Floor_Plans',6),(606,12,23,'property.floor-plans','Floor_Plans',7),(607,12,19,'property.facts-features','Features',5),(614,12,7,'property.downloads','Downloads',1),(615,12,8,'property.downloads','Downloads',3),(616,12,7,'property.unit-details','Unit_Types',2),(617,12,8,'property.unit-details','Unit_Types',4),(618,15,30,'property.floor-plans','Floor_Plans',8),(619,15,31,'property.floor-plans','Floor_Plans',10),(620,15,32,'property.floor-plans','Floor_Plans',11),(621,15,22,'property.facts-features','Features',6),(628,15,5,'property.advantage','Advantages',12),(629,15,17,'property.downloads','Downloads',3),(630,15,18,'property.downloads','Downloads',5),(631,15,19,'property.downloads','Downloads',7),(632,15,20,'property.downloads','Downloads',9),(633,15,15,'property.unit-details','Unit_Types',1),(634,15,16,'property.unit-details','Unit_Types',2),(635,15,17,'property.unit-details','Unit_Types',4),(636,16,33,'property.floor-plans','Floor_Plans',8),(637,16,34,'property.floor-plans','Floor_Plans',10),(638,16,35,'property.floor-plans','Floor_Plans',11),(639,16,23,'property.facts-features','Features',6),(646,16,6,'property.advantage','Advantages',12),(647,16,21,'property.downloads','Downloads',3),(648,16,22,'property.downloads','Downloads',5),(649,16,23,'property.downloads','Downloads',7),(650,16,24,'property.downloads','Downloads',9),(651,16,18,'property.unit-details','Unit_Types',1),(652,16,19,'property.unit-details','Unit_Types',2),(653,16,20,'property.unit-details','Unit_Types',4),(654,17,36,'property.floor-plans','Floor_Plans',6),(655,17,37,'property.floor-plans','Floor_Plans',9),(656,17,38,'property.floor-plans','Floor_Plans',10),(657,17,24,'property.facts-features','Features',3),(664,17,7,'property.advantage','Advantages',12),(665,17,25,'property.downloads','Downloads',2),(666,17,26,'property.downloads','Downloads',4),(667,17,27,'property.downloads','Downloads',5),(668,17,28,'property.downloads','Downloads',8),(669,17,21,'property.unit-details','Unit_Types',1),(670,17,22,'property.unit-details','Unit_Types',2),(671,17,23,'property.unit-details','Unit_Types',3),(798,18,39,'property.floor-plans','Floor_Plans',6),(799,18,40,'property.floor-plans','Floor_Plans',9),(800,18,41,'property.floor-plans','Floor_Plans',10),(801,18,25,'property.facts-features','Features',3),(808,18,8,'property.advantage','Advantages',12),(809,18,29,'property.downloads','Downloads',2),(810,18,30,'property.downloads','Downloads',4),(811,18,31,'property.downloads','Downloads',5),(812,18,32,'property.downloads','Downloads',8),(813,18,24,'property.unit-details','Unit_Types',1),(814,18,25,'property.unit-details','Unit_Types',2),(815,18,26,'property.unit-details','Unit_Types',3),(816,19,42,'property.floor-plans','Floor_Plans',6),(817,19,43,'property.floor-plans','Floor_Plans',7),(818,19,26,'property.facts-features','Features',1),(825,19,33,'property.downloads','Downloads',4),(826,19,34,'property.downloads','Downloads',5),(827,19,27,'property.unit-details','Unit_Types',2),(828,19,28,'property.unit-details','Unit_Types',3),(829,20,27,'property.facts-features','Features',1),(837,21,28,'property.facts-features','Features',1),(845,22,44,'property.floor-plans','Floor_Plans',5),(846,22,45,'property.floor-plans','Floor_Plans',7),(847,22,46,'property.floor-plans','Floor_Plans',9),(848,22,29,'property.facts-features','Features',3),(853,22,9,'property.advantage','Advantages',1),(854,22,35,'property.downloads','Downloads',2),(855,22,36,'property.downloads','Downloads',4),(856,22,29,'property.unit-details','Unit_Types',1),(857,22,30,'property.unit-details','Unit_Types',2),(858,22,31,'property.unit-details','Unit_Types',3),(859,23,30,'property.facts-features','Features',1),(968,24,47,'property.floor-plans','Floor_Plans',3),(969,24,48,'property.floor-plans','Floor_Plans',5),(972,24,31,'property.facts-features','Features',1),(980,24,37,'property.downloads','Downloads',2),(981,24,32,'property.unit-details','Unit_Types',1),(982,24,33,'property.unit-details','Unit_Types',2),(983,24,34,'property.unit-details','Unit_Types',3),(1103,10,118,'property.amenities','Amenities',6),(1104,10,119,'property.amenities','Amenities',8),(1105,10,120,'property.amenities','Amenities',11),(1106,10,121,'property.amenities','Amenities',13),(1107,10,122,'property.amenities','Amenities',14),(1108,10,123,'property.amenities','Amenities',17),(1109,10,124,'property.amenities','Amenities',18),(1110,10,125,'property.amenities','Amenities',19),(1111,10,126,'property.amenities','Amenities',20),(1125,10,128,'property.amenities','Amenities',21),(1274,25,49,'property.floor-plans','Floor_Plans',10),(1275,25,50,'property.floor-plans','Floor_Plans',12),(1276,25,32,'property.facts-features','Features',7),(1277,25,129,'property.amenities','Amenities',6),(1278,25,130,'property.amenities','Amenities',8),(1279,25,131,'property.amenities','Amenities',9),(1280,25,132,'property.amenities','Amenities',11),(1281,25,133,'property.amenities','Amenities',13),(1282,25,134,'property.amenities','Amenities',16),(1283,25,135,'property.amenities','Amenities',17),(1284,25,136,'property.amenities','Amenities',18),(1285,25,10,'property.advantage','Advantages',14),(1286,25,38,'property.downloads','Downloads',4),(1287,25,39,'property.downloads','Downloads',5),(1288,25,35,'property.unit-details','Unit_Types',2),(1289,25,36,'property.unit-details','Unit_Types',3),(1290,25,1,'property.distances','Distance',1),(1291,25,1,'property.other-features','Other_Features',1),(1292,25,2,'property.other-features','Other_Features',2),(1293,25,3,'property.other-features','Other_Features',3),(1314,26,51,'property.floor-plans','Floor_Plans',1),(1315,26,52,'property.floor-plans','Floor_Plans',2),(1316,26,33,'property.facts-features','Features',1),(1317,26,137,'property.amenities','Amenities',1),(1318,26,138,'property.amenities','Amenities',2),(1319,26,139,'property.amenities','Amenities',3),(1320,26,140,'property.amenities','Amenities',4),(1321,26,141,'property.amenities','Amenities',5),(1322,26,142,'property.amenities','Amenities',6),(1323,26,11,'property.advantage','Advantages',NULL),(1324,26,40,'property.downloads','Downloads',1),(1325,26,41,'property.downloads','Downloads',2),(1326,26,37,'property.unit-details','Unit_Types',1),(1327,26,38,'property.unit-details','Unit_Types',2),(1328,26,2,'property.distances','Distance',NULL),(1329,26,4,'property.other-features','Other_Features',1),(1330,26,5,'property.other-features','Other_Features',2),(1331,26,6,'property.other-features','Other_Features',3),(1332,26,7,'property.other-features','Other_Features',4),(1348,27,53,'property.floor-plans','Floor_Plans',1),(1349,27,54,'property.floor-plans','Floor_Plans',2),(1350,27,34,'property.facts-features','Features',1),(1351,27,143,'property.amenities','Amenities',1),(1352,27,144,'property.amenities','Amenities',2),(1353,27,145,'property.amenities','Amenities',3),(1354,27,146,'property.amenities','Amenities',4),(1355,27,147,'property.amenities','Amenities',5),(1356,27,148,'property.amenities','Amenities',6),(1357,27,149,'property.amenities','Amenities',7),(1358,27,12,'property.advantage','Advantages',NULL),(1359,27,42,'property.downloads','Downloads',1),(1360,27,43,'property.downloads','Downloads',2),(1361,27,39,'property.unit-details','Unit_Types',1),(1362,27,3,'property.distances','Distance',NULL),(1363,27,8,'property.other-features','Other_Features',1),(1364,27,9,'property.other-features','Other_Features',2),(1365,27,10,'property.other-features','Other_Features',3);
/*!40000 ALTER TABLE `properties_components` ENABLE KEYS */;
UNLOCK TABLES;

--
-- Table structure for table `properties_status_links`
--

DROP TABLE IF EXISTS `properties_status_links`;
/*!40101 SET @saved_cs_client     = @@character_set_client */;
/*!50503 SET character_set_client = utf8mb4 */;
CREATE TABLE `properties_status_links` (
  `id` int unsigned NOT NULL AUTO_INCREMENT,
  `property_id` int unsigned DEFAULT NULL,
  `property_status_id` int unsigned DEFAULT NULL,
  PRIMARY KEY (`id`),
  UNIQUE KEY `properties_status_links_unique` (`property_id`,`property_status_id`),
  KEY `properties_status_links_fk` (`property_id`),
  KEY `properties_status_links_inv_fk` (`property_status_id`),
  CONSTRAINT `properties_status_links_fk` FOREIGN KEY (`property_id`) REFERENCES `properties` (`id`) ON DELETE CASCADE,
  CONSTRAINT `properties_status_links_inv_fk` FOREIGN KEY (`property_status_id`) REFERENCES `property_statuses` (`id`) ON DELETE CASCADE
) ENGINE=InnoDB AUTO_INCREMENT=22 DEFAULT CHARSET=utf8mb4 COLLATE=utf8mb4_0900_ai_ci;
/*!40101 SET character_set_client = @saved_cs_client */;

--
-- Dumping data for table `properties_status_links`
--

LOCK TABLES `properties_status_links` WRITE;
/*!40000 ALTER TABLE `properties_status_links` DISABLE KEYS */;
INSERT INTO `properties_status_links` VALUES (6,10,3),(7,11,4),(8,12,4),(9,15,3),(10,16,3),(11,17,3),(12,18,3),(13,19,4),(14,20,4),(15,21,4),(16,22,4),(17,23,4),(18,24,1),(19,25,3),(20,26,5),(21,27,5);
/*!40000 ALTER TABLE `properties_status_links` ENABLE KEYS */;
UNLOCK TABLES;

--
-- Table structure for table `properties_type_links`
--

DROP TABLE IF EXISTS `properties_type_links`;
/*!40101 SET @saved_cs_client     = @@character_set_client */;
/*!50503 SET character_set_client = utf8mb4 */;
CREATE TABLE `properties_type_links` (
  `id` int unsigned NOT NULL AUTO_INCREMENT,
  `property_id` int unsigned DEFAULT NULL,
  `property_type_id` int unsigned DEFAULT NULL,
  PRIMARY KEY (`id`),
  UNIQUE KEY `properties_type_links_unique` (`property_id`,`property_type_id`),
  KEY `properties_type_links_fk` (`property_id`),
  KEY `properties_type_links_inv_fk` (`property_type_id`),
  CONSTRAINT `properties_type_links_fk` FOREIGN KEY (`property_id`) REFERENCES `properties` (`id`) ON DELETE CASCADE,
  CONSTRAINT `properties_type_links_inv_fk` FOREIGN KEY (`property_type_id`) REFERENCES `property_types` (`id`) ON DELETE CASCADE
) ENGINE=InnoDB AUTO_INCREMENT=29 DEFAULT CHARSET=utf8mb4 COLLATE=utf8mb4_0900_ai_ci;
/*!40101 SET character_set_client = @saved_cs_client */;

--
-- Dumping data for table `properties_type_links`
--

LOCK TABLES `properties_type_links` WRITE;
/*!40000 ALTER TABLE `properties_type_links` DISABLE KEYS */;
INSERT INTO `properties_type_links` VALUES (22,10,3),(6,11,1),(7,12,1),(8,15,1),(19,16,3),(10,17,1),(20,18,4),(27,19,2),(26,20,2),(14,21,1),(15,22,1),(16,23,1),(21,24,1),(23,25,3),(24,26,3),(28,27,3);
/*!40000 ALTER TABLE `properties_type_links` ENABLE KEYS */;
UNLOCK TABLES;

--
-- Table structure for table `property_amenities`
--

DROP TABLE IF EXISTS `property_amenities`;
/*!40101 SET @saved_cs_client     = @@character_set_client */;
/*!50503 SET character_set_client = utf8mb4 */;
CREATE TABLE `property_amenities` (
  `id` int unsigned NOT NULL AUTO_INCREMENT,
  `name` varchar(255) DEFAULT NULL,
  `icon` varchar(255) DEFAULT NULL,
  `created_at` datetime(6) DEFAULT NULL,
  `updated_at` datetime(6) DEFAULT NULL,
  `published_at` datetime(6) DEFAULT NULL,
  `created_by_id` int unsigned DEFAULT NULL,
  `updated_by_id` int unsigned DEFAULT NULL,
  `alias` varchar(255) DEFAULT NULL,
  PRIMARY KEY (`id`),
  UNIQUE KEY `property_amenities_alias_unique` (`alias`),
  KEY `property_amenities_created_by_id_fk` (`created_by_id`),
  KEY `property_amenities_updated_by_id_fk` (`updated_by_id`),
  CONSTRAINT `property_amenities_created_by_id_fk` FOREIGN KEY (`created_by_id`) REFERENCES `admin_users` (`id`) ON DELETE SET NULL,
  CONSTRAINT `property_amenities_updated_by_id_fk` FOREIGN KEY (`updated_by_id`) REFERENCES `admin_users` (`id`) ON DELETE SET NULL
) ENGINE=InnoDB AUTO_INCREMENT=15 DEFAULT CHARSET=utf8mb4 COLLATE=utf8mb4_0900_ai_ci;
/*!40101 SET character_set_client = @saved_cs_client */;

--
-- Dumping data for table `property_amenities`
--

LOCK TABLES `property_amenities` WRITE;
/*!40000 ALTER TABLE `property_amenities` DISABLE KEYS */;
INSERT INTO `property_amenities` VALUES (1,'Security','fa fa-lock','2023-12-15 06:30:02.413000','2023-12-22 14:49:32.771000','2023-12-15 06:30:04.773000',1,1,'security'),(2,'Parking','fa fa-car','2023-12-15 06:36:05.316000','2023-12-22 14:48:45.837000','2023-12-15 06:36:07.469000',1,1,'parking'),(3,'Play Area ','fa fa-gamepad','2023-12-15 06:36:49.216000','2023-12-22 14:48:58.912000','2023-12-15 06:36:51.185000',1,1,'play-area'),(4,'Garden','fa fa-pagelines','2023-12-15 06:37:27.050000','2023-12-22 14:45:58.672000','2023-12-15 06:37:28.879000',1,1,'garden'),(5,'ATM','fa fa-bank','2023-12-15 06:43:38.065000','2023-12-22 14:45:36.044000','2023-12-15 06:43:39.932000',1,1,'atm'),(6,'Power Backup','fa fa-user','2023-12-15 10:23:36.788000','2023-12-22 14:49:09.846000','2023-12-15 10:23:38.842000',1,1,'power-backup'),(7,'Lift','fa fa-user','2023-12-15 10:24:00.533000','2023-12-22 14:48:06.498000','2023-12-15 10:24:03.104000',1,1,'lift'),(8,'Gym','fa fa-user','2023-12-15 10:24:27.174000','2023-12-22 14:46:09.295000','2023-12-15 10:24:29.072000',1,1,'gym'),(9,'Water 24x7','fa fa-tint','2023-12-15 10:25:08.358000','2023-12-22 14:49:54.655000','2023-12-15 10:25:10.301000',1,1,'water-24x7'),(10,'Swimming Pool','fa fa-user','2023-12-15 10:27:19.986000','2023-12-22 14:49:42.138000','2023-12-15 10:27:22.042000',1,1,'swimming-pool'),(11,'Maintenance Staff','fa fa-users','2023-12-19 14:02:48.780000','2023-12-22 14:48:29.145000','2023-12-19 14:03:11.673000',1,1,'maintenance-staff'),(12,'Health Facilities','fa fa-medkit','2023-12-19 14:21:01.184000','2023-12-22 14:47:55.032000','2023-12-19 14:21:09.593000',1,1,'health-facilities'),(13,'Road','fa fa-road','2023-12-19 14:29:02.543000','2023-12-22 14:49:20.075000','2023-12-19 14:29:04.181000',1,1,'road'),(14,'Wifi','fa fa-wifi','2023-12-22 08:15:13.138000','2023-12-22 14:50:18.728000','2023-12-22 08:15:15.171000',1,1,'wifi');
/*!40000 ALTER TABLE `property_amenities` ENABLE KEYS */;
UNLOCK TABLES;

--
-- Table structure for table `property_areas`
--

DROP TABLE IF EXISTS `property_areas`;
/*!40101 SET @saved_cs_client     = @@character_set_client */;
/*!50503 SET character_set_client = utf8mb4 */;
CREATE TABLE `property_areas` (
  `id` int unsigned NOT NULL AUTO_INCREMENT,
  `name` varchar(255) DEFAULT NULL,
  `description` longtext,
  `created_at` datetime(6) DEFAULT NULL,
  `updated_at` datetime(6) DEFAULT NULL,
  `published_at` datetime(6) DEFAULT NULL,
  `created_by_id` int unsigned DEFAULT NULL,
  `updated_by_id` int unsigned DEFAULT NULL,
  `alias` varchar(255) DEFAULT NULL,
  PRIMARY KEY (`id`),
  UNIQUE KEY `property_areas_alias_unique` (`alias`),
  KEY `property_areas_created_by_id_fk` (`created_by_id`),
  KEY `property_areas_updated_by_id_fk` (`updated_by_id`),
  CONSTRAINT `property_areas_created_by_id_fk` FOREIGN KEY (`created_by_id`) REFERENCES `admin_users` (`id`) ON DELETE SET NULL,
  CONSTRAINT `property_areas_updated_by_id_fk` FOREIGN KEY (`updated_by_id`) REFERENCES `admin_users` (`id`) ON DELETE SET NULL
) ENGINE=InnoDB AUTO_INCREMENT=9 DEFAULT CHARSET=utf8mb4 COLLATE=utf8mb4_0900_ai_ci;
/*!40101 SET character_set_client = @saved_cs_client */;

--
-- Dumping data for table `property_areas`
--

LOCK TABLES `property_areas` WRITE;
/*!40000 ALTER TABLE `property_areas` DISABLE KEYS */;
INSERT INTO `property_areas` VALUES (1,'Sholinganallur','Sholinganallur','2023-11-17 08:44:15.221000','2023-12-22 14:52:00.402000','2023-11-17 08:45:03.103000',1,1,'sholinganallur'),(2,'Sarjapur','Sarjapur','2023-11-17 08:48:48.541000','2023-12-22 14:51:47.893000','2023-11-17 08:48:51.841000',1,1,'sarjapur'),(3,'Kokapet','Kokapet','2023-11-17 08:51:17.105000','2023-12-22 14:51:06.965000','2023-11-17 08:52:27.274000',1,1,'kokapet'),(4,'Mamurdi','Mamurdi','2023-11-17 08:52:19.394000','2023-12-22 14:51:21.316000','2023-11-17 08:52:21.500000',1,1,'mamurdi'),(5,'Perungudi','Perungudi','2023-12-02 09:00:17.868000','2023-12-22 14:51:34.140000','2023-12-02 09:00:20.536000',1,1,'perungudi'),(6,'Egattur',NULL,'2023-12-02 18:33:22.011000','2023-12-22 14:50:52.867000','2023-12-02 18:33:24.520000',1,1,'egattur'),(8,'T Nagar','T Nagar','2023-12-08 08:46:33.452000','2023-12-22 14:52:13.777000','2023-12-08 08:46:36.302000',2,1,'t-nagar');
/*!40000 ALTER TABLE `property_areas` ENABLE KEYS */;
UNLOCK TABLES;

--
-- Table structure for table `property_areas_location_links`
--

DROP TABLE IF EXISTS `property_areas_location_links`;
/*!40101 SET @saved_cs_client     = @@character_set_client */;
/*!50503 SET character_set_client = utf8mb4 */;
CREATE TABLE `property_areas_location_links` (
  `id` int unsigned NOT NULL AUTO_INCREMENT,
  `property_area_id` int unsigned DEFAULT NULL,
  `property_location_id` int unsigned DEFAULT NULL,
  PRIMARY KEY (`id`),
  UNIQUE KEY `property_areas_location_links_unique` (`property_area_id`,`property_location_id`),
  KEY `property_areas_location_links_fk` (`property_area_id`),
  KEY `property_areas_location_links_inv_fk` (`property_location_id`),
  CONSTRAINT `property_areas_location_links_fk` FOREIGN KEY (`property_area_id`) REFERENCES `property_areas` (`id`) ON DELETE CASCADE,
  CONSTRAINT `property_areas_location_links_inv_fk` FOREIGN KEY (`property_location_id`) REFERENCES `property_locations` (`id`) ON DELETE CASCADE
) ENGINE=InnoDB AUTO_INCREMENT=8 DEFAULT CHARSET=utf8mb4 COLLATE=utf8mb4_0900_ai_ci;
/*!40101 SET character_set_client = @saved_cs_client */;

--
-- Dumping data for table `property_areas_location_links`
--

LOCK TABLES `property_areas_location_links` WRITE;
/*!40000 ALTER TABLE `property_areas_location_links` DISABLE KEYS */;
INSERT INTO `property_areas_location_links` VALUES (1,1,2),(2,2,1),(3,3,3),(4,4,4),(5,5,2),(6,6,2),(7,8,2);
/*!40000 ALTER TABLE `property_areas_location_links` ENABLE KEYS */;
UNLOCK TABLES;

--
-- Table structure for table `property_locations`
--

DROP TABLE IF EXISTS `property_locations`;
/*!40101 SET @saved_cs_client     = @@character_set_client */;
/*!50503 SET character_set_client = utf8mb4 */;
CREATE TABLE `property_locations` (
  `id` int unsigned NOT NULL AUTO_INCREMENT,
  `name` varchar(255) DEFAULT NULL,
  `description` longtext,
  `sort` int DEFAULT NULL,
  `created_at` datetime(6) DEFAULT NULL,
  `updated_at` datetime(6) DEFAULT NULL,
  `published_at` datetime(6) DEFAULT NULL,
  `created_by_id` int unsigned DEFAULT NULL,
  `updated_by_id` int unsigned DEFAULT NULL,
  `state` varchar(255) DEFAULT NULL,
  `alias` varchar(255) DEFAULT NULL,
  PRIMARY KEY (`id`),
  UNIQUE KEY `property_locations_alias_unique` (`alias`),
  KEY `property_locations_created_by_id_fk` (`created_by_id`),
  KEY `property_locations_updated_by_id_fk` (`updated_by_id`),
  CONSTRAINT `property_locations_created_by_id_fk` FOREIGN KEY (`created_by_id`) REFERENCES `admin_users` (`id`) ON DELETE SET NULL,
  CONSTRAINT `property_locations_updated_by_id_fk` FOREIGN KEY (`updated_by_id`) REFERENCES `admin_users` (`id`) ON DELETE SET NULL
) ENGINE=InnoDB AUTO_INCREMENT=5 DEFAULT CHARSET=utf8mb4 COLLATE=utf8mb4_0900_ai_ci;
/*!40101 SET character_set_client = @saved_cs_client */;

--
-- Dumping data for table `property_locations`
--

LOCK TABLES `property_locations` WRITE;
/*!40000 ALTER TABLE `property_locations` DISABLE KEYS */;
INSERT INTO `property_locations` VALUES (1,'Bangalore','Lorem ipsum dolor sit amet ',1,'2023-11-15 19:21:03.185000','2023-12-22 14:52:34.019000','2023-11-15 19:24:39.833000',1,1,'Karnataka','bangalore'),(2,'Chennai','Lorem ipsum dolor sit amet ',2,'2023-11-15 19:23:52.753000','2023-12-22 14:52:41.406000','2023-11-15 19:23:55.097000',1,1,'Tamil Nadu','chennai'),(3,'Hyderabad','Lorem ipsum dolor sit amet ',3,'2023-11-15 19:25:38.259000','2023-12-22 14:52:49.113000','2023-11-15 19:25:52.217000',1,1,'Telangana','hyderabad'),(4,'Pune','Lorem ipsum dolor sit amet.',4,'2023-11-15 19:26:33.285000','2023-12-22 14:53:06.254000','2023-11-15 19:26:35.360000',1,1,'Maharashtra','pune');
/*!40000 ALTER TABLE `property_locations` ENABLE KEYS */;
UNLOCK TABLES;

--
-- Table structure for table `property_statuses`
--

DROP TABLE IF EXISTS `property_statuses`;
/*!40101 SET @saved_cs_client     = @@character_set_client */;
/*!50503 SET character_set_client = utf8mb4 */;
CREATE TABLE `property_statuses` (
  `id` int unsigned NOT NULL AUTO_INCREMENT,
  `name` varchar(255) DEFAULT NULL,
  `created_at` datetime(6) DEFAULT NULL,
  `updated_at` datetime(6) DEFAULT NULL,
  `published_at` datetime(6) DEFAULT NULL,
  `created_by_id` int unsigned DEFAULT NULL,
  `updated_by_id` int unsigned DEFAULT NULL,
  `alias` varchar(255) DEFAULT NULL,
  PRIMARY KEY (`id`),
  UNIQUE KEY `property_statuses_alias_unique` (`alias`),
  KEY `property_statuses_created_by_id_fk` (`created_by_id`),
  KEY `property_statuses_updated_by_id_fk` (`updated_by_id`),
  CONSTRAINT `property_statuses_created_by_id_fk` FOREIGN KEY (`created_by_id`) REFERENCES `admin_users` (`id`) ON DELETE SET NULL,
  CONSTRAINT `property_statuses_updated_by_id_fk` FOREIGN KEY (`updated_by_id`) REFERENCES `admin_users` (`id`) ON DELETE SET NULL
) ENGINE=InnoDB AUTO_INCREMENT=6 DEFAULT CHARSET=utf8mb4 COLLATE=utf8mb4_0900_ai_ci;
/*!40101 SET character_set_client = @saved_cs_client */;

--
-- Dumping data for table `property_statuses`
--

LOCK TABLES `property_statuses` WRITE;
/*!40000 ALTER TABLE `property_statuses` DISABLE KEYS */;
INSERT INTO `property_statuses` VALUES (1,'For Sale','2023-11-17 07:30:19.269000','2023-12-22 14:53:29.260000','2023-11-17 07:30:21.550000',1,1,'for-sale'),(2,'Featured','2023-11-17 07:30:47.072000','2023-12-22 14:53:18.493000','2023-11-17 07:30:49.390000',1,1,'featured'),(3,'Ready To Move','2023-11-20 14:17:24.253000','2023-12-22 14:53:49.592000',NULL,1,1,'ready-to-move'),(4,'Under Construction','2023-12-02 08:59:29.687000','2023-12-22 14:55:07.007000','2023-12-02 08:59:31.779000',1,1,'under-construction'),(5,'Ready To Build','2023-12-18 14:11:02.280000','2023-12-22 14:53:39.009000','2023-12-18 14:11:05.211000',1,1,'ready-to-build');
/*!40000 ALTER TABLE `property_statuses` ENABLE KEYS */;
UNLOCK TABLES;

--
-- Table structure for table `property_types`
--

DROP TABLE IF EXISTS `property_types`;
/*!40101 SET @saved_cs_client     = @@character_set_client */;
/*!50503 SET character_set_client = utf8mb4 */;
CREATE TABLE `property_types` (
  `id` int unsigned NOT NULL AUTO_INCREMENT,
  `name` varchar(255) DEFAULT NULL,
  `description` longtext,
  `created_at` datetime(6) DEFAULT NULL,
  `updated_at` datetime(6) DEFAULT NULL,
  `published_at` datetime(6) DEFAULT NULL,
  `created_by_id` int unsigned DEFAULT NULL,
  `updated_by_id` int unsigned DEFAULT NULL,
  `sort` int DEFAULT NULL,
  `icon` varchar(255) DEFAULT NULL,
  `alias` varchar(255) DEFAULT NULL,
  PRIMARY KEY (`id`),
  UNIQUE KEY `property_types_alias_unique` (`alias`),
  KEY `property_types_created_by_id_fk` (`created_by_id`),
  KEY `property_types_updated_by_id_fk` (`updated_by_id`),
  CONSTRAINT `property_types_created_by_id_fk` FOREIGN KEY (`created_by_id`) REFERENCES `admin_users` (`id`) ON DELETE SET NULL,
  CONSTRAINT `property_types_updated_by_id_fk` FOREIGN KEY (`updated_by_id`) REFERENCES `admin_users` (`id`) ON DELETE SET NULL
) ENGINE=InnoDB AUTO_INCREMENT=6 DEFAULT CHARSET=utf8mb4 COLLATE=utf8mb4_0900_ai_ci;
/*!40101 SET character_set_client = @saved_cs_client */;

--
-- Dumping data for table `property_types`
--

LOCK TABLES `property_types` WRITE;
/*!40000 ALTER TABLE `property_types` DISABLE KEYS */;
INSERT INTO `property_types` VALUES (1,'Apartments','<p>Lorem ipsum dolor sit amet.</p>','2023-10-20 07:33:02.345000','2023-12-22 14:55:22.584000','2023-10-20 07:33:04.594000',1,1,1,'fa fa-building','apartments'),(2,'Villas','<p>Lorem ipsum dolor sit amet.</p>','2023-10-20 07:51:10.682000','2023-12-22 14:56:06.663000','2023-10-20 07:55:44.932000',1,1,2,'fa fa-home','villas'),(3,'Plots','<p>Lorem ipsum dolor sit amet.</p>','2023-10-20 07:55:50.183000','2023-12-22 14:56:14.329000','2023-10-20 07:56:29.867000',1,1,3,'fa fa-object-group','plots'),(4,'Commercial','<p>Lorem ipsum dolor sit amet.</p>','2023-10-20 07:57:12.708000','2023-12-22 14:55:30.741000','2023-10-20 07:57:40.151000',1,1,4,'fa fa-industry','commercial'),(5,'General Properties','<p>Lorem ipsum dolor sit amet</p>','2023-12-22 13:40:40.779000','2023-12-22 14:55:58.973000','2023-12-22 13:42:02.411000',1,1,0,'fa fa-home','properties');
/*!40000 ALTER TABLE `property_types` ENABLE KEYS */;
UNLOCK TABLES;

--
-- Table structure for table `site_configurations`
--

DROP TABLE IF EXISTS `site_configurations`;
/*!40101 SET @saved_cs_client     = @@character_set_client */;
/*!50503 SET character_set_client = utf8mb4 */;
CREATE TABLE `site_configurations` (
  `id` int unsigned NOT NULL AUTO_INCREMENT,
  `name` varchar(255) DEFAULT NULL,
  `url` varchar(255) DEFAULT NULL,
  `created_at` datetime(6) DEFAULT NULL,
  `updated_at` datetime(6) DEFAULT NULL,
  `published_at` datetime(6) DEFAULT NULL,
  `created_by_id` int unsigned DEFAULT NULL,
  `updated_by_id` int unsigned DEFAULT NULL,
  `email_id` varchar(255) DEFAULT NULL,
  `phone_number` varchar(255) DEFAULT NULL,
  `address` longtext,
  `copy_write` varchar(255) DEFAULT NULL,
  `mail_template_header` longtext,
  `mail_template_footer` longtext,
  PRIMARY KEY (`id`),
  KEY `site_configurations_created_by_id_fk` (`created_by_id`),
  KEY `site_configurations_updated_by_id_fk` (`updated_by_id`),
  CONSTRAINT `site_configurations_created_by_id_fk` FOREIGN KEY (`created_by_id`) REFERENCES `admin_users` (`id`) ON DELETE SET NULL,
  CONSTRAINT `site_configurations_updated_by_id_fk` FOREIGN KEY (`updated_by_id`) REFERENCES `admin_users` (`id`) ON DELETE SET NULL
) ENGINE=InnoDB AUTO_INCREMENT=2 DEFAULT CHARSET=utf8mb4 COLLATE=utf8mb4_0900_ai_ci;
/*!40101 SET character_set_client = @saved_cs_client */;

--
-- Dumping data for table `site_configurations`
--

LOCK TABLES `site_configurations` WRITE;
/*!40000 ALTER TABLE `site_configurations` DISABLE KEYS */;
INSERT INTO `site_configurations` VALUES (1,'FBP_Dev','https://devadmin.fullbasketproperty.com/uploads/logo_0ae0c663e3.jpg','2023-09-27 15:33:59.513000','2023-12-22 15:23:27.894000','2023-09-27 15:34:05.400000',1,1,'sales@fullbasketproperty.com','9019000400','<p>11/2/1, Sigma Trident,&nbsp;<br>Hayes Road Entrance,<br>Richmond Road,<br>Bangaluru,<br>Karnataka,560025.</p>','All Rights Reserved &copy; FULL BASKET Property','<html>\n  <head>\n  </head>\n  <body style=\"font-family:\'Nunito Sans\', sans-serif;width:80%;padding:10px;text-align:center;border:1px solid #C8C8C8;\">\n    <div>\n      <img src=\"https://devadmin.fullbasketproperty.com/uploads/FBP_Logo_BOLD_1_92db02d717.png\" />\n    </div>\n    <hr />\n    <div>','</div>\n    <hr />\n    <div>\n       <h2 style=\"text-align:left;color:#ff5a3c\">Full Basket Property</h2>\n      <p style=\"text-align:left; margin-top:-12px;color:#ff5a3c\">\n       \n11/2/1, Sigma Trident,<br />\nHayes Road Entrance,<br />\nRichmond Road,<br />\nBangaluru,<br />\nKarnataka,560025.<br />\n<a href=\"tel:9019000400\"style=\"text-decoration:none;color:#ff5a3c\"\" >9019000400</a><br />\n<a href=\"mailto:sales@fullbasketproperty.com\"style=\"text-decoration:none;color:#ff5a3c\"\" >sales@fullbasketproperty.com</a><br />\n\n        </p>\n    </div>\n  </body>\n</html>');
/*!40000 ALTER TABLE `site_configurations` ENABLE KEYS */;
UNLOCK TABLES;

--
-- Table structure for table `site_configurations_components`
--

DROP TABLE IF EXISTS `site_configurations_components`;
/*!40101 SET @saved_cs_client     = @@character_set_client */;
/*!50503 SET character_set_client = utf8mb4 */;
CREATE TABLE `site_configurations_components` (
  `id` int unsigned NOT NULL AUTO_INCREMENT,
  `entity_id` int unsigned DEFAULT NULL,
  `component_id` int unsigned DEFAULT NULL,
  `component_type` varchar(255) DEFAULT NULL,
  `field` varchar(255) DEFAULT NULL,
  `order` double unsigned DEFAULT NULL,
  PRIMARY KEY (`id`),
  UNIQUE KEY `site_configurations_unique` (`entity_id`,`component_id`,`field`,`component_type`),
  KEY `site_configurations_field_index` (`field`),
  KEY `site_configurations_component_type_index` (`component_type`),
  KEY `site_configurations_entity_fk` (`entity_id`),
  CONSTRAINT `site_configurations_entity_fk` FOREIGN KEY (`entity_id`) REFERENCES `site_configurations` (`id`) ON DELETE CASCADE
) ENGINE=InnoDB AUTO_INCREMENT=831 DEFAULT CHARSET=utf8mb4 COLLATE=utf8mb4_0900_ai_ci;
/*!40101 SET character_set_client = @saved_cs_client */;

--
-- Dumping data for table `site_configurations_components`
--

LOCK TABLES `site_configurations_components` WRITE;
/*!40000 ALTER TABLE `site_configurations_components` DISABLE KEYS */;
INSERT INTO `site_configurations_components` VALUES (1,1,1,'site-config.social-links','Social_Links',1),(2,1,2,'site-config.social-links','Social_Links',5),(3,1,3,'site-config.social-links','Social_Links',11),(4,1,4,'site-config.social-links','Social_Links',12),(164,1,1,'contact-links.contact-links','Contact_Page_Icons',23),(165,1,2,'contact-links.contact-links','Contact_Page_Icons',24),(166,1,3,'contact-links.contact-links','Contact_Page_Icons',25),(167,1,4,'contact-links.contact-links','Contact_Page_Icons',26),(269,1,5,'common.contact-links','Contacts',2),(271,1,7,'common.contact-links','Contacts',4),(333,1,1,'common.top-menus','Top_Menu',1),(334,1,2,'common.top-menus','Top_Menu',2),(335,1,3,'common.top-menus','Top_Menu',3),(336,1,4,'common.top-menus','Top_Menu',5),(337,1,5,'common.top-menus','Top_Menu',4),(338,1,6,'common.top-menus','Top_Menu',6),(339,1,7,'common.top-menus','Top_Menu',7),(340,1,8,'common.top-menus','Top_Menu',11),(341,1,9,'common.top-menus','Top_Menu',8),(342,1,10,'common.top-menus','Top_Menu',9),(343,1,11,'common.top-menus','Top_Menu',10),(388,1,1,'common.popular-search','Popular_Search',22),(794,1,10,'site-config.footer-menu-links','Footer_Menu_Links',3),(813,1,11,'site-config.footer-menu-links','Footer_Menu_Links',6),(814,1,12,'site-config.footer-menu-links','Footer_Menu_Links',7),(815,1,13,'site-config.footer-menu-links','Footer_Menu_Links',9);
/*!40000 ALTER TABLE `site_configurations_components` ENABLE KEYS */;
UNLOCK TABLES;

--
-- Table structure for table `site_configurations_privacy_policy_links`
--

DROP TABLE IF EXISTS `site_configurations_privacy_policy_links`;
/*!40101 SET @saved_cs_client     = @@character_set_client */;
/*!50503 SET character_set_client = utf8mb4 */;
CREATE TABLE `site_configurations_privacy_policy_links` (
  `id` int unsigned NOT NULL AUTO_INCREMENT,
  `site_configuration_id` int unsigned DEFAULT NULL,
  `menu_id` int unsigned DEFAULT NULL,
  PRIMARY KEY (`id`),
  UNIQUE KEY `site_configurations_privacy_policy_links_unique` (`site_configuration_id`,`menu_id`),
  KEY `site_configurations_privacy_policy_links_fk` (`site_configuration_id`),
  KEY `site_configurations_privacy_policy_links_inv_fk` (`menu_id`),
  CONSTRAINT `site_configurations_privacy_policy_links_fk` FOREIGN KEY (`site_configuration_id`) REFERENCES `site_configurations` (`id`) ON DELETE CASCADE,
  CONSTRAINT `site_configurations_privacy_policy_links_inv_fk` FOREIGN KEY (`menu_id`) REFERENCES `menus` (`id`) ON DELETE CASCADE
) ENGINE=InnoDB AUTO_INCREMENT=2 DEFAULT CHARSET=utf8mb4 COLLATE=utf8mb4_0900_ai_ci;
/*!40101 SET character_set_client = @saved_cs_client */;

--
-- Dumping data for table `site_configurations_privacy_policy_links`
--

LOCK TABLES `site_configurations_privacy_policy_links` WRITE;
/*!40000 ALTER TABLE `site_configurations_privacy_policy_links` DISABLE KEYS */;
INSERT INTO `site_configurations_privacy_policy_links` VALUES (1,1,18);
/*!40000 ALTER TABLE `site_configurations_privacy_policy_links` ENABLE KEYS */;
UNLOCK TABLES;

--
-- Table structure for table `site_configurations_terms_conditions_links`
--

DROP TABLE IF EXISTS `site_configurations_terms_conditions_links`;
/*!40101 SET @saved_cs_client     = @@character_set_client */;
/*!50503 SET character_set_client = utf8mb4 */;
CREATE TABLE `site_configurations_terms_conditions_links` (
  `id` int unsigned NOT NULL AUTO_INCREMENT,
  `site_configuration_id` int unsigned DEFAULT NULL,
  `menu_id` int unsigned DEFAULT NULL,
  PRIMARY KEY (`id`),
  UNIQUE KEY `site_configurations_terms_conditions_links_unique` (`site_configuration_id`,`menu_id`),
  KEY `site_configurations_terms_conditions_links_fk` (`site_configuration_id`),
  KEY `site_configurations_terms_conditions_links_inv_fk` (`menu_id`),
  CONSTRAINT `site_configurations_terms_conditions_links_fk` FOREIGN KEY (`site_configuration_id`) REFERENCES `site_configurations` (`id`) ON DELETE CASCADE,
  CONSTRAINT `site_configurations_terms_conditions_links_inv_fk` FOREIGN KEY (`menu_id`) REFERENCES `menus` (`id`) ON DELETE CASCADE
) ENGINE=InnoDB AUTO_INCREMENT=2 DEFAULT CHARSET=utf8mb4 COLLATE=utf8mb4_0900_ai_ci;
/*!40101 SET character_set_client = @saved_cs_client */;

--
-- Dumping data for table `site_configurations_terms_conditions_links`
--

LOCK TABLES `site_configurations_terms_conditions_links` WRITE;
/*!40000 ALTER TABLE `site_configurations_terms_conditions_links` DISABLE KEYS */;
INSERT INTO `site_configurations_terms_conditions_links` VALUES (1,1,17);
/*!40000 ALTER TABLE `site_configurations_terms_conditions_links` ENABLE KEYS */;
UNLOCK TABLES;

--
-- Table structure for table `strapi_api_token_permissions`
--

DROP TABLE IF EXISTS `strapi_api_token_permissions`;
/*!40101 SET @saved_cs_client     = @@character_set_client */;
/*!50503 SET character_set_client = utf8mb4 */;
CREATE TABLE `strapi_api_token_permissions` (
  `id` int unsigned NOT NULL AUTO_INCREMENT,
  `action` varchar(255) DEFAULT NULL,
  `created_at` datetime(6) DEFAULT NULL,
  `updated_at` datetime(6) DEFAULT NULL,
  `created_by_id` int unsigned DEFAULT NULL,
  `updated_by_id` int unsigned DEFAULT NULL,
  PRIMARY KEY (`id`),
  KEY `strapi_api_token_permissions_created_by_id_fk` (`created_by_id`),
  KEY `strapi_api_token_permissions_updated_by_id_fk` (`updated_by_id`),
  CONSTRAINT `strapi_api_token_permissions_created_by_id_fk` FOREIGN KEY (`created_by_id`) REFERENCES `admin_users` (`id`) ON DELETE SET NULL,
  CONSTRAINT `strapi_api_token_permissions_updated_by_id_fk` FOREIGN KEY (`updated_by_id`) REFERENCES `admin_users` (`id`) ON DELETE SET NULL
) ENGINE=InnoDB AUTO_INCREMENT=12 DEFAULT CHARSET=utf8mb4 COLLATE=utf8mb4_0900_ai_ci;
/*!40101 SET character_set_client = @saved_cs_client */;

--
-- Dumping data for table `strapi_api_token_permissions`
--

LOCK TABLES `strapi_api_token_permissions` WRITE;
/*!40000 ALTER TABLE `strapi_api_token_permissions` DISABLE KEYS */;
/*!40000 ALTER TABLE `strapi_api_token_permissions` ENABLE KEYS */;
UNLOCK TABLES;

--
-- Table structure for table `strapi_api_token_permissions_token_links`
--

DROP TABLE IF EXISTS `strapi_api_token_permissions_token_links`;
/*!40101 SET @saved_cs_client     = @@character_set_client */;
/*!50503 SET character_set_client = utf8mb4 */;
CREATE TABLE `strapi_api_token_permissions_token_links` (
  `id` int unsigned NOT NULL AUTO_INCREMENT,
  `api_token_permission_id` int unsigned DEFAULT NULL,
  `api_token_id` int unsigned DEFAULT NULL,
  `api_token_permission_order` double unsigned DEFAULT NULL,
  PRIMARY KEY (`id`),
  UNIQUE KEY `strapi_api_token_permissions_token_links_unique` (`api_token_permission_id`,`api_token_id`),
  KEY `strapi_api_token_permissions_token_links_fk` (`api_token_permission_id`),
  KEY `strapi_api_token_permissions_token_links_inv_fk` (`api_token_id`),
  KEY `strapi_api_token_permissions_token_links_order_inv_fk` (`api_token_permission_order`),
  CONSTRAINT `strapi_api_token_permissions_token_links_fk` FOREIGN KEY (`api_token_permission_id`) REFERENCES `strapi_api_token_permissions` (`id`) ON DELETE CASCADE,
  CONSTRAINT `strapi_api_token_permissions_token_links_inv_fk` FOREIGN KEY (`api_token_id`) REFERENCES `strapi_api_tokens` (`id`) ON DELETE CASCADE
) ENGINE=InnoDB AUTO_INCREMENT=12 DEFAULT CHARSET=utf8mb4 COLLATE=utf8mb4_0900_ai_ci;
/*!40101 SET character_set_client = @saved_cs_client */;

--
-- Dumping data for table `strapi_api_token_permissions_token_links`
--

LOCK TABLES `strapi_api_token_permissions_token_links` WRITE;
/*!40000 ALTER TABLE `strapi_api_token_permissions_token_links` DISABLE KEYS */;
/*!40000 ALTER TABLE `strapi_api_token_permissions_token_links` ENABLE KEYS */;
UNLOCK TABLES;

--
-- Table structure for table `strapi_api_tokens`
--

DROP TABLE IF EXISTS `strapi_api_tokens`;
/*!40101 SET @saved_cs_client     = @@character_set_client */;
/*!50503 SET character_set_client = utf8mb4 */;
CREATE TABLE `strapi_api_tokens` (
  `id` int unsigned NOT NULL AUTO_INCREMENT,
  `name` varchar(255) DEFAULT NULL,
  `description` varchar(255) DEFAULT NULL,
  `type` varchar(255) DEFAULT NULL,
  `access_key` varchar(255) DEFAULT NULL,
  `last_used_at` datetime(6) DEFAULT NULL,
  `expires_at` datetime(6) DEFAULT NULL,
  `lifespan` bigint DEFAULT NULL,
  `created_at` datetime(6) DEFAULT NULL,
  `updated_at` datetime(6) DEFAULT NULL,
  `created_by_id` int unsigned DEFAULT NULL,
  `updated_by_id` int unsigned DEFAULT NULL,
  PRIMARY KEY (`id`),
  KEY `strapi_api_tokens_created_by_id_fk` (`created_by_id`),
  KEY `strapi_api_tokens_updated_by_id_fk` (`updated_by_id`),
  CONSTRAINT `strapi_api_tokens_created_by_id_fk` FOREIGN KEY (`created_by_id`) REFERENCES `admin_users` (`id`) ON DELETE SET NULL,
  CONSTRAINT `strapi_api_tokens_updated_by_id_fk` FOREIGN KEY (`updated_by_id`) REFERENCES `admin_users` (`id`) ON DELETE SET NULL
) ENGINE=InnoDB AUTO_INCREMENT=2 DEFAULT CHARSET=utf8mb4 COLLATE=utf8mb4_0900_ai_ci;
/*!40101 SET character_set_client = @saved_cs_client */;

--
-- Dumping data for table `strapi_api_tokens`
--

LOCK TABLES `strapi_api_tokens` WRITE;
/*!40000 ALTER TABLE `strapi_api_tokens` DISABLE KEYS */;
INSERT INTO `strapi_api_tokens` VALUES (1,'Strapi Access Token','','full-access','e888fc056256b542391cb212dc8a1b41aa113254d2d02ff9e77f954d7b9269514d4c005995c5cc2061de9edde155067b0ec73f7ea1c2b8d2a1903eb119da6bda',NULL,NULL,NULL,'2023-09-25 17:27:36.877000','2023-09-25 17:37:20.389000',NULL,NULL);
/*!40000 ALTER TABLE `strapi_api_tokens` ENABLE KEYS */;
UNLOCK TABLES;

--
-- Table structure for table `strapi_core_store_settings`
--

DROP TABLE IF EXISTS `strapi_core_store_settings`;
/*!40101 SET @saved_cs_client     = @@character_set_client */;
/*!50503 SET character_set_client = utf8mb4 */;
CREATE TABLE `strapi_core_store_settings` (
  `id` int unsigned NOT NULL AUTO_INCREMENT,
  `key` varchar(255) DEFAULT NULL,
  `value` longtext,
  `type` varchar(255) DEFAULT NULL,
  `environment` varchar(255) DEFAULT NULL,
  `tag` varchar(255) DEFAULT NULL,
  PRIMARY KEY (`id`)
) ENGINE=InnoDB AUTO_INCREMENT=82 DEFAULT CHARSET=utf8mb4 COLLATE=utf8mb4_0900_ai_ci;
/*!40101 SET character_set_client = @saved_cs_client */;

--
-- Dumping data for table `strapi_core_store_settings`
--

LOCK TABLES `strapi_core_store_settings` WRITE;
/*!40000 ALTER TABLE `strapi_core_store_settings` DISABLE KEYS */;
INSERT INTO `strapi_core_store_settings` VALUES (1,'strapi_content_types_schema','{\"admin::permission\":{\"collectionName\":\"admin_permissions\",\"info\":{\"name\":\"Permission\",\"description\":\"\",\"singularName\":\"permission\",\"pluralName\":\"permissions\",\"displayName\":\"Permission\"},\"options\":{},\"pluginOptions\":{\"content-manager\":{\"visible\":false},\"content-type-builder\":{\"visible\":false}},\"attributes\":{\"action\":{\"type\":\"string\",\"minLength\":1,\"configurable\":false,\"required\":true},\"subject\":{\"type\":\"string\",\"minLength\":1,\"configurable\":false,\"required\":false},\"properties\":{\"type\":\"json\",\"configurable\":false,\"required\":false,\"default\":{}},\"conditions\":{\"type\":\"json\",\"configurable\":false,\"required\":false,\"default\":[]},\"role\":{\"configurable\":false,\"type\":\"relation\",\"relation\":\"manyToOne\",\"inversedBy\":\"permissions\",\"target\":\"admin::role\"},\"createdAt\":{\"type\":\"datetime\"},\"updatedAt\":{\"type\":\"datetime\"},\"createdBy\":{\"type\":\"relation\",\"relation\":\"oneToOne\",\"target\":\"admin::user\",\"configurable\":false,\"writable\":false,\"visible\":false,\"useJoinTable\":false,\"private\":true},\"updatedBy\":{\"type\":\"relation\",\"relation\":\"oneToOne\",\"target\":\"admin::user\",\"configurable\":false,\"writable\":false,\"visible\":false,\"useJoinTable\":false,\"private\":true}},\"kind\":\"collectionType\",\"__schema__\":{\"collectionName\":\"admin_permissions\",\"info\":{\"name\":\"Permission\",\"description\":\"\",\"singularName\":\"permission\",\"pluralName\":\"permissions\",\"displayName\":\"Permission\"},\"options\":{},\"pluginOptions\":{\"content-manager\":{\"visible\":false},\"content-type-builder\":{\"visible\":false}},\"attributes\":{\"action\":{\"type\":\"string\",\"minLength\":1,\"configurable\":false,\"required\":true},\"subject\":{\"type\":\"string\",\"minLength\":1,\"configurable\":false,\"required\":false},\"properties\":{\"type\":\"json\",\"configurable\":false,\"required\":false,\"default\":{}},\"conditions\":{\"type\":\"json\",\"configurable\":false,\"required\":false,\"default\":[]},\"role\":{\"configurable\":false,\"type\":\"relation\",\"relation\":\"manyToOne\",\"inversedBy\":\"permissions\",\"target\":\"admin::role\"}},\"kind\":\"collectionType\"},\"modelType\":\"contentType\",\"modelName\":\"permission\",\"connection\":\"default\",\"uid\":\"admin::permission\",\"plugin\":\"admin\",\"globalId\":\"AdminPermission\"},\"admin::user\":{\"collectionName\":\"admin_users\",\"info\":{\"name\":\"User\",\"description\":\"\",\"singularName\":\"user\",\"pluralName\":\"users\",\"displayName\":\"User\"},\"pluginOptions\":{\"content-manager\":{\"visible\":false},\"content-type-builder\":{\"visible\":false}},\"attributes\":{\"firstname\":{\"type\":\"string\",\"unique\":false,\"minLength\":1,\"configurable\":false,\"required\":false},\"lastname\":{\"type\":\"string\",\"unique\":false,\"minLength\":1,\"configurable\":false,\"required\":false},\"username\":{\"type\":\"string\",\"unique\":false,\"configurable\":false,\"required\":false},\"email\":{\"type\":\"email\",\"minLength\":6,\"configurable\":false,\"required\":true,\"unique\":true,\"private\":true},\"password\":{\"type\":\"password\",\"minLength\":6,\"configurable\":false,\"required\":false,\"private\":true,\"searchable\":false},\"resetPasswordToken\":{\"type\":\"string\",\"configurable\":false,\"private\":true,\"searchable\":false},\"registrationToken\":{\"type\":\"string\",\"configurable\":false,\"private\":true,\"searchable\":false},\"isActive\":{\"type\":\"boolean\",\"default\":false,\"configurable\":false,\"private\":true},\"roles\":{\"configurable\":false,\"private\":true,\"type\":\"relation\",\"relation\":\"manyToMany\",\"inversedBy\":\"users\",\"target\":\"admin::role\",\"collectionName\":\"strapi_users_roles\"},\"blocked\":{\"type\":\"boolean\",\"default\":false,\"configurable\":false,\"private\":true},\"preferedLanguage\":{\"type\":\"string\",\"configurable\":false,\"required\":false,\"searchable\":false},\"createdAt\":{\"type\":\"datetime\"},\"updatedAt\":{\"type\":\"datetime\"},\"createdBy\":{\"type\":\"relation\",\"relation\":\"oneToOne\",\"target\":\"admin::user\",\"configurable\":false,\"writable\":false,\"visible\":false,\"useJoinTable\":false,\"private\":true},\"updatedBy\":{\"type\":\"relation\",\"relation\":\"oneToOne\",\"target\":\"admin::user\",\"configurable\":false,\"writable\":false,\"visible\":false,\"useJoinTable\":false,\"private\":true}},\"config\":{\"attributes\":{\"resetPasswordToken\":{\"hidden\":true},\"registrationToken\":{\"hidden\":true}}},\"kind\":\"collectionType\",\"__schema__\":{\"collectionName\":\"admin_users\",\"info\":{\"name\":\"User\",\"description\":\"\",\"singularName\":\"user\",\"pluralName\":\"users\",\"displayName\":\"User\"},\"pluginOptions\":{\"content-manager\":{\"visible\":false},\"content-type-builder\":{\"visible\":false}},\"attributes\":{\"firstname\":{\"type\":\"string\",\"unique\":false,\"minLength\":1,\"configurable\":false,\"required\":false},\"lastname\":{\"type\":\"string\",\"unique\":false,\"minLength\":1,\"configurable\":false,\"required\":false},\"username\":{\"type\":\"string\",\"unique\":false,\"configurable\":false,\"required\":false},\"email\":{\"type\":\"email\",\"minLength\":6,\"configurable\":false,\"required\":true,\"unique\":true,\"private\":true},\"password\":{\"type\":\"password\",\"minLength\":6,\"configurable\":false,\"required\":false,\"private\":true,\"searchable\":false},\"resetPasswordToken\":{\"type\":\"string\",\"configurable\":false,\"private\":true,\"searchable\":false},\"registrationToken\":{\"type\":\"string\",\"configurable\":false,\"private\":true,\"searchable\":false},\"isActive\":{\"type\":\"boolean\",\"default\":false,\"configurable\":false,\"private\":true},\"roles\":{\"configurable\":false,\"private\":true,\"type\":\"relation\",\"relation\":\"manyToMany\",\"inversedBy\":\"users\",\"target\":\"admin::role\",\"collectionName\":\"strapi_users_roles\"},\"blocked\":{\"type\":\"boolean\",\"default\":false,\"configurable\":false,\"private\":true},\"preferedLanguage\":{\"type\":\"string\",\"configurable\":false,\"required\":false,\"searchable\":false}},\"kind\":\"collectionType\"},\"modelType\":\"contentType\",\"modelName\":\"user\",\"connection\":\"default\",\"uid\":\"admin::user\",\"plugin\":\"admin\",\"globalId\":\"AdminUser\"},\"admin::role\":{\"collectionName\":\"admin_roles\",\"info\":{\"name\":\"Role\",\"description\":\"\",\"singularName\":\"role\",\"pluralName\":\"roles\",\"displayName\":\"Role\"},\"options\":{},\"pluginOptions\":{\"content-manager\":{\"visible\":false},\"content-type-builder\":{\"visible\":false}},\"attributes\":{\"name\":{\"type\":\"string\",\"minLength\":1,\"unique\":true,\"configurable\":false,\"required\":true},\"code\":{\"type\":\"string\",\"minLength\":1,\"unique\":true,\"configurable\":false,\"required\":true},\"description\":{\"type\":\"string\",\"configurable\":false},\"users\":{\"configurable\":false,\"type\":\"relation\",\"relation\":\"manyToMany\",\"mappedBy\":\"roles\",\"target\":\"admin::user\"},\"permissions\":{\"configurable\":false,\"type\":\"relation\",\"relation\":\"oneToMany\",\"mappedBy\":\"role\",\"target\":\"admin::permission\"},\"createdAt\":{\"type\":\"datetime\"},\"updatedAt\":{\"type\":\"datetime\"},\"createdBy\":{\"type\":\"relation\",\"relation\":\"oneToOne\",\"target\":\"admin::user\",\"configurable\":false,\"writable\":false,\"visible\":false,\"useJoinTable\":false,\"private\":true},\"updatedBy\":{\"type\":\"relation\",\"relation\":\"oneToOne\",\"target\":\"admin::user\",\"configurable\":false,\"writable\":false,\"visible\":false,\"useJoinTable\":false,\"private\":true}},\"kind\":\"collectionType\",\"__schema__\":{\"collectionName\":\"admin_roles\",\"info\":{\"name\":\"Role\",\"description\":\"\",\"singularName\":\"role\",\"pluralName\":\"roles\",\"displayName\":\"Role\"},\"options\":{},\"pluginOptions\":{\"content-manager\":{\"visible\":false},\"content-type-builder\":{\"visible\":false}},\"attributes\":{\"name\":{\"type\":\"string\",\"minLength\":1,\"unique\":true,\"configurable\":false,\"required\":true},\"code\":{\"type\":\"string\",\"minLength\":1,\"unique\":true,\"configurable\":false,\"required\":true},\"description\":{\"type\":\"string\",\"configurable\":false},\"users\":{\"configurable\":false,\"type\":\"relation\",\"relation\":\"manyToMany\",\"mappedBy\":\"roles\",\"target\":\"admin::user\"},\"permissions\":{\"configurable\":false,\"type\":\"relation\",\"relation\":\"oneToMany\",\"mappedBy\":\"role\",\"target\":\"admin::permission\"}},\"kind\":\"collectionType\"},\"modelType\":\"contentType\",\"modelName\":\"role\",\"connection\":\"default\",\"uid\":\"admin::role\",\"plugin\":\"admin\",\"globalId\":\"AdminRole\"},\"admin::api-token\":{\"collectionName\":\"strapi_api_tokens\",\"info\":{\"name\":\"Api Token\",\"singularName\":\"api-token\",\"pluralName\":\"api-tokens\",\"displayName\":\"Api Token\",\"description\":\"\"},\"options\":{},\"pluginOptions\":{\"content-manager\":{\"visible\":false},\"content-type-builder\":{\"visible\":false}},\"attributes\":{\"name\":{\"type\":\"string\",\"minLength\":1,\"configurable\":false,\"required\":true,\"unique\":true},\"description\":{\"type\":\"string\",\"minLength\":1,\"configurable\":false,\"required\":false,\"default\":\"\"},\"type\":{\"type\":\"enumeration\",\"enum\":[\"read-only\",\"full-access\",\"custom\"],\"configurable\":false,\"required\":true,\"default\":\"read-only\"},\"accessKey\":{\"type\":\"string\",\"minLength\":1,\"configurable\":false,\"required\":true,\"searchable\":false},\"lastUsedAt\":{\"type\":\"datetime\",\"configurable\":false,\"required\":false},\"permissions\":{\"type\":\"relation\",\"target\":\"admin::api-token-permission\",\"relation\":\"oneToMany\",\"mappedBy\":\"token\",\"configurable\":false,\"required\":false},\"expiresAt\":{\"type\":\"datetime\",\"configurable\":false,\"required\":false},\"lifespan\":{\"type\":\"biginteger\",\"configurable\":false,\"required\":false},\"createdAt\":{\"type\":\"datetime\"},\"updatedAt\":{\"type\":\"datetime\"},\"createdBy\":{\"type\":\"relation\",\"relation\":\"oneToOne\",\"target\":\"admin::user\",\"configurable\":false,\"writable\":false,\"visible\":false,\"useJoinTable\":false,\"private\":true},\"updatedBy\":{\"type\":\"relation\",\"relation\":\"oneToOne\",\"target\":\"admin::user\",\"configurable\":false,\"writable\":false,\"visible\":false,\"useJoinTable\":false,\"private\":true}},\"kind\":\"collectionType\",\"__schema__\":{\"collectionName\":\"strapi_api_tokens\",\"info\":{\"name\":\"Api Token\",\"singularName\":\"api-token\",\"pluralName\":\"api-tokens\",\"displayName\":\"Api Token\",\"description\":\"\"},\"options\":{},\"pluginOptions\":{\"content-manager\":{\"visible\":false},\"content-type-builder\":{\"visible\":false}},\"attributes\":{\"name\":{\"type\":\"string\",\"minLength\":1,\"configurable\":false,\"required\":true,\"unique\":true},\"description\":{\"type\":\"string\",\"minLength\":1,\"configurable\":false,\"required\":false,\"default\":\"\"},\"type\":{\"type\":\"enumeration\",\"enum\":[\"read-only\",\"full-access\",\"custom\"],\"configurable\":false,\"required\":true,\"default\":\"read-only\"},\"accessKey\":{\"type\":\"string\",\"minLength\":1,\"configurable\":false,\"required\":true,\"searchable\":false},\"lastUsedAt\":{\"type\":\"datetime\",\"configurable\":false,\"required\":false},\"permissions\":{\"type\":\"relation\",\"target\":\"admin::api-token-permission\",\"relation\":\"oneToMany\",\"mappedBy\":\"token\",\"configurable\":false,\"required\":false},\"expiresAt\":{\"type\":\"datetime\",\"configurable\":false,\"required\":false},\"lifespan\":{\"type\":\"biginteger\",\"configurable\":false,\"required\":false}},\"kind\":\"collectionType\"},\"modelType\":\"contentType\",\"modelName\":\"api-token\",\"connection\":\"default\",\"uid\":\"admin::api-token\",\"plugin\":\"admin\",\"globalId\":\"AdminApiToken\"},\"admin::api-token-permission\":{\"collectionName\":\"strapi_api_token_permissions\",\"info\":{\"name\":\"API Token Permission\",\"description\":\"\",\"singularName\":\"api-token-permission\",\"pluralName\":\"api-token-permissions\",\"displayName\":\"API Token Permission\"},\"options\":{},\"pluginOptions\":{\"content-manager\":{\"visible\":false},\"content-type-builder\":{\"visible\":false}},\"attributes\":{\"action\":{\"type\":\"string\",\"minLength\":1,\"configurable\":false,\"required\":true},\"token\":{\"configurable\":false,\"type\":\"relation\",\"relation\":\"manyToOne\",\"inversedBy\":\"permissions\",\"target\":\"admin::api-token\"},\"createdAt\":{\"type\":\"datetime\"},\"updatedAt\":{\"type\":\"datetime\"},\"createdBy\":{\"type\":\"relation\",\"relation\":\"oneToOne\",\"target\":\"admin::user\",\"configurable\":false,\"writable\":false,\"visible\":false,\"useJoinTable\":false,\"private\":true},\"updatedBy\":{\"type\":\"relation\",\"relation\":\"oneToOne\",\"target\":\"admin::user\",\"configurable\":false,\"writable\":false,\"visible\":false,\"useJoinTable\":false,\"private\":true}},\"kind\":\"collectionType\",\"__schema__\":{\"collectionName\":\"strapi_api_token_permissions\",\"info\":{\"name\":\"API Token Permission\",\"description\":\"\",\"singularName\":\"api-token-permission\",\"pluralName\":\"api-token-permissions\",\"displayName\":\"API Token Permission\"},\"options\":{},\"pluginOptions\":{\"content-manager\":{\"visible\":false},\"content-type-builder\":{\"visible\":false}},\"attributes\":{\"action\":{\"type\":\"string\",\"minLength\":1,\"configurable\":false,\"required\":true},\"token\":{\"configurable\":false,\"type\":\"relation\",\"relation\":\"manyToOne\",\"inversedBy\":\"permissions\",\"target\":\"admin::api-token\"}},\"kind\":\"collectionType\"},\"modelType\":\"contentType\",\"modelName\":\"api-token-permission\",\"connection\":\"default\",\"uid\":\"admin::api-token-permission\",\"plugin\":\"admin\",\"globalId\":\"AdminApiTokenPermission\"},\"admin::transfer-token\":{\"collectionName\":\"strapi_transfer_tokens\",\"info\":{\"name\":\"Transfer Token\",\"singularName\":\"transfer-token\",\"pluralName\":\"transfer-tokens\",\"displayName\":\"Transfer Token\",\"description\":\"\"},\"options\":{},\"pluginOptions\":{\"content-manager\":{\"visible\":false},\"content-type-builder\":{\"visible\":false}},\"attributes\":{\"name\":{\"type\":\"string\",\"minLength\":1,\"configurable\":false,\"required\":true,\"unique\":true},\"description\":{\"type\":\"string\",\"minLength\":1,\"configurable\":false,\"required\":false,\"default\":\"\"},\"accessKey\":{\"type\":\"string\",\"minLength\":1,\"configurable\":false,\"required\":true},\"lastUsedAt\":{\"type\":\"datetime\",\"configurable\":false,\"required\":false},\"permissions\":{\"type\":\"relation\",\"target\":\"admin::transfer-token-permission\",\"relation\":\"oneToMany\",\"mappedBy\":\"token\",\"configurable\":false,\"required\":false},\"expiresAt\":{\"type\":\"datetime\",\"configurable\":false,\"required\":false},\"lifespan\":{\"type\":\"biginteger\",\"configurable\":false,\"required\":false},\"createdAt\":{\"type\":\"datetime\"},\"updatedAt\":{\"type\":\"datetime\"},\"createdBy\":{\"type\":\"relation\",\"relation\":\"oneToOne\",\"target\":\"admin::user\",\"configurable\":false,\"writable\":false,\"visible\":false,\"useJoinTable\":false,\"private\":true},\"updatedBy\":{\"type\":\"relation\",\"relation\":\"oneToOne\",\"target\":\"admin::user\",\"configurable\":false,\"writable\":false,\"visible\":false,\"useJoinTable\":false,\"private\":true}},\"kind\":\"collectionType\",\"__schema__\":{\"collectionName\":\"strapi_transfer_tokens\",\"info\":{\"name\":\"Transfer Token\",\"singularName\":\"transfer-token\",\"pluralName\":\"transfer-tokens\",\"displayName\":\"Transfer Token\",\"description\":\"\"},\"options\":{},\"pluginOptions\":{\"content-manager\":{\"visible\":false},\"content-type-builder\":{\"visible\":false}},\"attributes\":{\"name\":{\"type\":\"string\",\"minLength\":1,\"configurable\":false,\"required\":true,\"unique\":true},\"description\":{\"type\":\"string\",\"minLength\":1,\"configurable\":false,\"required\":false,\"default\":\"\"},\"accessKey\":{\"type\":\"string\",\"minLength\":1,\"configurable\":false,\"required\":true},\"lastUsedAt\":{\"type\":\"datetime\",\"configurable\":false,\"required\":false},\"permissions\":{\"type\":\"relation\",\"target\":\"admin::transfer-token-permission\",\"relation\":\"oneToMany\",\"mappedBy\":\"token\",\"configurable\":false,\"required\":false},\"expiresAt\":{\"type\":\"datetime\",\"configurable\":false,\"required\":false},\"lifespan\":{\"type\":\"biginteger\",\"configurable\":false,\"required\":false}},\"kind\":\"collectionType\"},\"modelType\":\"contentType\",\"modelName\":\"transfer-token\",\"connection\":\"default\",\"uid\":\"admin::transfer-token\",\"plugin\":\"admin\",\"globalId\":\"AdminTransferToken\"},\"admin::transfer-token-permission\":{\"collectionName\":\"strapi_transfer_token_permissions\",\"info\":{\"name\":\"Transfer Token Permission\",\"description\":\"\",\"singularName\":\"transfer-token-permission\",\"pluralName\":\"transfer-token-permissions\",\"displayName\":\"Transfer Token Permission\"},\"options\":{},\"pluginOptions\":{\"content-manager\":{\"visible\":false},\"content-type-builder\":{\"visible\":false}},\"attributes\":{\"action\":{\"type\":\"string\",\"minLength\":1,\"configurable\":false,\"required\":true},\"token\":{\"configurable\":false,\"type\":\"relation\",\"relation\":\"manyToOne\",\"inversedBy\":\"permissions\",\"target\":\"admin::transfer-token\"},\"createdAt\":{\"type\":\"datetime\"},\"updatedAt\":{\"type\":\"datetime\"},\"createdBy\":{\"type\":\"relation\",\"relation\":\"oneToOne\",\"target\":\"admin::user\",\"configurable\":false,\"writable\":false,\"visible\":false,\"useJoinTable\":false,\"private\":true},\"updatedBy\":{\"type\":\"relation\",\"relation\":\"oneToOne\",\"target\":\"admin::user\",\"configurable\":false,\"writable\":false,\"visible\":false,\"useJoinTable\":false,\"private\":true}},\"kind\":\"collectionType\",\"__schema__\":{\"collectionName\":\"strapi_transfer_token_permissions\",\"info\":{\"name\":\"Transfer Token Permission\",\"description\":\"\",\"singularName\":\"transfer-token-permission\",\"pluralName\":\"transfer-token-permissions\",\"displayName\":\"Transfer Token Permission\"},\"options\":{},\"pluginOptions\":{\"content-manager\":{\"visible\":false},\"content-type-builder\":{\"visible\":false}},\"attributes\":{\"action\":{\"type\":\"string\",\"minLength\":1,\"configurable\":false,\"required\":true},\"token\":{\"configurable\":false,\"type\":\"relation\",\"relation\":\"manyToOne\",\"inversedBy\":\"permissions\",\"target\":\"admin::transfer-token\"}},\"kind\":\"collectionType\"},\"modelType\":\"contentType\",\"modelName\":\"transfer-token-permission\",\"connection\":\"default\",\"uid\":\"admin::transfer-token-permission\",\"plugin\":\"admin\",\"globalId\":\"AdminTransferTokenPermission\"},\"plugin::upload.file\":{\"collectionName\":\"files\",\"info\":{\"singularName\":\"file\",\"pluralName\":\"files\",\"displayName\":\"File\",\"description\":\"\"},\"options\":{},\"pluginOptions\":{\"content-manager\":{\"visible\":false},\"content-type-builder\":{\"visible\":false}},\"attributes\":{\"name\":{\"type\":\"string\",\"configurable\":false,\"required\":true},\"alternativeText\":{\"type\":\"string\",\"configurable\":false},\"caption\":{\"type\":\"string\",\"configurable\":false},\"width\":{\"type\":\"integer\",\"configurable\":false},\"height\":{\"type\":\"integer\",\"configurable\":false},\"formats\":{\"type\":\"json\",\"configurable\":false},\"hash\":{\"type\":\"string\",\"configurable\":false,\"required\":true},\"ext\":{\"type\":\"string\",\"configurable\":false},\"mime\":{\"type\":\"string\",\"configurable\":false,\"required\":true},\"size\":{\"type\":\"decimal\",\"configurable\":false,\"required\":true},\"url\":{\"type\":\"string\",\"configurable\":false,\"required\":true},\"previewUrl\":{\"type\":\"string\",\"configurable\":false},\"provider\":{\"type\":\"string\",\"configurable\":false,\"required\":true},\"provider_metadata\":{\"type\":\"json\",\"configurable\":false},\"related\":{\"type\":\"relation\",\"relation\":\"morphToMany\",\"configurable\":false},\"folder\":{\"type\":\"relation\",\"relation\":\"manyToOne\",\"target\":\"plugin::upload.folder\",\"inversedBy\":\"files\",\"private\":true},\"folderPath\":{\"type\":\"string\",\"min\":1,\"required\":true,\"private\":true,\"searchable\":false},\"createdAt\":{\"type\":\"datetime\"},\"updatedAt\":{\"type\":\"datetime\"},\"createdBy\":{\"type\":\"relation\",\"relation\":\"oneToOne\",\"target\":\"admin::user\",\"configurable\":false,\"writable\":false,\"visible\":false,\"useJoinTable\":false,\"private\":true},\"updatedBy\":{\"type\":\"relation\",\"relation\":\"oneToOne\",\"target\":\"admin::user\",\"configurable\":false,\"writable\":false,\"visible\":false,\"useJoinTable\":false,\"private\":true}},\"indexes\":[{\"name\":\"upload_files_folder_path_index\",\"columns\":[\"folder_path\"],\"type\":null},{\"name\":\"upload_files_created_at_index\",\"columns\":[\"created_at\"],\"type\":null},{\"name\":\"upload_files_updated_at_index\",\"columns\":[\"updated_at\"],\"type\":null},{\"name\":\"upload_files_name_index\",\"columns\":[\"name\"],\"type\":null},{\"name\":\"upload_files_size_index\",\"columns\":[\"size\"],\"type\":null},{\"name\":\"upload_files_ext_index\",\"columns\":[\"ext\"],\"type\":null}],\"kind\":\"collectionType\",\"__schema__\":{\"collectionName\":\"files\",\"info\":{\"singularName\":\"file\",\"pluralName\":\"files\",\"displayName\":\"File\",\"description\":\"\"},\"options\":{},\"pluginOptions\":{\"content-manager\":{\"visible\":false},\"content-type-builder\":{\"visible\":false}},\"attributes\":{\"name\":{\"type\":\"string\",\"configurable\":false,\"required\":true},\"alternativeText\":{\"type\":\"string\",\"configurable\":false},\"caption\":{\"type\":\"string\",\"configurable\":false},\"width\":{\"type\":\"integer\",\"configurable\":false},\"height\":{\"type\":\"integer\",\"configurable\":false},\"formats\":{\"type\":\"json\",\"configurable\":false},\"hash\":{\"type\":\"string\",\"configurable\":false,\"required\":true},\"ext\":{\"type\":\"string\",\"configurable\":false},\"mime\":{\"type\":\"string\",\"configurable\":false,\"required\":true},\"size\":{\"type\":\"decimal\",\"configurable\":false,\"required\":true},\"url\":{\"type\":\"string\",\"configurable\":false,\"required\":true},\"previewUrl\":{\"type\":\"string\",\"configurable\":false},\"provider\":{\"type\":\"string\",\"configurable\":false,\"required\":true},\"provider_metadata\":{\"type\":\"json\",\"configurable\":false},\"related\":{\"type\":\"relation\",\"relation\":\"morphToMany\",\"configurable\":false},\"folder\":{\"type\":\"relation\",\"relation\":\"manyToOne\",\"target\":\"plugin::upload.folder\",\"inversedBy\":\"files\",\"private\":true},\"folderPath\":{\"type\":\"string\",\"min\":1,\"required\":true,\"private\":true,\"searchable\":false}},\"kind\":\"collectionType\"},\"modelType\":\"contentType\",\"modelName\":\"file\",\"connection\":\"default\",\"uid\":\"plugin::upload.file\",\"plugin\":\"upload\",\"globalId\":\"UploadFile\"},\"plugin::upload.folder\":{\"collectionName\":\"upload_folders\",\"info\":{\"singularName\":\"folder\",\"pluralName\":\"folders\",\"displayName\":\"Folder\"},\"options\":{},\"pluginOptions\":{\"content-manager\":{\"visible\":false},\"content-type-builder\":{\"visible\":false}},\"attributes\":{\"name\":{\"type\":\"string\",\"min\":1,\"required\":true},\"pathId\":{\"type\":\"integer\",\"unique\":true,\"required\":true},\"parent\":{\"type\":\"relation\",\"relation\":\"manyToOne\",\"target\":\"plugin::upload.folder\",\"inversedBy\":\"children\"},\"children\":{\"type\":\"relation\",\"relation\":\"oneToMany\",\"target\":\"plugin::upload.folder\",\"mappedBy\":\"parent\"},\"files\":{\"type\":\"relation\",\"relation\":\"oneToMany\",\"target\":\"plugin::upload.file\",\"mappedBy\":\"folder\"},\"path\":{\"type\":\"string\",\"min\":1,\"required\":true},\"createdAt\":{\"type\":\"datetime\"},\"updatedAt\":{\"type\":\"datetime\"},\"createdBy\":{\"type\":\"relation\",\"relation\":\"oneToOne\",\"target\":\"admin::user\",\"configurable\":false,\"writable\":false,\"visible\":false,\"useJoinTable\":false,\"private\":true},\"updatedBy\":{\"type\":\"relation\",\"relation\":\"oneToOne\",\"target\":\"admin::user\",\"configurable\":false,\"writable\":false,\"visible\":false,\"useJoinTable\":false,\"private\":true}},\"indexes\":[{\"name\":\"upload_folders_path_id_index\",\"columns\":[\"path_id\"],\"type\":\"unique\"},{\"name\":\"upload_folders_path_index\",\"columns\":[\"path\"],\"type\":\"unique\"}],\"kind\":\"collectionType\",\"__schema__\":{\"collectionName\":\"upload_folders\",\"info\":{\"singularName\":\"folder\",\"pluralName\":\"folders\",\"displayName\":\"Folder\"},\"options\":{},\"pluginOptions\":{\"content-manager\":{\"visible\":false},\"content-type-builder\":{\"visible\":false}},\"attributes\":{\"name\":{\"type\":\"string\",\"min\":1,\"required\":true},\"pathId\":{\"type\":\"integer\",\"unique\":true,\"required\":true},\"parent\":{\"type\":\"relation\",\"relation\":\"manyToOne\",\"target\":\"plugin::upload.folder\",\"inversedBy\":\"children\"},\"children\":{\"type\":\"relation\",\"relation\":\"oneToMany\",\"target\":\"plugin::upload.folder\",\"mappedBy\":\"parent\"},\"files\":{\"type\":\"relation\",\"relation\":\"oneToMany\",\"target\":\"plugin::upload.file\",\"mappedBy\":\"folder\"},\"path\":{\"type\":\"string\",\"min\":1,\"required\":true}},\"kind\":\"collectionType\"},\"modelType\":\"contentType\",\"modelName\":\"folder\",\"connection\":\"default\",\"uid\":\"plugin::upload.folder\",\"plugin\":\"upload\",\"globalId\":\"UploadFolder\"},\"plugin::i18n.locale\":{\"info\":{\"singularName\":\"locale\",\"pluralName\":\"locales\",\"collectionName\":\"locales\",\"displayName\":\"Locale\",\"description\":\"\"},\"options\":{\"draftAndPublish\":false},\"pluginOptions\":{\"content-manager\":{\"visible\":false},\"content-type-builder\":{\"visible\":false}},\"attributes\":{\"name\":{\"type\":\"string\",\"min\":1,\"max\":50,\"configurable\":false},\"code\":{\"type\":\"string\",\"unique\":true,\"configurable\":false},\"createdAt\":{\"type\":\"datetime\"},\"updatedAt\":{\"type\":\"datetime\"},\"createdBy\":{\"type\":\"relation\",\"relation\":\"oneToOne\",\"target\":\"admin::user\",\"configurable\":false,\"writable\":false,\"visible\":false,\"useJoinTable\":false,\"private\":true},\"updatedBy\":{\"type\":\"relation\",\"relation\":\"oneToOne\",\"target\":\"admin::user\",\"configurable\":false,\"writable\":false,\"visible\":false,\"useJoinTable\":false,\"private\":true}},\"kind\":\"collectionType\",\"__schema__\":{\"info\":{\"singularName\":\"locale\",\"pluralName\":\"locales\",\"collectionName\":\"locales\",\"displayName\":\"Locale\",\"description\":\"\"},\"options\":{\"draftAndPublish\":false},\"pluginOptions\":{\"content-manager\":{\"visible\":false},\"content-type-builder\":{\"visible\":false}},\"attributes\":{\"name\":{\"type\":\"string\",\"min\":1,\"max\":50,\"configurable\":false},\"code\":{\"type\":\"string\",\"unique\":true,\"configurable\":false}},\"kind\":\"collectionType\"},\"modelType\":\"contentType\",\"modelName\":\"locale\",\"connection\":\"default\",\"uid\":\"plugin::i18n.locale\",\"plugin\":\"i18n\",\"collectionName\":\"i18n_locale\",\"globalId\":\"I18NLocale\"},\"plugin::users-permissions.permission\":{\"collectionName\":\"up_permissions\",\"info\":{\"name\":\"permission\",\"description\":\"\",\"singularName\":\"permission\",\"pluralName\":\"permissions\",\"displayName\":\"Permission\"},\"pluginOptions\":{\"content-manager\":{\"visible\":false},\"content-type-builder\":{\"visible\":false}},\"attributes\":{\"action\":{\"type\":\"string\",\"required\":true,\"configurable\":false},\"role\":{\"type\":\"relation\",\"relation\":\"manyToOne\",\"target\":\"plugin::users-permissions.role\",\"inversedBy\":\"permissions\",\"configurable\":false},\"createdAt\":{\"type\":\"datetime\"},\"updatedAt\":{\"type\":\"datetime\"},\"createdBy\":{\"type\":\"relation\",\"relation\":\"oneToOne\",\"target\":\"admin::user\",\"configurable\":false,\"writable\":false,\"visible\":false,\"useJoinTable\":false,\"private\":true},\"updatedBy\":{\"type\":\"relation\",\"relation\":\"oneToOne\",\"target\":\"admin::user\",\"configurable\":false,\"writable\":false,\"visible\":false,\"useJoinTable\":false,\"private\":true}},\"kind\":\"collectionType\",\"__schema__\":{\"collectionName\":\"up_permissions\",\"info\":{\"name\":\"permission\",\"description\":\"\",\"singularName\":\"permission\",\"pluralName\":\"permissions\",\"displayName\":\"Permission\"},\"pluginOptions\":{\"content-manager\":{\"visible\":false},\"content-type-builder\":{\"visible\":false}},\"attributes\":{\"action\":{\"type\":\"string\",\"required\":true,\"configurable\":false},\"role\":{\"type\":\"relation\",\"relation\":\"manyToOne\",\"target\":\"plugin::users-permissions.role\",\"inversedBy\":\"permissions\",\"configurable\":false}},\"kind\":\"collectionType\"},\"modelType\":\"contentType\",\"modelName\":\"permission\",\"connection\":\"default\",\"uid\":\"plugin::users-permissions.permission\",\"plugin\":\"users-permissions\",\"globalId\":\"UsersPermissionsPermission\"},\"plugin::users-permissions.role\":{\"collectionName\":\"up_roles\",\"info\":{\"name\":\"role\",\"description\":\"\",\"singularName\":\"role\",\"pluralName\":\"roles\",\"displayName\":\"Role\"},\"pluginOptions\":{\"content-manager\":{\"visible\":false},\"content-type-builder\":{\"visible\":false}},\"attributes\":{\"name\":{\"type\":\"string\",\"minLength\":3,\"required\":true,\"configurable\":false},\"description\":{\"type\":\"string\",\"configurable\":false},\"type\":{\"type\":\"string\",\"unique\":true,\"configurable\":false},\"permissions\":{\"type\":\"relation\",\"relation\":\"oneToMany\",\"target\":\"plugin::users-permissions.permission\",\"mappedBy\":\"role\",\"configurable\":false},\"users\":{\"type\":\"relation\",\"relation\":\"oneToMany\",\"target\":\"plugin::users-permissions.user\",\"mappedBy\":\"role\",\"configurable\":false},\"createdAt\":{\"type\":\"datetime\"},\"updatedAt\":{\"type\":\"datetime\"},\"createdBy\":{\"type\":\"relation\",\"relation\":\"oneToOne\",\"target\":\"admin::user\",\"configurable\":false,\"writable\":false,\"visible\":false,\"useJoinTable\":false,\"private\":true},\"updatedBy\":{\"type\":\"relation\",\"relation\":\"oneToOne\",\"target\":\"admin::user\",\"configurable\":false,\"writable\":false,\"visible\":false,\"useJoinTable\":false,\"private\":true}},\"kind\":\"collectionType\",\"__schema__\":{\"collectionName\":\"up_roles\",\"info\":{\"name\":\"role\",\"description\":\"\",\"singularName\":\"role\",\"pluralName\":\"roles\",\"displayName\":\"Role\"},\"pluginOptions\":{\"content-manager\":{\"visible\":false},\"content-type-builder\":{\"visible\":false}},\"attributes\":{\"name\":{\"type\":\"string\",\"minLength\":3,\"required\":true,\"configurable\":false},\"description\":{\"type\":\"string\",\"configurable\":false},\"type\":{\"type\":\"string\",\"unique\":true,\"configurable\":false},\"permissions\":{\"type\":\"relation\",\"relation\":\"oneToMany\",\"target\":\"plugin::users-permissions.permission\",\"mappedBy\":\"role\",\"configurable\":false},\"users\":{\"type\":\"relation\",\"relation\":\"oneToMany\",\"target\":\"plugin::users-permissions.user\",\"mappedBy\":\"role\",\"configurable\":false}},\"kind\":\"collectionType\"},\"modelType\":\"contentType\",\"modelName\":\"role\",\"connection\":\"default\",\"uid\":\"plugin::users-permissions.role\",\"plugin\":\"users-permissions\",\"globalId\":\"UsersPermissionsRole\"},\"plugin::users-permissions.user\":{\"collectionName\":\"up_users\",\"info\":{\"name\":\"user\",\"description\":\"\",\"singularName\":\"user\",\"pluralName\":\"users\",\"displayName\":\"User\"},\"options\":{\"draftAndPublish\":false,\"timestamps\":true},\"attributes\":{\"username\":{\"type\":\"string\",\"minLength\":3,\"unique\":true,\"configurable\":false,\"required\":true},\"email\":{\"type\":\"email\",\"minLength\":6,\"configurable\":false,\"required\":true},\"provider\":{\"type\":\"string\",\"configurable\":false},\"password\":{\"type\":\"password\",\"minLength\":6,\"configurable\":false,\"private\":true,\"searchable\":false},\"resetPasswordToken\":{\"type\":\"string\",\"configurable\":false,\"private\":true,\"searchable\":false},\"confirmationToken\":{\"type\":\"string\",\"configurable\":false,\"private\":true,\"searchable\":false},\"confirmed\":{\"type\":\"boolean\",\"default\":false,\"configurable\":false},\"blocked\":{\"type\":\"boolean\",\"default\":false,\"configurable\":false},\"role\":{\"type\":\"relation\",\"relation\":\"manyToOne\",\"target\":\"plugin::users-permissions.role\",\"inversedBy\":\"users\",\"configurable\":false},\"createdAt\":{\"type\":\"datetime\"},\"updatedAt\":{\"type\":\"datetime\"},\"createdBy\":{\"type\":\"relation\",\"relation\":\"oneToOne\",\"target\":\"admin::user\",\"configurable\":false,\"writable\":false,\"visible\":false,\"useJoinTable\":false,\"private\":true},\"updatedBy\":{\"type\":\"relation\",\"relation\":\"oneToOne\",\"target\":\"admin::user\",\"configurable\":false,\"writable\":false,\"visible\":false,\"useJoinTable\":false,\"private\":true}},\"config\":{\"attributes\":{\"resetPasswordToken\":{\"hidden\":true},\"confirmationToken\":{\"hidden\":true},\"provider\":{\"hidden\":true}}},\"kind\":\"collectionType\",\"__schema__\":{\"collectionName\":\"up_users\",\"info\":{\"name\":\"user\",\"description\":\"\",\"singularName\":\"user\",\"pluralName\":\"users\",\"displayName\":\"User\"},\"options\":{\"draftAndPublish\":false,\"timestamps\":true},\"attributes\":{\"username\":{\"type\":\"string\",\"minLength\":3,\"unique\":true,\"configurable\":false,\"required\":true},\"email\":{\"type\":\"email\",\"minLength\":6,\"configurable\":false,\"required\":true},\"provider\":{\"type\":\"string\",\"configurable\":false},\"password\":{\"type\":\"password\",\"minLength\":6,\"configurable\":false,\"private\":true,\"searchable\":false},\"resetPasswordToken\":{\"type\":\"string\",\"configurable\":false,\"private\":true,\"searchable\":false},\"confirmationToken\":{\"type\":\"string\",\"configurable\":false,\"private\":true,\"searchable\":false},\"confirmed\":{\"type\":\"boolean\",\"default\":false,\"configurable\":false},\"blocked\":{\"type\":\"boolean\",\"default\":false,\"configurable\":false},\"role\":{\"type\":\"relation\",\"relation\":\"manyToOne\",\"target\":\"plugin::users-permissions.role\",\"inversedBy\":\"users\",\"configurable\":false}},\"kind\":\"collectionType\"},\"modelType\":\"contentType\",\"modelName\":\"user\",\"connection\":\"default\",\"uid\":\"plugin::users-permissions.user\",\"plugin\":\"users-permissions\",\"globalId\":\"UsersPermissionsUser\"},\"api::article.article\":{\"kind\":\"collectionType\",\"collectionName\":\"articles\",\"info\":{\"singularName\":\"article\",\"pluralName\":\"articles\",\"displayName\":\"Article\",\"description\":\"\"},\"options\":{\"draftAndPublish\":true},\"pluginOptions\":{},\"attributes\":{\"Name\":{\"type\":\"string\"},\"Menu_Link\":{\"type\":\"relation\",\"relation\":\"oneToOne\",\"target\":\"api::menu.menu\"},\"Module_Enabled\":{\"type\":\"component\",\"repeatable\":true,\"component\":\"article.module-enabled\"},\"Banners\":{\"displayName\":\"Banner\",\"type\":\"component\",\"repeatable\":true,\"component\":\"article.banner\"},\"Video_Banners\":{\"displayName\":\"Video_Banner\",\"type\":\"component\",\"repeatable\":true,\"component\":\"article.video-banner\"},\"Alias\":{\"type\":\"uid\",\"targetField\":\"Name\"},\"createdAt\":{\"type\":\"datetime\"},\"updatedAt\":{\"type\":\"datetime\"},\"publishedAt\":{\"type\":\"datetime\",\"configurable\":false,\"writable\":true,\"visible\":false},\"createdBy\":{\"type\":\"relation\",\"relation\":\"oneToOne\",\"target\":\"admin::user\",\"configurable\":false,\"writable\":false,\"visible\":false,\"useJoinTable\":false,\"private\":true},\"updatedBy\":{\"type\":\"relation\",\"relation\":\"oneToOne\",\"target\":\"admin::user\",\"configurable\":false,\"writable\":false,\"visible\":false,\"useJoinTable\":false,\"private\":true}},\"__schema__\":{\"collectionName\":\"articles\",\"info\":{\"singularName\":\"article\",\"pluralName\":\"articles\",\"displayName\":\"Article\",\"description\":\"\"},\"options\":{\"draftAndPublish\":true},\"pluginOptions\":{},\"attributes\":{\"Name\":{\"type\":\"string\"},\"Menu_Link\":{\"type\":\"relation\",\"relation\":\"oneToOne\",\"target\":\"api::menu.menu\"},\"Module_Enabled\":{\"type\":\"component\",\"repeatable\":true,\"component\":\"article.module-enabled\"},\"Banners\":{\"displayName\":\"Banner\",\"type\":\"component\",\"repeatable\":true,\"component\":\"article.banner\"},\"Video_Banners\":{\"displayName\":\"Video_Banner\",\"type\":\"component\",\"repeatable\":true,\"component\":\"article.video-banner\"},\"Alias\":{\"type\":\"uid\",\"targetField\":\"Name\"}},\"kind\":\"collectionType\"},\"modelType\":\"contentType\",\"modelName\":\"article\",\"connection\":\"default\",\"uid\":\"api::article.article\",\"apiName\":\"article\",\"globalId\":\"Article\",\"actions\":{},\"lifecycles\":{}},\"api::blog.blog\":{\"kind\":\"collectionType\",\"collectionName\":\"blogs\",\"info\":{\"singularName\":\"blog\",\"pluralName\":\"blogs\",\"displayName\":\"Blog\",\"description\":\"\"},\"options\":{\"draftAndPublish\":true},\"pluginOptions\":{},\"attributes\":{\"Title\":{\"type\":\"string\",\"required\":true},\"Description\":{\"type\":\"richtext\",\"options\":{\"preset\":\"custom\"},\"customField\":\"plugin::ckeditor5.CKEditor\",\"required\":true},\"Posted_At\":{\"type\":\"date\",\"required\":true},\"Image\":{\"type\":\"media\",\"multiple\":false,\"required\":true,\"allowedTypes\":[\"images\"]},\"Tags\":{\"displayName\":\"Blog_Tag\",\"type\":\"component\",\"repeatable\":true,\"component\":\"blog.blog-tag\"},\"Alias\":{\"type\":\"uid\",\"targetField\":\"Title\"},\"createdAt\":{\"type\":\"datetime\"},\"updatedAt\":{\"type\":\"datetime\"},\"publishedAt\":{\"type\":\"datetime\",\"configurable\":false,\"writable\":true,\"visible\":false},\"createdBy\":{\"type\":\"relation\",\"relation\":\"oneToOne\",\"target\":\"admin::user\",\"configurable\":false,\"writable\":false,\"visible\":false,\"useJoinTable\":false,\"private\":true},\"updatedBy\":{\"type\":\"relation\",\"relation\":\"oneToOne\",\"target\":\"admin::user\",\"configurable\":false,\"writable\":false,\"visible\":false,\"useJoinTable\":false,\"private\":true}},\"__schema__\":{\"collectionName\":\"blogs\",\"info\":{\"singularName\":\"blog\",\"pluralName\":\"blogs\",\"displayName\":\"Blog\",\"description\":\"\"},\"options\":{\"draftAndPublish\":true},\"pluginOptions\":{},\"attributes\":{\"Title\":{\"type\":\"string\",\"required\":true},\"Description\":{\"type\":\"customField\",\"options\":{\"preset\":\"custom\"},\"customField\":\"plugin::ckeditor5.CKEditor\",\"required\":true},\"Posted_At\":{\"type\":\"date\",\"required\":true},\"Image\":{\"type\":\"media\",\"multiple\":false,\"required\":true,\"allowedTypes\":[\"images\"]},\"Tags\":{\"displayName\":\"Blog_Tag\",\"type\":\"component\",\"repeatable\":true,\"component\":\"blog.blog-tag\"},\"Alias\":{\"type\":\"uid\",\"targetField\":\"Title\"}},\"kind\":\"collectionType\"},\"modelType\":\"contentType\",\"modelName\":\"blog\",\"connection\":\"default\",\"uid\":\"api::blog.blog\",\"apiName\":\"blog\",\"globalId\":\"Blog\",\"actions\":{},\"lifecycles\":{}},\"api::blog-tag.blog-tag\":{\"kind\":\"collectionType\",\"collectionName\":\"blog_tags\",\"info\":{\"singularName\":\"blog-tag\",\"pluralName\":\"blog-tags\",\"displayName\":\"Blog_Tag\",\"description\":\"\"},\"options\":{\"draftAndPublish\":true},\"pluginOptions\":{},\"attributes\":{\"Name\":{\"type\":\"string\",\"required\":true},\"Alias\":{\"type\":\"uid\",\"targetField\":\"Name\"},\"createdAt\":{\"type\":\"datetime\"},\"updatedAt\":{\"type\":\"datetime\"},\"publishedAt\":{\"type\":\"datetime\",\"configurable\":false,\"writable\":true,\"visible\":false},\"createdBy\":{\"type\":\"relation\",\"relation\":\"oneToOne\",\"target\":\"admin::user\",\"configurable\":false,\"writable\":false,\"visible\":false,\"useJoinTable\":false,\"private\":true},\"updatedBy\":{\"type\":\"relation\",\"relation\":\"oneToOne\",\"target\":\"admin::user\",\"configurable\":false,\"writable\":false,\"visible\":false,\"useJoinTable\":false,\"private\":true}},\"__schema__\":{\"collectionName\":\"blog_tags\",\"info\":{\"singularName\":\"blog-tag\",\"pluralName\":\"blog-tags\",\"displayName\":\"Blog_Tag\",\"description\":\"\"},\"options\":{\"draftAndPublish\":true},\"pluginOptions\":{},\"attributes\":{\"Name\":{\"type\":\"string\",\"required\":true},\"Alias\":{\"type\":\"uid\",\"targetField\":\"Name\"}},\"kind\":\"collectionType\"},\"modelType\":\"contentType\",\"modelName\":\"blog-tag\",\"connection\":\"default\",\"uid\":\"api::blog-tag.blog-tag\",\"apiName\":\"blog-tag\",\"globalId\":\"BlogTag\",\"actions\":{},\"lifecycles\":{}},\"api::builder.builder\":{\"kind\":\"collectionType\",\"collectionName\":\"builders\",\"info\":{\"singularName\":\"builder\",\"pluralName\":\"builders\",\"displayName\":\"Builder\",\"description\":\"\"},\"options\":{\"draftAndPublish\":true},\"pluginOptions\":{},\"attributes\":{\"Name\":{\"type\":\"string\"},\"Description\":{\"type\":\"richtext\",\"options\":{\"preset\":\"toolbar\"},\"customField\":\"plugin::ckeditor5.CKEditor\"},\"Image\":{\"type\":\"media\",\"multiple\":false,\"required\":false,\"allowedTypes\":[\"images\"]},\"Alias\":{\"type\":\"uid\",\"targetField\":\"Name\"},\"Detailed_Image\":{\"allowedTypes\":[\"images\"],\"type\":\"media\",\"multiple\":false},\"createdAt\":{\"type\":\"datetime\"},\"updatedAt\":{\"type\":\"datetime\"},\"publishedAt\":{\"type\":\"datetime\",\"configurable\":false,\"writable\":true,\"visible\":false},\"createdBy\":{\"type\":\"relation\",\"relation\":\"oneToOne\",\"target\":\"admin::user\",\"configurable\":false,\"writable\":false,\"visible\":false,\"useJoinTable\":false,\"private\":true},\"updatedBy\":{\"type\":\"relation\",\"relation\":\"oneToOne\",\"target\":\"admin::user\",\"configurable\":false,\"writable\":false,\"visible\":false,\"useJoinTable\":false,\"private\":true}},\"__schema__\":{\"collectionName\":\"builders\",\"info\":{\"singularName\":\"builder\",\"pluralName\":\"builders\",\"displayName\":\"Builder\",\"description\":\"\"},\"options\":{\"draftAndPublish\":true},\"pluginOptions\":{},\"attributes\":{\"Name\":{\"type\":\"string\"},\"Description\":{\"type\":\"customField\",\"options\":{\"preset\":\"toolbar\"},\"customField\":\"plugin::ckeditor5.CKEditor\"},\"Image\":{\"type\":\"media\",\"multiple\":false,\"required\":false,\"allowedTypes\":[\"images\"]},\"Alias\":{\"type\":\"uid\",\"targetField\":\"Name\"},\"Detailed_Image\":{\"allowedTypes\":[\"images\"],\"type\":\"media\",\"multiple\":false}},\"kind\":\"collectionType\"},\"modelType\":\"contentType\",\"modelName\":\"builder\",\"connection\":\"default\",\"uid\":\"api::builder.builder\",\"apiName\":\"builder\",\"globalId\":\"Builder\",\"actions\":{},\"lifecycles\":{}},\"api::client-feedback.client-feedback\":{\"kind\":\"collectionType\",\"collectionName\":\"client_feedbacks\",\"info\":{\"singularName\":\"client-feedback\",\"pluralName\":\"client-feedbacks\",\"displayName\":\"Client_Feedback\",\"description\":\"\"},\"options\":{\"draftAndPublish\":true},\"pluginOptions\":{},\"attributes\":{\"Name\":{\"type\":\"string\",\"required\":true},\"Posted_At\":{\"type\":\"datetime\",\"required\":true},\"Review\":{\"type\":\"text\",\"required\":true},\"Star\":{\"type\":\"integer\",\"required\":true},\"Image\":{\"type\":\"media\",\"multiple\":false,\"required\":false,\"allowedTypes\":[\"images\"]},\"Alias\":{\"type\":\"uid\",\"targetField\":\"Name\"},\"createdAt\":{\"type\":\"datetime\"},\"updatedAt\":{\"type\":\"datetime\"},\"publishedAt\":{\"type\":\"datetime\",\"configurable\":false,\"writable\":true,\"visible\":false},\"createdBy\":{\"type\":\"relation\",\"relation\":\"oneToOne\",\"target\":\"admin::user\",\"configurable\":false,\"writable\":false,\"visible\":false,\"useJoinTable\":false,\"private\":true},\"updatedBy\":{\"type\":\"relation\",\"relation\":\"oneToOne\",\"target\":\"admin::user\",\"configurable\":false,\"writable\":false,\"visible\":false,\"useJoinTable\":false,\"private\":true}},\"__schema__\":{\"collectionName\":\"client_feedbacks\",\"info\":{\"singularName\":\"client-feedback\",\"pluralName\":\"client-feedbacks\",\"displayName\":\"Client_Feedback\",\"description\":\"\"},\"options\":{\"draftAndPublish\":true},\"pluginOptions\":{},\"attributes\":{\"Name\":{\"type\":\"string\",\"required\":true},\"Posted_At\":{\"type\":\"datetime\",\"required\":true},\"Review\":{\"type\":\"text\",\"required\":true},\"Star\":{\"type\":\"integer\",\"required\":true},\"Image\":{\"type\":\"media\",\"multiple\":false,\"required\":false,\"allowedTypes\":[\"images\"]},\"Alias\":{\"type\":\"uid\",\"targetField\":\"Name\"}},\"kind\":\"collectionType\"},\"modelType\":\"contentType\",\"modelName\":\"client-feedback\",\"connection\":\"default\",\"uid\":\"api::client-feedback.client-feedback\",\"apiName\":\"client-feedback\",\"globalId\":\"ClientFeedback\",\"actions\":{},\"lifecycles\":{}},\"api::contact-module.contact-module\":{\"kind\":\"singleType\",\"collectionName\":\"contact_modules\",\"info\":{\"singularName\":\"contact-module\",\"pluralName\":\"contact-modules\",\"displayName\":\"Contact_Module\",\"description\":\"\"},\"options\":{\"draftAndPublish\":true},\"pluginOptions\":{},\"attributes\":{\"Name\":{\"type\":\"string\"},\"Message\":{\"type\":\"richtext\",\"options\":{\"preset\":\"toolbar\"},\"customField\":\"plugin::ckeditor5.CKEditor\"},\"Image\":{\"type\":\"media\",\"multiple\":false,\"required\":false,\"allowedTypes\":[\"images\"]},\"Phone_Number\":{\"type\":\"string\"},\"createdAt\":{\"type\":\"datetime\"},\"updatedAt\":{\"type\":\"datetime\"},\"publishedAt\":{\"type\":\"datetime\",\"configurable\":false,\"writable\":true,\"visible\":false},\"createdBy\":{\"type\":\"relation\",\"relation\":\"oneToOne\",\"target\":\"admin::user\",\"configurable\":false,\"writable\":false,\"visible\":false,\"useJoinTable\":false,\"private\":true},\"updatedBy\":{\"type\":\"relation\",\"relation\":\"oneToOne\",\"target\":\"admin::user\",\"configurable\":false,\"writable\":false,\"visible\":false,\"useJoinTable\":false,\"private\":true}},\"__schema__\":{\"collectionName\":\"contact_modules\",\"info\":{\"singularName\":\"contact-module\",\"pluralName\":\"contact-modules\",\"displayName\":\"Contact_Module\",\"description\":\"\"},\"options\":{\"draftAndPublish\":true},\"pluginOptions\":{},\"attributes\":{\"Name\":{\"type\":\"string\"},\"Message\":{\"type\":\"customField\",\"options\":{\"preset\":\"toolbar\"},\"customField\":\"plugin::ckeditor5.CKEditor\"},\"Image\":{\"type\":\"media\",\"multiple\":false,\"required\":false,\"allowedTypes\":[\"images\"]},\"Phone_Number\":{\"type\":\"string\"}},\"kind\":\"singleType\"},\"modelType\":\"contentType\",\"modelName\":\"contact-module\",\"connection\":\"default\",\"uid\":\"api::contact-module.contact-module\",\"apiName\":\"contact-module\",\"globalId\":\"ContactModule\",\"actions\":{},\"lifecycles\":{}},\"api::email-template.email-template\":{\"kind\":\"collectionType\",\"collectionName\":\"email_templates\",\"info\":{\"singularName\":\"email-template\",\"pluralName\":\"email-templates\",\"displayName\":\"Email_Template\",\"description\":\"\"},\"options\":{\"draftAndPublish\":true},\"pluginOptions\":{},\"attributes\":{\"Subject\":{\"type\":\"string\"},\"To\":{\"type\":\"string\"},\"From\":{\"type\":\"string\"},\"Template_Name\":{\"type\":\"string\",\"required\":true,\"unique\":true},\"Message\":{\"type\":\"richtext\",\"options\":{\"preset\":\"toolbar\"},\"customField\":\"plugin::ckeditor5.CKEditor\"},\"Alias\":{\"type\":\"uid\",\"targetField\":\"Template_Name\"},\"createdAt\":{\"type\":\"datetime\"},\"updatedAt\":{\"type\":\"datetime\"},\"publishedAt\":{\"type\":\"datetime\",\"configurable\":false,\"writable\":true,\"visible\":false},\"createdBy\":{\"type\":\"relation\",\"relation\":\"oneToOne\",\"target\":\"admin::user\",\"configurable\":false,\"writable\":false,\"visible\":false,\"useJoinTable\":false,\"private\":true},\"updatedBy\":{\"type\":\"relation\",\"relation\":\"oneToOne\",\"target\":\"admin::user\",\"configurable\":false,\"writable\":false,\"visible\":false,\"useJoinTable\":false,\"private\":true}},\"__schema__\":{\"collectionName\":\"email_templates\",\"info\":{\"singularName\":\"email-template\",\"pluralName\":\"email-templates\",\"displayName\":\"Email_Template\",\"description\":\"\"},\"options\":{\"draftAndPublish\":true},\"pluginOptions\":{},\"attributes\":{\"Subject\":{\"type\":\"string\"},\"To\":{\"type\":\"string\"},\"From\":{\"type\":\"string\"},\"Template_Name\":{\"type\":\"string\",\"required\":true,\"unique\":true},\"Message\":{\"type\":\"customField\",\"options\":{\"preset\":\"toolbar\"},\"customField\":\"plugin::ckeditor5.CKEditor\"},\"Alias\":{\"type\":\"uid\",\"targetField\":\"Template_Name\"}},\"kind\":\"collectionType\"},\"modelType\":\"contentType\",\"modelName\":\"email-template\",\"connection\":\"default\",\"uid\":\"api::email-template.email-template\",\"apiName\":\"email-template\",\"globalId\":\"EmailTemplate\",\"actions\":{},\"lifecycles\":{}},\"api::menu.menu\":{\"kind\":\"collectionType\",\"collectionName\":\"menus\",\"info\":{\"singularName\":\"menu\",\"pluralName\":\"menus\",\"displayName\":\"Menu\",\"description\":\"\"},\"options\":{\"draftAndPublish\":true},\"pluginOptions\":{},\"attributes\":{\"Menu_Type\":{\"type\":\"enumeration\",\"enum\":[\"Main\",\"Hidden\",\"Submenu\"],\"default\":\"Main\",\"required\":true},\"Name\":{\"type\":\"string\"},\"Menu_Link_Type\":{\"type\":\"enumeration\",\"enum\":[\"Internal\",\"External\",\"Other\"],\"default\":\"Internal\",\"required\":true},\"Menu_Link\":{\"type\":\"string\",\"required\":true,\"default\":\"#\"},\"Sort\":{\"type\":\"integer\",\"required\":true},\"Parent_Menu\":{\"type\":\"relation\",\"relation\":\"oneToOne\",\"target\":\"api::menu.menu\"},\"Alias\":{\"type\":\"uid\",\"targetField\":\"Name\"},\"createdAt\":{\"type\":\"datetime\"},\"updatedAt\":{\"type\":\"datetime\"},\"publishedAt\":{\"type\":\"datetime\",\"configurable\":false,\"writable\":true,\"visible\":false},\"createdBy\":{\"type\":\"relation\",\"relation\":\"oneToOne\",\"target\":\"admin::user\",\"configurable\":false,\"writable\":false,\"visible\":false,\"useJoinTable\":false,\"private\":true},\"updatedBy\":{\"type\":\"relation\",\"relation\":\"oneToOne\",\"target\":\"admin::user\",\"configurable\":false,\"writable\":false,\"visible\":false,\"useJoinTable\":false,\"private\":true}},\"__schema__\":{\"collectionName\":\"menus\",\"info\":{\"singularName\":\"menu\",\"pluralName\":\"menus\",\"displayName\":\"Menu\",\"description\":\"\"},\"options\":{\"draftAndPublish\":true},\"pluginOptions\":{},\"attributes\":{\"Menu_Type\":{\"type\":\"enumeration\",\"enum\":[\"Main\",\"Hidden\",\"Submenu\"],\"default\":\"Main\",\"required\":true},\"Name\":{\"type\":\"string\"},\"Menu_Link_Type\":{\"type\":\"enumeration\",\"enum\":[\"Internal\",\"External\",\"Other\"],\"default\":\"Internal\",\"required\":true},\"Menu_Link\":{\"type\":\"string\",\"required\":true,\"default\":\"#\"},\"Sort\":{\"type\":\"integer\",\"required\":true},\"Parent_Menu\":{\"type\":\"relation\",\"relation\":\"oneToOne\",\"target\":\"api::menu.menu\"},\"Alias\":{\"type\":\"uid\",\"targetField\":\"Name\"}},\"kind\":\"collectionType\"},\"modelType\":\"contentType\",\"modelName\":\"menu\",\"connection\":\"default\",\"uid\":\"api::menu.menu\",\"apiName\":\"menu\",\"globalId\":\"Menu\",\"actions\":{},\"lifecycles\":{}},\"api::popup-contact.popup-contact\":{\"kind\":\"singleType\",\"collectionName\":\"popup_contacts\",\"info\":{\"singularName\":\"popup-contact\",\"pluralName\":\"popup-contacts\",\"displayName\":\"Popup_Contact\"},\"options\":{\"draftAndPublish\":true},\"pluginOptions\":{},\"attributes\":{\"Name\":{\"type\":\"string\"},\"Image\":{\"allowedTypes\":[\"images\"],\"type\":\"media\",\"multiple\":false},\"Description\":{\"type\":\"text\"},\"createdAt\":{\"type\":\"datetime\"},\"updatedAt\":{\"type\":\"datetime\"},\"publishedAt\":{\"type\":\"datetime\",\"configurable\":false,\"writable\":true,\"visible\":false},\"createdBy\":{\"type\":\"relation\",\"relation\":\"oneToOne\",\"target\":\"admin::user\",\"configurable\":false,\"writable\":false,\"visible\":false,\"useJoinTable\":false,\"private\":true},\"updatedBy\":{\"type\":\"relation\",\"relation\":\"oneToOne\",\"target\":\"admin::user\",\"configurable\":false,\"writable\":false,\"visible\":false,\"useJoinTable\":false,\"private\":true}},\"__schema__\":{\"collectionName\":\"popup_contacts\",\"info\":{\"singularName\":\"popup-contact\",\"pluralName\":\"popup-contacts\",\"displayName\":\"Popup_Contact\"},\"options\":{\"draftAndPublish\":true},\"pluginOptions\":{},\"attributes\":{\"Name\":{\"type\":\"string\"},\"Image\":{\"allowedTypes\":[\"images\"],\"type\":\"media\",\"multiple\":false},\"Description\":{\"type\":\"text\"}},\"kind\":\"singleType\"},\"modelType\":\"contentType\",\"modelName\":\"popup-contact\",\"connection\":\"default\",\"uid\":\"api::popup-contact.popup-contact\",\"apiName\":\"popup-contact\",\"globalId\":\"PopupContact\",\"actions\":{},\"lifecycles\":{}},\"api::property.property\":{\"kind\":\"collectionType\",\"collectionName\":\"properties\",\"info\":{\"singularName\":\"property\",\"pluralName\":\"properties\",\"displayName\":\"Property\",\"description\":\"\"},\"options\":{\"draftAndPublish\":true},\"pluginOptions\":{},\"attributes\":{\"Description\":{\"type\":\"richtext\",\"options\":{\"preset\":\"toolbar\"},\"customField\":\"plugin::ckeditor5.CKEditor\"},\"Publish\":{\"type\":\"boolean\",\"default\":true,\"required\":true},\"Latitude\":{\"type\":\"float\"},\"Longitude\":{\"type\":\"float\"},\"Main_Image\":{\"type\":\"media\",\"multiple\":false,\"required\":true,\"allowedTypes\":[\"images\"]},\"Images\":{\"type\":\"media\",\"multiple\":true,\"required\":false,\"allowedTypes\":[\"images\"]},\"Door_No\":{\"type\":\"string\"},\"Street_Name\":{\"type\":\"string\"},\"Builder\":{\"type\":\"relation\",\"relation\":\"oneToOne\",\"target\":\"api::builder.builder\"},\"Area\":{\"type\":\"relation\",\"relation\":\"oneToOne\",\"target\":\"api::property-area.property-area\"},\"Type\":{\"type\":\"relation\",\"relation\":\"oneToOne\",\"target\":\"api::property-type.property-type\"},\"Video\":{\"type\":\"string\"},\"Status\":{\"type\":\"relation\",\"relation\":\"oneToOne\",\"target\":\"api::property-status.property-status\"},\"Name\":{\"type\":\"string\",\"required\":true},\"Floor_Plans\":{\"type\":\"component\",\"repeatable\":true,\"component\":\"property.floor-plans\"},\"Features\":{\"type\":\"component\",\"repeatable\":true,\"component\":\"property.facts-features\"},\"Amenities\":{\"type\":\"component\",\"repeatable\":true,\"component\":\"property.amenities\"},\"Price\":{\"type\":\"string\",\"default\":\"0\",\"required\":true},\"Price_Structure\":{\"displayName\":\"Price_Structure\",\"type\":\"component\",\"repeatable\":true,\"component\":\"property.price-structure\",\"required\":false},\"Bedrooms\":{\"type\":\"string\",\"required\":true,\"default\":\"0\"},\"Bathrooms\":{\"type\":\"string\",\"required\":true,\"default\":\"0\"},\"Unit_Size\":{\"type\":\"string\",\"default\":\"0\",\"required\":true},\"Posted_At\":{\"type\":\"datetime\",\"required\":true,\"default\":\"2023-10-31T18:30:00.000Z\"},\"Advantages\":{\"displayName\":\"Advantage\",\"type\":\"component\",\"repeatable\":false,\"component\":\"property.advantage\"},\"Downloads\":{\"displayName\":\"Downloads\",\"type\":\"component\",\"repeatable\":true,\"component\":\"property.downloads\"},\"Project_Size\":{\"type\":\"string\",\"required\":true,\"default\":\"0\"},\"Price_Per_Sq_Feet\":{\"type\":\"string\",\"required\":true,\"default\":\"0\"},\"Total_Floors\":{\"type\":\"string\",\"default\":\"0\",\"required\":true},\"Unit_Types\":{\"type\":\"component\",\"repeatable\":true,\"component\":\"property.unit-details\"},\"Property_Id\":{\"type\":\"uid\",\"targetField\":\"Name\",\"required\":true},\"Plot_Size\":{\"type\":\"string\"},\"Facing\":{\"type\":\"string\"},\"Distance\":{\"displayName\":\"Distances\",\"type\":\"component\",\"repeatable\":false,\"component\":\"property.distances\"},\"Other_Features\":{\"displayName\":\"Other Features\",\"type\":\"component\",\"repeatable\":true,\"component\":\"property.other-features\"},\"createdAt\":{\"type\":\"datetime\"},\"updatedAt\":{\"type\":\"datetime\"},\"publishedAt\":{\"type\":\"datetime\",\"configurable\":false,\"writable\":true,\"visible\":false},\"createdBy\":{\"type\":\"relation\",\"relation\":\"oneToOne\",\"target\":\"admin::user\",\"configurable\":false,\"writable\":false,\"visible\":false,\"useJoinTable\":false,\"private\":true},\"updatedBy\":{\"type\":\"relation\",\"relation\":\"oneToOne\",\"target\":\"admin::user\",\"configurable\":false,\"writable\":false,\"visible\":false,\"useJoinTable\":false,\"private\":true}},\"__schema__\":{\"collectionName\":\"properties\",\"info\":{\"singularName\":\"property\",\"pluralName\":\"properties\",\"displayName\":\"Property\",\"description\":\"\"},\"options\":{\"draftAndPublish\":true},\"pluginOptions\":{},\"attributes\":{\"Description\":{\"type\":\"customField\",\"options\":{\"preset\":\"toolbar\"},\"customField\":\"plugin::ckeditor5.CKEditor\"},\"Publish\":{\"type\":\"boolean\",\"default\":true,\"required\":true},\"Latitude\":{\"type\":\"float\"},\"Longitude\":{\"type\":\"float\"},\"Main_Image\":{\"type\":\"media\",\"multiple\":false,\"required\":true,\"allowedTypes\":[\"images\"]},\"Images\":{\"type\":\"media\",\"multiple\":true,\"required\":false,\"allowedTypes\":[\"images\"]},\"Door_No\":{\"type\":\"string\"},\"Street_Name\":{\"type\":\"string\"},\"Builder\":{\"type\":\"relation\",\"relation\":\"oneToOne\",\"target\":\"api::builder.builder\"},\"Area\":{\"type\":\"relation\",\"relation\":\"oneToOne\",\"target\":\"api::property-area.property-area\"},\"Type\":{\"type\":\"relation\",\"relation\":\"oneToOne\",\"target\":\"api::property-type.property-type\"},\"Video\":{\"type\":\"string\"},\"Status\":{\"type\":\"relation\",\"relation\":\"oneToOne\",\"target\":\"api::property-status.property-status\"},\"Name\":{\"type\":\"string\",\"required\":true},\"Floor_Plans\":{\"type\":\"component\",\"repeatable\":true,\"component\":\"property.floor-plans\"},\"Features\":{\"type\":\"component\",\"repeatable\":true,\"component\":\"property.facts-features\"},\"Amenities\":{\"type\":\"component\",\"repeatable\":true,\"component\":\"property.amenities\"},\"Price\":{\"type\":\"string\",\"default\":\"0\",\"required\":true},\"Price_Structure\":{\"displayName\":\"Price_Structure\",\"type\":\"component\",\"repeatable\":true,\"component\":\"property.price-structure\",\"required\":false},\"Bedrooms\":{\"type\":\"string\",\"required\":true,\"default\":\"0\"},\"Bathrooms\":{\"type\":\"string\",\"required\":true,\"default\":\"0\"},\"Unit_Size\":{\"type\":\"string\",\"default\":\"0\",\"required\":true},\"Posted_At\":{\"type\":\"datetime\",\"required\":true,\"default\":\"2023-10-31T18:30:00.000Z\"},\"Advantages\":{\"displayName\":\"Advantage\",\"type\":\"component\",\"repeatable\":false,\"component\":\"property.advantage\"},\"Downloads\":{\"displayName\":\"Downloads\",\"type\":\"component\",\"repeatable\":true,\"component\":\"property.downloads\"},\"Project_Size\":{\"type\":\"string\",\"required\":true,\"default\":\"0\"},\"Price_Per_Sq_Feet\":{\"type\":\"string\",\"required\":true,\"default\":\"0\"},\"Total_Floors\":{\"type\":\"string\",\"default\":\"0\",\"required\":true},\"Unit_Types\":{\"type\":\"component\",\"repeatable\":true,\"component\":\"property.unit-details\"},\"Property_Id\":{\"type\":\"uid\",\"targetField\":\"Name\",\"required\":true},\"Plot_Size\":{\"type\":\"string\"},\"Facing\":{\"type\":\"string\"},\"Distance\":{\"displayName\":\"Distances\",\"type\":\"component\",\"repeatable\":false,\"component\":\"property.distances\"},\"Other_Features\":{\"displayName\":\"Other Features\",\"type\":\"component\",\"repeatable\":true,\"component\":\"property.other-features\"}},\"kind\":\"collectionType\"},\"modelType\":\"contentType\",\"modelName\":\"property\",\"connection\":\"default\",\"uid\":\"api::property.property\",\"apiName\":\"property\",\"globalId\":\"Property\",\"actions\":{},\"lifecycles\":{}},\"api::property-amenitie.property-amenitie\":{\"kind\":\"collectionType\",\"collectionName\":\"property_amenities\",\"info\":{\"singularName\":\"property-amenitie\",\"pluralName\":\"property-amenities\",\"displayName\":\"Property_Amenitie\",\"description\":\"\"},\"options\":{\"draftAndPublish\":true},\"pluginOptions\":{},\"attributes\":{\"Name\":{\"type\":\"string\",\"required\":true},\"Icon\":{\"type\":\"string\",\"required\":true},\"Image\":{\"type\":\"media\",\"multiple\":false,\"required\":false,\"allowedTypes\":[\"images\"]},\"Alias\":{\"type\":\"uid\",\"targetField\":\"Name\"},\"createdAt\":{\"type\":\"datetime\"},\"updatedAt\":{\"type\":\"datetime\"},\"publishedAt\":{\"type\":\"datetime\",\"configurable\":false,\"writable\":true,\"visible\":false},\"createdBy\":{\"type\":\"relation\",\"relation\":\"oneToOne\",\"target\":\"admin::user\",\"configurable\":false,\"writable\":false,\"visible\":false,\"useJoinTable\":false,\"private\":true},\"updatedBy\":{\"type\":\"relation\",\"relation\":\"oneToOne\",\"target\":\"admin::user\",\"configurable\":false,\"writable\":false,\"visible\":false,\"useJoinTable\":false,\"private\":true}},\"__schema__\":{\"collectionName\":\"property_amenities\",\"info\":{\"singularName\":\"property-amenitie\",\"pluralName\":\"property-amenities\",\"displayName\":\"Property_Amenitie\",\"description\":\"\"},\"options\":{\"draftAndPublish\":true},\"pluginOptions\":{},\"attributes\":{\"Name\":{\"type\":\"string\",\"required\":true},\"Icon\":{\"type\":\"string\",\"required\":true},\"Image\":{\"type\":\"media\",\"multiple\":false,\"required\":false,\"allowedTypes\":[\"images\"]},\"Alias\":{\"type\":\"uid\",\"targetField\":\"Name\"}},\"kind\":\"collectionType\"},\"modelType\":\"contentType\",\"modelName\":\"property-amenitie\",\"connection\":\"default\",\"uid\":\"api::property-amenitie.property-amenitie\",\"apiName\":\"property-amenitie\",\"globalId\":\"PropertyAmenitie\",\"actions\":{},\"lifecycles\":{}},\"api::property-area.property-area\":{\"kind\":\"collectionType\",\"collectionName\":\"property_areas\",\"info\":{\"singularName\":\"property-area\",\"pluralName\":\"property-areas\",\"displayName\":\"Property_Area\",\"description\":\"\"},\"options\":{\"draftAndPublish\":true},\"pluginOptions\":{},\"attributes\":{\"Name\":{\"type\":\"string\",\"required\":true},\"Location\":{\"type\":\"relation\",\"relation\":\"oneToOne\",\"target\":\"api::property-location.property-location\"},\"Description\":{\"type\":\"text\"},\"Image\":{\"type\":\"media\",\"multiple\":false,\"required\":false,\"allowedTypes\":[\"images\"]},\"Alias\":{\"type\":\"uid\",\"targetField\":\"Name\"},\"createdAt\":{\"type\":\"datetime\"},\"updatedAt\":{\"type\":\"datetime\"},\"publishedAt\":{\"type\":\"datetime\",\"configurable\":false,\"writable\":true,\"visible\":false},\"createdBy\":{\"type\":\"relation\",\"relation\":\"oneToOne\",\"target\":\"admin::user\",\"configurable\":false,\"writable\":false,\"visible\":false,\"useJoinTable\":false,\"private\":true},\"updatedBy\":{\"type\":\"relation\",\"relation\":\"oneToOne\",\"target\":\"admin::user\",\"configurable\":false,\"writable\":false,\"visible\":false,\"useJoinTable\":false,\"private\":true}},\"__schema__\":{\"collectionName\":\"property_areas\",\"info\":{\"singularName\":\"property-area\",\"pluralName\":\"property-areas\",\"displayName\":\"Property_Area\",\"description\":\"\"},\"options\":{\"draftAndPublish\":true},\"pluginOptions\":{},\"attributes\":{\"Name\":{\"type\":\"string\",\"required\":true},\"Location\":{\"type\":\"relation\",\"relation\":\"oneToOne\",\"target\":\"api::property-location.property-location\"},\"Description\":{\"type\":\"text\"},\"Image\":{\"type\":\"media\",\"multiple\":false,\"required\":false,\"allowedTypes\":[\"images\"]},\"Alias\":{\"type\":\"uid\",\"targetField\":\"Name\"}},\"kind\":\"collectionType\"},\"modelType\":\"contentType\",\"modelName\":\"property-area\",\"connection\":\"default\",\"uid\":\"api::property-area.property-area\",\"apiName\":\"property-area\",\"globalId\":\"PropertyArea\",\"actions\":{},\"lifecycles\":{}},\"api::property-location.property-location\":{\"kind\":\"collectionType\",\"collectionName\":\"property_locations\",\"info\":{\"singularName\":\"property-location\",\"pluralName\":\"property-locations\",\"displayName\":\"Property_Location\",\"description\":\"\"},\"options\":{\"draftAndPublish\":true},\"pluginOptions\":{},\"attributes\":{\"Name\":{\"type\":\"string\",\"required\":true},\"Image\":{\"type\":\"media\",\"multiple\":false,\"required\":true,\"allowedTypes\":[\"images\"]},\"Description\":{\"type\":\"text\"},\"Sort\":{\"type\":\"integer\",\"required\":true},\"State\":{\"type\":\"string\",\"required\":true},\"Alias\":{\"type\":\"uid\",\"targetField\":\"Name\"},\"createdAt\":{\"type\":\"datetime\"},\"updatedAt\":{\"type\":\"datetime\"},\"publishedAt\":{\"type\":\"datetime\",\"configurable\":false,\"writable\":true,\"visible\":false},\"createdBy\":{\"type\":\"relation\",\"relation\":\"oneToOne\",\"target\":\"admin::user\",\"configurable\":false,\"writable\":false,\"visible\":false,\"useJoinTable\":false,\"private\":true},\"updatedBy\":{\"type\":\"relation\",\"relation\":\"oneToOne\",\"target\":\"admin::user\",\"configurable\":false,\"writable\":false,\"visible\":false,\"useJoinTable\":false,\"private\":true}},\"__schema__\":{\"collectionName\":\"property_locations\",\"info\":{\"singularName\":\"property-location\",\"pluralName\":\"property-locations\",\"displayName\":\"Property_Location\",\"description\":\"\"},\"options\":{\"draftAndPublish\":true},\"pluginOptions\":{},\"attributes\":{\"Name\":{\"type\":\"string\",\"required\":true},\"Image\":{\"type\":\"media\",\"multiple\":false,\"required\":true,\"allowedTypes\":[\"images\"]},\"Description\":{\"type\":\"text\"},\"Sort\":{\"type\":\"integer\",\"required\":true},\"State\":{\"type\":\"string\",\"required\":true},\"Alias\":{\"type\":\"uid\",\"targetField\":\"Name\"}},\"kind\":\"collectionType\"},\"modelType\":\"contentType\",\"modelName\":\"property-location\",\"connection\":\"default\",\"uid\":\"api::property-location.property-location\",\"apiName\":\"property-location\",\"globalId\":\"PropertyLocation\",\"actions\":{},\"lifecycles\":{}},\"api::property-status.property-status\":{\"kind\":\"collectionType\",\"collectionName\":\"property_statuses\",\"info\":{\"singularName\":\"property-status\",\"pluralName\":\"property-statuses\",\"displayName\":\"Property_Status\",\"description\":\"\"},\"options\":{\"draftAndPublish\":true},\"pluginOptions\":{},\"attributes\":{\"Name\":{\"type\":\"string\",\"required\":true},\"Alias\":{\"type\":\"uid\",\"targetField\":\"Name\"},\"createdAt\":{\"type\":\"datetime\"},\"updatedAt\":{\"type\":\"datetime\"},\"publishedAt\":{\"type\":\"datetime\",\"configurable\":false,\"writable\":true,\"visible\":false},\"createdBy\":{\"type\":\"relation\",\"relation\":\"oneToOne\",\"target\":\"admin::user\",\"configurable\":false,\"writable\":false,\"visible\":false,\"useJoinTable\":false,\"private\":true},\"updatedBy\":{\"type\":\"relation\",\"relation\":\"oneToOne\",\"target\":\"admin::user\",\"configurable\":false,\"writable\":false,\"visible\":false,\"useJoinTable\":false,\"private\":true}},\"__schema__\":{\"collectionName\":\"property_statuses\",\"info\":{\"singularName\":\"property-status\",\"pluralName\":\"property-statuses\",\"displayName\":\"Property_Status\",\"description\":\"\"},\"options\":{\"draftAndPublish\":true},\"pluginOptions\":{},\"attributes\":{\"Name\":{\"type\":\"string\",\"required\":true},\"Alias\":{\"type\":\"uid\",\"targetField\":\"Name\"}},\"kind\":\"collectionType\"},\"modelType\":\"contentType\",\"modelName\":\"property-status\",\"connection\":\"default\",\"uid\":\"api::property-status.property-status\",\"apiName\":\"property-status\",\"globalId\":\"PropertyStatus\",\"actions\":{},\"lifecycles\":{}},\"api::property-type.property-type\":{\"kind\":\"collectionType\",\"collectionName\":\"property_types\",\"info\":{\"singularName\":\"property-type\",\"pluralName\":\"property-types\",\"displayName\":\"Property_Type\",\"description\":\"\"},\"options\":{\"draftAndPublish\":true},\"pluginOptions\":{},\"attributes\":{\"Name\":{\"type\":\"string\",\"required\":true},\"Description\":{\"type\":\"richtext\",\"options\":{\"preset\":\"toolbar\"},\"customField\":\"plugin::ckeditor5.CKEditor\"},\"Image\":{\"type\":\"media\",\"multiple\":false,\"required\":true,\"allowedTypes\":[\"images\"]},\"Sort\":{\"type\":\"integer\"},\"Icon\":{\"type\":\"string\"},\"Alias\":{\"type\":\"uid\",\"targetField\":\"Name\"},\"createdAt\":{\"type\":\"datetime\"},\"updatedAt\":{\"type\":\"datetime\"},\"publishedAt\":{\"type\":\"datetime\",\"configurable\":false,\"writable\":true,\"visible\":false},\"createdBy\":{\"type\":\"relation\",\"relation\":\"oneToOne\",\"target\":\"admin::user\",\"configurable\":false,\"writable\":false,\"visible\":false,\"useJoinTable\":false,\"private\":true},\"updatedBy\":{\"type\":\"relation\",\"relation\":\"oneToOne\",\"target\":\"admin::user\",\"configurable\":false,\"writable\":false,\"visible\":false,\"useJoinTable\":false,\"private\":true}},\"__schema__\":{\"collectionName\":\"property_types\",\"info\":{\"singularName\":\"property-type\",\"pluralName\":\"property-types\",\"displayName\":\"Property_Type\",\"description\":\"\"},\"options\":{\"draftAndPublish\":true},\"pluginOptions\":{},\"attributes\":{\"Name\":{\"type\":\"string\",\"required\":true},\"Description\":{\"type\":\"customField\",\"options\":{\"preset\":\"toolbar\"},\"customField\":\"plugin::ckeditor5.CKEditor\"},\"Image\":{\"type\":\"media\",\"multiple\":false,\"required\":true,\"allowedTypes\":[\"images\"]},\"Sort\":{\"type\":\"integer\"},\"Icon\":{\"type\":\"string\"},\"Alias\":{\"type\":\"uid\",\"targetField\":\"Name\"}},\"kind\":\"collectionType\"},\"modelType\":\"contentType\",\"modelName\":\"property-type\",\"connection\":\"default\",\"uid\":\"api::property-type.property-type\",\"apiName\":\"property-type\",\"globalId\":\"PropertyType\",\"actions\":{},\"lifecycles\":{}},\"api::site-configuration.site-configuration\":{\"kind\":\"singleType\",\"collectionName\":\"site_configurations\",\"info\":{\"singularName\":\"site-configuration\",\"pluralName\":\"site-configurations\",\"displayName\":\"Site_Configuration\",\"description\":\"\"},\"options\":{\"draftAndPublish\":true},\"pluginOptions\":{},\"attributes\":{\"Name\":{\"type\":\"string\"},\"Url\":{\"type\":\"string\"},\"Logo\":{\"type\":\"media\",\"multiple\":false,\"required\":false,\"allowedTypes\":[\"images\"]},\"Social_Links\":{\"displayName\":\"Social_Links\",\"type\":\"component\",\"repeatable\":true,\"component\":\"site-config.social-links\"},\"Footer_Menu_Links\":{\"displayName\":\"Footer_Menu_Links\",\"type\":\"component\",\"repeatable\":true,\"component\":\"site-config.footer-menu-links\"},\"Phone_Number\":{\"type\":\"string\",\"required\":true,\"default\":\"#\"},\"Email_Id\":{\"type\":\"string\",\"required\":true},\"Address\":{\"type\":\"richtext\",\"options\":{\"preset\":\"toolbar\"},\"customField\":\"plugin::ckeditor5.CKEditor\"},\"Copy_Write\":{\"type\":\"string\"},\"Contacts\":{\"displayName\":\"Contact_Links\",\"type\":\"component\",\"repeatable\":true,\"component\":\"common.contact-links\"},\"Top_Menu\":{\"displayName\":\"Top_Menus\",\"type\":\"component\",\"repeatable\":true,\"component\":\"common.top-menus\"},\"Popular_Search\":{\"displayName\":\"Popular_Search\",\"type\":\"component\",\"repeatable\":false,\"component\":\"common.popular-search\"},\"Privacy_Policy\":{\"type\":\"relation\",\"relation\":\"oneToOne\",\"target\":\"api::menu.menu\"},\"Terms_Conditions\":{\"type\":\"relation\",\"relation\":\"oneToOne\",\"target\":\"api::menu.menu\"},\"Logo2\":{\"type\":\"media\",\"multiple\":false,\"required\":false,\"allowedTypes\":[\"images\"]},\"Logo3\":{\"type\":\"media\",\"multiple\":false,\"required\":false,\"allowedTypes\":[\"images\"]},\"Mail_Template_Header\":{\"type\":\"text\"},\"Mail_Template_Footer\":{\"type\":\"text\"},\"createdAt\":{\"type\":\"datetime\"},\"updatedAt\":{\"type\":\"datetime\"},\"publishedAt\":{\"type\":\"datetime\",\"configurable\":false,\"writable\":true,\"visible\":false},\"createdBy\":{\"type\":\"relation\",\"relation\":\"oneToOne\",\"target\":\"admin::user\",\"configurable\":false,\"writable\":false,\"visible\":false,\"useJoinTable\":false,\"private\":true},\"updatedBy\":{\"type\":\"relation\",\"relation\":\"oneToOne\",\"target\":\"admin::user\",\"configurable\":false,\"writable\":false,\"visible\":false,\"useJoinTable\":false,\"private\":true}},\"__schema__\":{\"collectionName\":\"site_configurations\",\"info\":{\"singularName\":\"site-configuration\",\"pluralName\":\"site-configurations\",\"displayName\":\"Site_Configuration\",\"description\":\"\"},\"options\":{\"draftAndPublish\":true},\"pluginOptions\":{},\"attributes\":{\"Name\":{\"type\":\"string\"},\"Url\":{\"type\":\"string\"},\"Logo\":{\"type\":\"media\",\"multiple\":false,\"required\":false,\"allowedTypes\":[\"images\"]},\"Social_Links\":{\"displayName\":\"Social_Links\",\"type\":\"component\",\"repeatable\":true,\"component\":\"site-config.social-links\"},\"Footer_Menu_Links\":{\"displayName\":\"Footer_Menu_Links\",\"type\":\"component\",\"repeatable\":true,\"component\":\"site-config.footer-menu-links\"},\"Phone_Number\":{\"type\":\"string\",\"required\":true,\"default\":\"#\"},\"Email_Id\":{\"type\":\"string\",\"required\":true},\"Address\":{\"type\":\"customField\",\"options\":{\"preset\":\"toolbar\"},\"customField\":\"plugin::ckeditor5.CKEditor\"},\"Copy_Write\":{\"type\":\"string\"},\"Contacts\":{\"displayName\":\"Contact_Links\",\"type\":\"component\",\"repeatable\":true,\"component\":\"common.contact-links\"},\"Top_Menu\":{\"displayName\":\"Top_Menus\",\"type\":\"component\",\"repeatable\":true,\"component\":\"common.top-menus\"},\"Popular_Search\":{\"displayName\":\"Popular_Search\",\"type\":\"component\",\"repeatable\":false,\"component\":\"common.popular-search\"},\"Privacy_Policy\":{\"type\":\"relation\",\"relation\":\"oneToOne\",\"target\":\"api::menu.menu\"},\"Terms_Conditions\":{\"type\":\"relation\",\"relation\":\"oneToOne\",\"target\":\"api::menu.menu\"},\"Logo2\":{\"type\":\"media\",\"multiple\":false,\"required\":false,\"allowedTypes\":[\"images\"]},\"Logo3\":{\"type\":\"media\",\"multiple\":false,\"required\":false,\"allowedTypes\":[\"images\"]},\"Mail_Template_Header\":{\"type\":\"text\"},\"Mail_Template_Footer\":{\"type\":\"text\"}},\"kind\":\"singleType\"},\"modelType\":\"contentType\",\"modelName\":\"site-configuration\",\"connection\":\"default\",\"uid\":\"api::site-configuration.site-configuration\",\"apiName\":\"site-configuration\",\"globalId\":\"SiteConfiguration\",\"actions\":{},\"lifecycles\":{}}}','object',NULL,NULL),(2,'plugin_content_manager_configuration_content_types::admin::permission','{\"uid\":\"admin::permission\",\"settings\":{\"bulkable\":true,\"filterable\":true,\"searchable\":true,\"pageSize\":10,\"mainField\":\"action\",\"defaultSortBy\":\"action\",\"defaultSortOrder\":\"ASC\"},\"metadatas\":{\"id\":{\"edit\":{},\"list\":{\"label\":\"id\",\"searchable\":true,\"sortable\":true}},\"action\":{\"edit\":{\"label\":\"action\",\"description\":\"\",\"placeholder\":\"\",\"visible\":true,\"editable\":true},\"list\":{\"label\":\"action\",\"searchable\":true,\"sortable\":true}},\"subject\":{\"edit\":{\"label\":\"subject\",\"description\":\"\",\"placeholder\":\"\",\"visible\":true,\"editable\":true},\"list\":{\"label\":\"subject\",\"searchable\":true,\"sortable\":true}},\"properties\":{\"edit\":{\"label\":\"properties\",\"description\":\"\",\"placeholder\":\"\",\"visible\":true,\"editable\":true},\"list\":{\"label\":\"properties\",\"searchable\":false,\"sortable\":false}},\"conditions\":{\"edit\":{\"label\":\"conditions\",\"description\":\"\",\"placeholder\":\"\",\"visible\":true,\"editable\":true},\"list\":{\"label\":\"conditions\",\"searchable\":false,\"sortable\":false}},\"role\":{\"edit\":{\"label\":\"role\",\"description\":\"\",\"placeholder\":\"\",\"visible\":true,\"editable\":true,\"mainField\":\"name\"},\"list\":{\"label\":\"role\",\"searchable\":true,\"sortable\":true}},\"createdAt\":{\"edit\":{\"label\":\"createdAt\",\"description\":\"\",\"placeholder\":\"\",\"visible\":false,\"editable\":true},\"list\":{\"label\":\"createdAt\",\"searchable\":true,\"sortable\":true}},\"updatedAt\":{\"edit\":{\"label\":\"updatedAt\",\"description\":\"\",\"placeholder\":\"\",\"visible\":false,\"editable\":true},\"list\":{\"label\":\"updatedAt\",\"searchable\":true,\"sortable\":true}},\"createdBy\":{\"edit\":{\"label\":\"createdBy\",\"description\":\"\",\"placeholder\":\"\",\"visible\":false,\"editable\":true,\"mainField\":\"firstname\"},\"list\":{\"label\":\"createdBy\",\"searchable\":true,\"sortable\":true}},\"updatedBy\":{\"edit\":{\"label\":\"updatedBy\",\"description\":\"\",\"placeholder\":\"\",\"visible\":false,\"editable\":true,\"mainField\":\"firstname\"},\"list\":{\"label\":\"updatedBy\",\"searchable\":true,\"sortable\":true}}},\"layouts\":{\"list\":[\"id\",\"action\",\"subject\",\"role\"],\"edit\":[[{\"name\":\"action\",\"size\":6},{\"name\":\"subject\",\"size\":6}],[{\"name\":\"properties\",\"size\":12}],[{\"name\":\"conditions\",\"size\":12}],[{\"name\":\"role\",\"size\":6}]]}}','object',NULL,NULL),(3,'plugin_content_manager_configuration_content_types::admin::api-token','{\"uid\":\"admin::api-token\",\"settings\":{\"bulkable\":true,\"filterable\":true,\"searchable\":true,\"pageSize\":10,\"mainField\":\"name\",\"defaultSortBy\":\"name\",\"defaultSortOrder\":\"ASC\"},\"metadatas\":{\"id\":{\"edit\":{},\"list\":{\"label\":\"id\",\"searchable\":true,\"sortable\":true}},\"name\":{\"edit\":{\"label\":\"name\",\"description\":\"\",\"placeholder\":\"\",\"visible\":true,\"editable\":true},\"list\":{\"label\":\"name\",\"searchable\":true,\"sortable\":true}},\"description\":{\"edit\":{\"label\":\"description\",\"description\":\"\",\"placeholder\":\"\",\"visible\":true,\"editable\":true},\"list\":{\"label\":\"description\",\"searchable\":true,\"sortable\":true}},\"type\":{\"edit\":{\"label\":\"type\",\"description\":\"\",\"placeholder\":\"\",\"visible\":true,\"editable\":true},\"list\":{\"label\":\"type\",\"searchable\":true,\"sortable\":true}},\"accessKey\":{\"edit\":{\"label\":\"accessKey\",\"description\":\"\",\"placeholder\":\"\",\"visible\":true,\"editable\":true},\"list\":{\"label\":\"accessKey\",\"searchable\":true,\"sortable\":true}},\"lastUsedAt\":{\"edit\":{\"label\":\"lastUsedAt\",\"description\":\"\",\"placeholder\":\"\",\"visible\":true,\"editable\":true},\"list\":{\"label\":\"lastUsedAt\",\"searchable\":true,\"sortable\":true}},\"permissions\":{\"edit\":{\"label\":\"permissions\",\"description\":\"\",\"placeholder\":\"\",\"visible\":true,\"editable\":true,\"mainField\":\"action\"},\"list\":{\"label\":\"permissions\",\"searchable\":false,\"sortable\":false}},\"expiresAt\":{\"edit\":{\"label\":\"expiresAt\",\"description\":\"\",\"placeholder\":\"\",\"visible\":true,\"editable\":true},\"list\":{\"label\":\"expiresAt\",\"searchable\":true,\"sortable\":true}},\"lifespan\":{\"edit\":{\"label\":\"lifespan\",\"description\":\"\",\"placeholder\":\"\",\"visible\":true,\"editable\":true},\"list\":{\"label\":\"lifespan\",\"searchable\":true,\"sortable\":true}},\"createdAt\":{\"edit\":{\"label\":\"createdAt\",\"description\":\"\",\"placeholder\":\"\",\"visible\":false,\"editable\":true},\"list\":{\"label\":\"createdAt\",\"searchable\":true,\"sortable\":true}},\"updatedAt\":{\"edit\":{\"label\":\"updatedAt\",\"description\":\"\",\"placeholder\":\"\",\"visible\":false,\"editable\":true},\"list\":{\"label\":\"updatedAt\",\"searchable\":true,\"sortable\":true}},\"createdBy\":{\"edit\":{\"label\":\"createdBy\",\"description\":\"\",\"placeholder\":\"\",\"visible\":false,\"editable\":true,\"mainField\":\"firstname\"},\"list\":{\"label\":\"createdBy\",\"searchable\":true,\"sortable\":true}},\"updatedBy\":{\"edit\":{\"label\":\"updatedBy\",\"description\":\"\",\"placeholder\":\"\",\"visible\":false,\"editable\":true,\"mainField\":\"firstname\"},\"list\":{\"label\":\"updatedBy\",\"searchable\":true,\"sortable\":true}}},\"layouts\":{\"list\":[\"id\",\"name\",\"description\",\"type\"],\"edit\":[[{\"name\":\"name\",\"size\":6},{\"name\":\"description\",\"size\":6}],[{\"name\":\"type\",\"size\":6},{\"name\":\"accessKey\",\"size\":6}],[{\"name\":\"lastUsedAt\",\"size\":6},{\"name\":\"permissions\",\"size\":6}],[{\"name\":\"expiresAt\",\"size\":6},{\"name\":\"lifespan\",\"size\":4}]]}}','object',NULL,NULL),(4,'plugin_content_manager_configuration_content_types::admin::api-token-permission','{\"uid\":\"admin::api-token-permission\",\"settings\":{\"bulkable\":true,\"filterable\":true,\"searchable\":true,\"pageSize\":10,\"mainField\":\"action\",\"defaultSortBy\":\"action\",\"defaultSortOrder\":\"ASC\"},\"metadatas\":{\"id\":{\"edit\":{},\"list\":{\"label\":\"id\",\"searchable\":true,\"sortable\":true}},\"action\":{\"edit\":{\"label\":\"action\",\"description\":\"\",\"placeholder\":\"\",\"visible\":true,\"editable\":true},\"list\":{\"label\":\"action\",\"searchable\":true,\"sortable\":true}},\"token\":{\"edit\":{\"label\":\"token\",\"description\":\"\",\"placeholder\":\"\",\"visible\":true,\"editable\":true,\"mainField\":\"name\"},\"list\":{\"label\":\"token\",\"searchable\":true,\"sortable\":true}},\"createdAt\":{\"edit\":{\"label\":\"createdAt\",\"description\":\"\",\"placeholder\":\"\",\"visible\":false,\"editable\":true},\"list\":{\"label\":\"createdAt\",\"searchable\":true,\"sortable\":true}},\"updatedAt\":{\"edit\":{\"label\":\"updatedAt\",\"description\":\"\",\"placeholder\":\"\",\"visible\":false,\"editable\":true},\"list\":{\"label\":\"updatedAt\",\"searchable\":true,\"sortable\":true}},\"createdBy\":{\"edit\":{\"label\":\"createdBy\",\"description\":\"\",\"placeholder\":\"\",\"visible\":false,\"editable\":true,\"mainField\":\"firstname\"},\"list\":{\"label\":\"createdBy\",\"searchable\":true,\"sortable\":true}},\"updatedBy\":{\"edit\":{\"label\":\"updatedBy\",\"description\":\"\",\"placeholder\":\"\",\"visible\":false,\"editable\":true,\"mainField\":\"firstname\"},\"list\":{\"label\":\"updatedBy\",\"searchable\":true,\"sortable\":true}}},\"layouts\":{\"list\":[\"id\",\"action\",\"token\",\"createdAt\"],\"edit\":[[{\"name\":\"action\",\"size\":6},{\"name\":\"token\",\"size\":6}]]}}','object',NULL,NULL),(5,'plugin_content_manager_configuration_content_types::admin::transfer-token','{\"uid\":\"admin::transfer-token\",\"settings\":{\"bulkable\":true,\"filterable\":true,\"searchable\":true,\"pageSize\":10,\"mainField\":\"name\",\"defaultSortBy\":\"name\",\"defaultSortOrder\":\"ASC\"},\"metadatas\":{\"id\":{\"edit\":{},\"list\":{\"label\":\"id\",\"searchable\":true,\"sortable\":true}},\"name\":{\"edit\":{\"label\":\"name\",\"description\":\"\",\"placeholder\":\"\",\"visible\":true,\"editable\":true},\"list\":{\"label\":\"name\",\"searchable\":true,\"sortable\":true}},\"description\":{\"edit\":{\"label\":\"description\",\"description\":\"\",\"placeholder\":\"\",\"visible\":true,\"editable\":true},\"list\":{\"label\":\"description\",\"searchable\":true,\"sortable\":true}},\"accessKey\":{\"edit\":{\"label\":\"accessKey\",\"description\":\"\",\"placeholder\":\"\",\"visible\":true,\"editable\":true},\"list\":{\"label\":\"accessKey\",\"searchable\":true,\"sortable\":true}},\"lastUsedAt\":{\"edit\":{\"label\":\"lastUsedAt\",\"description\":\"\",\"placeholder\":\"\",\"visible\":true,\"editable\":true},\"list\":{\"label\":\"lastUsedAt\",\"searchable\":true,\"sortable\":true}},\"permissions\":{\"edit\":{\"label\":\"permissions\",\"description\":\"\",\"placeholder\":\"\",\"visible\":true,\"editable\":true,\"mainField\":\"action\"},\"list\":{\"label\":\"permissions\",\"searchable\":false,\"sortable\":false}},\"expiresAt\":{\"edit\":{\"label\":\"expiresAt\",\"description\":\"\",\"placeholder\":\"\",\"visible\":true,\"editable\":true},\"list\":{\"label\":\"expiresAt\",\"searchable\":true,\"sortable\":true}},\"lifespan\":{\"edit\":{\"label\":\"lifespan\",\"description\":\"\",\"placeholder\":\"\",\"visible\":true,\"editable\":true},\"list\":{\"label\":\"lifespan\",\"searchable\":true,\"sortable\":true}},\"createdAt\":{\"edit\":{\"label\":\"createdAt\",\"description\":\"\",\"placeholder\":\"\",\"visible\":false,\"editable\":true},\"list\":{\"label\":\"createdAt\",\"searchable\":true,\"sortable\":true}},\"updatedAt\":{\"edit\":{\"label\":\"updatedAt\",\"description\":\"\",\"placeholder\":\"\",\"visible\":false,\"editable\":true},\"list\":{\"label\":\"updatedAt\",\"searchable\":true,\"sortable\":true}},\"createdBy\":{\"edit\":{\"label\":\"createdBy\",\"description\":\"\",\"placeholder\":\"\",\"visible\":false,\"editable\":true,\"mainField\":\"firstname\"},\"list\":{\"label\":\"createdBy\",\"searchable\":true,\"sortable\":true}},\"updatedBy\":{\"edit\":{\"label\":\"updatedBy\",\"description\":\"\",\"placeholder\":\"\",\"visible\":false,\"editable\":true,\"mainField\":\"firstname\"},\"list\":{\"label\":\"updatedBy\",\"searchable\":true,\"sortable\":true}}},\"layouts\":{\"list\":[\"id\",\"name\",\"description\",\"accessKey\"],\"edit\":[[{\"name\":\"name\",\"size\":6},{\"name\":\"description\",\"size\":6}],[{\"name\":\"accessKey\",\"size\":6},{\"name\":\"lastUsedAt\",\"size\":6}],[{\"name\":\"permissions\",\"size\":6},{\"name\":\"expiresAt\",\"size\":6}],[{\"name\":\"lifespan\",\"size\":4}]]}}','object',NULL,NULL),(6,'plugin_content_manager_configuration_content_types::admin::transfer-token-permission','{\"uid\":\"admin::transfer-token-permission\",\"settings\":{\"bulkable\":true,\"filterable\":true,\"searchable\":true,\"pageSize\":10,\"mainField\":\"action\",\"defaultSortBy\":\"action\",\"defaultSortOrder\":\"ASC\"},\"metadatas\":{\"id\":{\"edit\":{},\"list\":{\"label\":\"id\",\"searchable\":true,\"sortable\":true}},\"action\":{\"edit\":{\"label\":\"action\",\"description\":\"\",\"placeholder\":\"\",\"visible\":true,\"editable\":true},\"list\":{\"label\":\"action\",\"searchable\":true,\"sortable\":true}},\"token\":{\"edit\":{\"label\":\"token\",\"description\":\"\",\"placeholder\":\"\",\"visible\":true,\"editable\":true,\"mainField\":\"name\"},\"list\":{\"label\":\"token\",\"searchable\":true,\"sortable\":true}},\"createdAt\":{\"edit\":{\"label\":\"createdAt\",\"description\":\"\",\"placeholder\":\"\",\"visible\":false,\"editable\":true},\"list\":{\"label\":\"createdAt\",\"searchable\":true,\"sortable\":true}},\"updatedAt\":{\"edit\":{\"label\":\"updatedAt\",\"description\":\"\",\"placeholder\":\"\",\"visible\":false,\"editable\":true},\"list\":{\"label\":\"updatedAt\",\"searchable\":true,\"sortable\":true}},\"createdBy\":{\"edit\":{\"label\":\"createdBy\",\"description\":\"\",\"placeholder\":\"\",\"visible\":false,\"editable\":true,\"mainField\":\"firstname\"},\"list\":{\"label\":\"createdBy\",\"searchable\":true,\"sortable\":true}},\"updatedBy\":{\"edit\":{\"label\":\"updatedBy\",\"description\":\"\",\"placeholder\":\"\",\"visible\":false,\"editable\":true,\"mainField\":\"firstname\"},\"list\":{\"label\":\"updatedBy\",\"searchable\":true,\"sortable\":true}}},\"layouts\":{\"list\":[\"id\",\"action\",\"token\",\"createdAt\"],\"edit\":[[{\"name\":\"action\",\"size\":6},{\"name\":\"token\",\"size\":6}]]}}','object',NULL,NULL),(7,'plugin_content_manager_configuration_content_types::plugin::upload.file','{\"uid\":\"plugin::upload.file\",\"settings\":{\"bulkable\":true,\"filterable\":true,\"searchable\":true,\"pageSize\":10,\"mainField\":\"name\",\"defaultSortBy\":\"name\",\"defaultSortOrder\":\"ASC\"},\"metadatas\":{\"id\":{\"edit\":{},\"list\":{\"label\":\"id\",\"searchable\":true,\"sortable\":true}},\"name\":{\"edit\":{\"label\":\"name\",\"description\":\"\",\"placeholder\":\"\",\"visible\":true,\"editable\":true},\"list\":{\"label\":\"name\",\"searchable\":true,\"sortable\":true}},\"alternativeText\":{\"edit\":{\"label\":\"alternativeText\",\"description\":\"\",\"placeholder\":\"\",\"visible\":true,\"editable\":true},\"list\":{\"label\":\"alternativeText\",\"searchable\":true,\"sortable\":true}},\"caption\":{\"edit\":{\"label\":\"caption\",\"description\":\"\",\"placeholder\":\"\",\"visible\":true,\"editable\":true},\"list\":{\"label\":\"caption\",\"searchable\":true,\"sortable\":true}},\"width\":{\"edit\":{\"label\":\"width\",\"description\":\"\",\"placeholder\":\"\",\"visible\":true,\"editable\":true},\"list\":{\"label\":\"width\",\"searchable\":true,\"sortable\":true}},\"height\":{\"edit\":{\"label\":\"height\",\"description\":\"\",\"placeholder\":\"\",\"visible\":true,\"editable\":true},\"list\":{\"label\":\"height\",\"searchable\":true,\"sortable\":true}},\"formats\":{\"edit\":{\"label\":\"formats\",\"description\":\"\",\"placeholder\":\"\",\"visible\":true,\"editable\":true},\"list\":{\"label\":\"formats\",\"searchable\":false,\"sortable\":false}},\"hash\":{\"edit\":{\"label\":\"hash\",\"description\":\"\",\"placeholder\":\"\",\"visible\":true,\"editable\":true},\"list\":{\"label\":\"hash\",\"searchable\":true,\"sortable\":true}},\"ext\":{\"edit\":{\"label\":\"ext\",\"description\":\"\",\"placeholder\":\"\",\"visible\":true,\"editable\":true},\"list\":{\"label\":\"ext\",\"searchable\":true,\"sortable\":true}},\"mime\":{\"edit\":{\"label\":\"mime\",\"description\":\"\",\"placeholder\":\"\",\"visible\":true,\"editable\":true},\"list\":{\"label\":\"mime\",\"searchable\":true,\"sortable\":true}},\"size\":{\"edit\":{\"label\":\"size\",\"description\":\"\",\"placeholder\":\"\",\"visible\":true,\"editable\":true},\"list\":{\"label\":\"size\",\"searchable\":true,\"sortable\":true}},\"url\":{\"edit\":{\"label\":\"url\",\"description\":\"\",\"placeholder\":\"\",\"visible\":true,\"editable\":true},\"list\":{\"label\":\"url\",\"searchable\":true,\"sortable\":true}},\"previewUrl\":{\"edit\":{\"label\":\"previewUrl\",\"description\":\"\",\"placeholder\":\"\",\"visible\":true,\"editable\":true},\"list\":{\"label\":\"previewUrl\",\"searchable\":true,\"sortable\":true}},\"provider\":{\"edit\":{\"label\":\"provider\",\"description\":\"\",\"placeholder\":\"\",\"visible\":true,\"editable\":true},\"list\":{\"label\":\"provider\",\"searchable\":true,\"sortable\":true}},\"provider_metadata\":{\"edit\":{\"label\":\"provider_metadata\",\"description\":\"\",\"placeholder\":\"\",\"visible\":true,\"editable\":true},\"list\":{\"label\":\"provider_metadata\",\"searchable\":false,\"sortable\":false}},\"folder\":{\"edit\":{\"label\":\"folder\",\"description\":\"\",\"placeholder\":\"\",\"visible\":true,\"editable\":true,\"mainField\":\"name\"},\"list\":{\"label\":\"folder\",\"searchable\":true,\"sortable\":true}},\"folderPath\":{\"edit\":{\"label\":\"folderPath\",\"description\":\"\",\"placeholder\":\"\",\"visible\":true,\"editable\":true},\"list\":{\"label\":\"folderPath\",\"searchable\":true,\"sortable\":true}},\"createdAt\":{\"edit\":{\"label\":\"createdAt\",\"description\":\"\",\"placeholder\":\"\",\"visible\":false,\"editable\":true},\"list\":{\"label\":\"createdAt\",\"searchable\":true,\"sortable\":true}},\"updatedAt\":{\"edit\":{\"label\":\"updatedAt\",\"description\":\"\",\"placeholder\":\"\",\"visible\":false,\"editable\":true},\"list\":{\"label\":\"updatedAt\",\"searchable\":true,\"sortable\":true}},\"createdBy\":{\"edit\":{\"label\":\"createdBy\",\"description\":\"\",\"placeholder\":\"\",\"visible\":false,\"editable\":true,\"mainField\":\"firstname\"},\"list\":{\"label\":\"createdBy\",\"searchable\":true,\"sortable\":true}},\"updatedBy\":{\"edit\":{\"label\":\"updatedBy\",\"description\":\"\",\"placeholder\":\"\",\"visible\":false,\"editable\":true,\"mainField\":\"firstname\"},\"list\":{\"label\":\"updatedBy\",\"searchable\":true,\"sortable\":true}}},\"layouts\":{\"list\":[\"id\",\"name\",\"alternativeText\",\"caption\"],\"edit\":[[{\"name\":\"name\",\"size\":6},{\"name\":\"alternativeText\",\"size\":6}],[{\"name\":\"caption\",\"size\":6},{\"name\":\"width\",\"size\":4}],[{\"name\":\"height\",\"size\":4}],[{\"name\":\"formats\",\"size\":12}],[{\"name\":\"hash\",\"size\":6},{\"name\":\"ext\",\"size\":6}],[{\"name\":\"mime\",\"size\":6},{\"name\":\"size\",\"size\":4}],[{\"name\":\"url\",\"size\":6},{\"name\":\"previewUrl\",\"size\":6}],[{\"name\":\"provider\",\"size\":6}],[{\"name\":\"provider_metadata\",\"size\":12}],[{\"name\":\"folder\",\"size\":6},{\"name\":\"folderPath\",\"size\":6}]]}}','object',NULL,NULL),(8,'plugin_content_manager_configuration_content_types::plugin::upload.folder','{\"uid\":\"plugin::upload.folder\",\"settings\":{\"bulkable\":true,\"filterable\":true,\"searchable\":true,\"pageSize\":10,\"mainField\":\"name\",\"defaultSortBy\":\"name\",\"defaultSortOrder\":\"ASC\"},\"metadatas\":{\"id\":{\"edit\":{},\"list\":{\"label\":\"id\",\"searchable\":true,\"sortable\":true}},\"name\":{\"edit\":{\"label\":\"name\",\"description\":\"\",\"placeholder\":\"\",\"visible\":true,\"editable\":true},\"list\":{\"label\":\"name\",\"searchable\":true,\"sortable\":true}},\"pathId\":{\"edit\":{\"label\":\"pathId\",\"description\":\"\",\"placeholder\":\"\",\"visible\":true,\"editable\":true},\"list\":{\"label\":\"pathId\",\"searchable\":true,\"sortable\":true}},\"parent\":{\"edit\":{\"label\":\"parent\",\"description\":\"\",\"placeholder\":\"\",\"visible\":true,\"editable\":true,\"mainField\":\"name\"},\"list\":{\"label\":\"parent\",\"searchable\":true,\"sortable\":true}},\"children\":{\"edit\":{\"label\":\"children\",\"description\":\"\",\"placeholder\":\"\",\"visible\":true,\"editable\":true,\"mainField\":\"name\"},\"list\":{\"label\":\"children\",\"searchable\":false,\"sortable\":false}},\"files\":{\"edit\":{\"label\":\"files\",\"description\":\"\",\"placeholder\":\"\",\"visible\":true,\"editable\":true,\"mainField\":\"name\"},\"list\":{\"label\":\"files\",\"searchable\":false,\"sortable\":false}},\"path\":{\"edit\":{\"label\":\"path\",\"description\":\"\",\"placeholder\":\"\",\"visible\":true,\"editable\":true},\"list\":{\"label\":\"path\",\"searchable\":true,\"sortable\":true}},\"createdAt\":{\"edit\":{\"label\":\"createdAt\",\"description\":\"\",\"placeholder\":\"\",\"visible\":false,\"editable\":true},\"list\":{\"label\":\"createdAt\",\"searchable\":true,\"sortable\":true}},\"updatedAt\":{\"edit\":{\"label\":\"updatedAt\",\"description\":\"\",\"placeholder\":\"\",\"visible\":false,\"editable\":true},\"list\":{\"label\":\"updatedAt\",\"searchable\":true,\"sortable\":true}},\"createdBy\":{\"edit\":{\"label\":\"createdBy\",\"description\":\"\",\"placeholder\":\"\",\"visible\":false,\"editable\":true,\"mainField\":\"firstname\"},\"list\":{\"label\":\"createdBy\",\"searchable\":true,\"sortable\":true}},\"updatedBy\":{\"edit\":{\"label\":\"updatedBy\",\"description\":\"\",\"placeholder\":\"\",\"visible\":false,\"editable\":true,\"mainField\":\"firstname\"},\"list\":{\"label\":\"updatedBy\",\"searchable\":true,\"sortable\":true}}},\"layouts\":{\"list\":[\"id\",\"name\",\"pathId\",\"parent\"],\"edit\":[[{\"name\":\"name\",\"size\":6},{\"name\":\"pathId\",\"size\":4}],[{\"name\":\"parent\",\"size\":6},{\"name\":\"children\",\"size\":6}],[{\"name\":\"files\",\"size\":6},{\"name\":\"path\",\"size\":6}]]}}','object',NULL,NULL),(9,'plugin_content_manager_configuration_content_types::plugin::users-permissions.permission','{\"uid\":\"plugin::users-permissions.permission\",\"settings\":{\"bulkable\":true,\"filterable\":true,\"searchable\":true,\"pageSize\":10,\"mainField\":\"action\",\"defaultSortBy\":\"action\",\"defaultSortOrder\":\"ASC\"},\"metadatas\":{\"id\":{\"edit\":{},\"list\":{\"label\":\"id\",\"searchable\":true,\"sortable\":true}},\"action\":{\"edit\":{\"label\":\"action\",\"description\":\"\",\"placeholder\":\"\",\"visible\":true,\"editable\":true},\"list\":{\"label\":\"action\",\"searchable\":true,\"sortable\":true}},\"role\":{\"edit\":{\"label\":\"role\",\"description\":\"\",\"placeholder\":\"\",\"visible\":true,\"editable\":true,\"mainField\":\"name\"},\"list\":{\"label\":\"role\",\"searchable\":true,\"sortable\":true}},\"createdAt\":{\"edit\":{\"label\":\"createdAt\",\"description\":\"\",\"placeholder\":\"\",\"visible\":false,\"editable\":true},\"list\":{\"label\":\"createdAt\",\"searchable\":true,\"sortable\":true}},\"updatedAt\":{\"edit\":{\"label\":\"updatedAt\",\"description\":\"\",\"placeholder\":\"\",\"visible\":false,\"editable\":true},\"list\":{\"label\":\"updatedAt\",\"searchable\":true,\"sortable\":true}},\"createdBy\":{\"edit\":{\"label\":\"createdBy\",\"description\":\"\",\"placeholder\":\"\",\"visible\":false,\"editable\":true,\"mainField\":\"firstname\"},\"list\":{\"label\":\"createdBy\",\"searchable\":true,\"sortable\":true}},\"updatedBy\":{\"edit\":{\"label\":\"updatedBy\",\"description\":\"\",\"placeholder\":\"\",\"visible\":false,\"editable\":true,\"mainField\":\"firstname\"},\"list\":{\"label\":\"updatedBy\",\"searchable\":true,\"sortable\":true}}},\"layouts\":{\"list\":[\"id\",\"action\",\"role\",\"createdAt\"],\"edit\":[[{\"name\":\"action\",\"size\":6},{\"name\":\"role\",\"size\":6}]]}}','object',NULL,NULL),(10,'plugin_content_manager_configuration_content_types::admin::user','{\"uid\":\"admin::user\",\"settings\":{\"bulkable\":true,\"filterable\":true,\"searchable\":true,\"pageSize\":10,\"mainField\":\"firstname\",\"defaultSortBy\":\"firstname\",\"defaultSortOrder\":\"ASC\"},\"metadatas\":{\"id\":{\"edit\":{},\"list\":{\"label\":\"id\",\"searchable\":true,\"sortable\":true}},\"firstname\":{\"edit\":{\"label\":\"firstname\",\"description\":\"\",\"placeholder\":\"\",\"visible\":true,\"editable\":true},\"list\":{\"label\":\"firstname\",\"searchable\":true,\"sortable\":true}},\"lastname\":{\"edit\":{\"label\":\"lastname\",\"description\":\"\",\"placeholder\":\"\",\"visible\":true,\"editable\":true},\"list\":{\"label\":\"lastname\",\"searchable\":true,\"sortable\":true}},\"username\":{\"edit\":{\"label\":\"username\",\"description\":\"\",\"placeholder\":\"\",\"visible\":true,\"editable\":true},\"list\":{\"label\":\"username\",\"searchable\":true,\"sortable\":true}},\"email\":{\"edit\":{\"label\":\"email\",\"description\":\"\",\"placeholder\":\"\",\"visible\":true,\"editable\":true},\"list\":{\"label\":\"email\",\"searchable\":true,\"sortable\":true}},\"password\":{\"edit\":{\"label\":\"password\",\"description\":\"\",\"placeholder\":\"\",\"visible\":true,\"editable\":true},\"list\":{\"label\":\"password\",\"searchable\":true,\"sortable\":true}},\"resetPasswordToken\":{\"edit\":{\"label\":\"resetPasswordToken\",\"description\":\"\",\"placeholder\":\"\",\"visible\":false,\"editable\":true},\"list\":{\"label\":\"resetPasswordToken\",\"searchable\":true,\"sortable\":true}},\"registrationToken\":{\"edit\":{\"label\":\"registrationToken\",\"description\":\"\",\"placeholder\":\"\",\"visible\":false,\"editable\":true},\"list\":{\"label\":\"registrationToken\",\"searchable\":true,\"sortable\":true}},\"isActive\":{\"edit\":{\"label\":\"isActive\",\"description\":\"\",\"placeholder\":\"\",\"visible\":true,\"editable\":true},\"list\":{\"label\":\"isActive\",\"searchable\":true,\"sortable\":true}},\"roles\":{\"edit\":{\"label\":\"roles\",\"description\":\"\",\"placeholder\":\"\",\"visible\":true,\"editable\":true,\"mainField\":\"name\"},\"list\":{\"label\":\"roles\",\"searchable\":false,\"sortable\":false}},\"blocked\":{\"edit\":{\"label\":\"blocked\",\"description\":\"\",\"placeholder\":\"\",\"visible\":true,\"editable\":true},\"list\":{\"label\":\"blocked\",\"searchable\":true,\"sortable\":true}},\"preferedLanguage\":{\"edit\":{\"label\":\"preferedLanguage\",\"description\":\"\",\"placeholder\":\"\",\"visible\":true,\"editable\":true},\"list\":{\"label\":\"preferedLanguage\",\"searchable\":true,\"sortable\":true}},\"createdAt\":{\"edit\":{\"label\":\"createdAt\",\"description\":\"\",\"placeholder\":\"\",\"visible\":false,\"editable\":true},\"list\":{\"label\":\"createdAt\",\"searchable\":true,\"sortable\":true}},\"updatedAt\":{\"edit\":{\"label\":\"updatedAt\",\"description\":\"\",\"placeholder\":\"\",\"visible\":false,\"editable\":true},\"list\":{\"label\":\"updatedAt\",\"searchable\":true,\"sortable\":true}},\"createdBy\":{\"edit\":{\"label\":\"createdBy\",\"description\":\"\",\"placeholder\":\"\",\"visible\":false,\"editable\":true,\"mainField\":\"firstname\"},\"list\":{\"label\":\"createdBy\",\"searchable\":true,\"sortable\":true}},\"updatedBy\":{\"edit\":{\"label\":\"updatedBy\",\"description\":\"\",\"placeholder\":\"\",\"visible\":false,\"editable\":true,\"mainField\":\"firstname\"},\"list\":{\"label\":\"updatedBy\",\"searchable\":true,\"sortable\":true}}},\"layouts\":{\"list\":[\"id\",\"firstname\",\"lastname\",\"username\"],\"edit\":[[{\"name\":\"firstname\",\"size\":6},{\"name\":\"lastname\",\"size\":6}],[{\"name\":\"username\",\"size\":6},{\"name\":\"email\",\"size\":6}],[{\"name\":\"password\",\"size\":6},{\"name\":\"isActive\",\"size\":4}],[{\"name\":\"roles\",\"size\":6},{\"name\":\"blocked\",\"size\":4}],[{\"name\":\"preferedLanguage\",\"size\":6}]]}}','object',NULL,NULL),(11,'plugin_content_manager_configuration_content_types::admin::role','{\"uid\":\"admin::role\",\"settings\":{\"bulkable\":true,\"filterable\":true,\"searchable\":true,\"pageSize\":10,\"mainField\":\"name\",\"defaultSortBy\":\"name\",\"defaultSortOrder\":\"ASC\"},\"metadatas\":{\"id\":{\"edit\":{},\"list\":{\"label\":\"id\",\"searchable\":true,\"sortable\":true}},\"name\":{\"edit\":{\"label\":\"name\",\"description\":\"\",\"placeholder\":\"\",\"visible\":true,\"editable\":true},\"list\":{\"label\":\"name\",\"searchable\":true,\"sortable\":true}},\"code\":{\"edit\":{\"label\":\"code\",\"description\":\"\",\"placeholder\":\"\",\"visible\":true,\"editable\":true},\"list\":{\"label\":\"code\",\"searchable\":true,\"sortable\":true}},\"description\":{\"edit\":{\"label\":\"description\",\"description\":\"\",\"placeholder\":\"\",\"visible\":true,\"editable\":true},\"list\":{\"label\":\"description\",\"searchable\":true,\"sortable\":true}},\"users\":{\"edit\":{\"label\":\"users\",\"description\":\"\",\"placeholder\":\"\",\"visible\":true,\"editable\":true,\"mainField\":\"firstname\"},\"list\":{\"label\":\"users\",\"searchable\":false,\"sortable\":false}},\"permissions\":{\"edit\":{\"label\":\"permissions\",\"description\":\"\",\"placeholder\":\"\",\"visible\":true,\"editable\":true,\"mainField\":\"action\"},\"list\":{\"label\":\"permissions\",\"searchable\":false,\"sortable\":false}},\"createdAt\":{\"edit\":{\"label\":\"createdAt\",\"description\":\"\",\"placeholder\":\"\",\"visible\":false,\"editable\":true},\"list\":{\"label\":\"createdAt\",\"searchable\":true,\"sortable\":true}},\"updatedAt\":{\"edit\":{\"label\":\"updatedAt\",\"description\":\"\",\"placeholder\":\"\",\"visible\":false,\"editable\":true},\"list\":{\"label\":\"updatedAt\",\"searchable\":true,\"sortable\":true}},\"createdBy\":{\"edit\":{\"label\":\"createdBy\",\"description\":\"\",\"placeholder\":\"\",\"visible\":false,\"editable\":true,\"mainField\":\"firstname\"},\"list\":{\"label\":\"createdBy\",\"searchable\":true,\"sortable\":true}},\"updatedBy\":{\"edit\":{\"label\":\"updatedBy\",\"description\":\"\",\"placeholder\":\"\",\"visible\":false,\"editable\":true,\"mainField\":\"firstname\"},\"list\":{\"label\":\"updatedBy\",\"searchable\":true,\"sortable\":true}}},\"layouts\":{\"list\":[\"id\",\"name\",\"code\",\"description\"],\"edit\":[[{\"name\":\"name\",\"size\":6},{\"name\":\"code\",\"size\":6}],[{\"name\":\"description\",\"size\":6},{\"name\":\"users\",\"size\":6}],[{\"name\":\"permissions\",\"size\":6}]]}}','object',NULL,NULL),(12,'plugin_content_manager_configuration_content_types::plugin::users-permissions.user','{\"uid\":\"plugin::users-permissions.user\",\"settings\":{\"bulkable\":true,\"filterable\":true,\"searchable\":true,\"pageSize\":10,\"mainField\":\"username\",\"defaultSortBy\":\"username\",\"defaultSortOrder\":\"ASC\"},\"metadatas\":{\"id\":{\"edit\":{},\"list\":{\"label\":\"id\",\"searchable\":true,\"sortable\":true}},\"username\":{\"edit\":{\"label\":\"username\",\"description\":\"\",\"placeholder\":\"\",\"visible\":true,\"editable\":true},\"list\":{\"label\":\"username\",\"searchable\":true,\"sortable\":true}},\"email\":{\"edit\":{\"label\":\"email\",\"description\":\"\",\"placeholder\":\"\",\"visible\":true,\"editable\":true},\"list\":{\"label\":\"email\",\"searchable\":true,\"sortable\":true}},\"provider\":{\"edit\":{\"label\":\"provider\",\"description\":\"\",\"placeholder\":\"\",\"visible\":false,\"editable\":true},\"list\":{\"label\":\"provider\",\"searchable\":true,\"sortable\":true}},\"password\":{\"edit\":{\"label\":\"password\",\"description\":\"\",\"placeholder\":\"\",\"visible\":true,\"editable\":true},\"list\":{\"label\":\"password\",\"searchable\":true,\"sortable\":true}},\"resetPasswordToken\":{\"edit\":{\"label\":\"resetPasswordToken\",\"description\":\"\",\"placeholder\":\"\",\"visible\":false,\"editable\":true},\"list\":{\"label\":\"resetPasswordToken\",\"searchable\":true,\"sortable\":true}},\"confirmationToken\":{\"edit\":{\"label\":\"confirmationToken\",\"description\":\"\",\"placeholder\":\"\",\"visible\":false,\"editable\":true},\"list\":{\"label\":\"confirmationToken\",\"searchable\":true,\"sortable\":true}},\"confirmed\":{\"edit\":{\"label\":\"confirmed\",\"description\":\"\",\"placeholder\":\"\",\"visible\":true,\"editable\":true},\"list\":{\"label\":\"confirmed\",\"searchable\":true,\"sortable\":true}},\"blocked\":{\"edit\":{\"label\":\"blocked\",\"description\":\"\",\"placeholder\":\"\",\"visible\":true,\"editable\":true},\"list\":{\"label\":\"blocked\",\"searchable\":true,\"sortable\":true}},\"role\":{\"edit\":{\"label\":\"role\",\"description\":\"\",\"placeholder\":\"\",\"visible\":true,\"editable\":true,\"mainField\":\"name\"},\"list\":{\"label\":\"role\",\"searchable\":true,\"sortable\":true}},\"createdAt\":{\"edit\":{\"label\":\"createdAt\",\"description\":\"\",\"placeholder\":\"\",\"visible\":false,\"editable\":true},\"list\":{\"label\":\"createdAt\",\"searchable\":true,\"sortable\":true}},\"updatedAt\":{\"edit\":{\"label\":\"updatedAt\",\"description\":\"\",\"placeholder\":\"\",\"visible\":false,\"editable\":true},\"list\":{\"label\":\"updatedAt\",\"searchable\":true,\"sortable\":true}},\"createdBy\":{\"edit\":{\"label\":\"createdBy\",\"description\":\"\",\"placeholder\":\"\",\"visible\":false,\"editable\":true,\"mainField\":\"firstname\"},\"list\":{\"label\":\"createdBy\",\"searchable\":true,\"sortable\":true}},\"updatedBy\":{\"edit\":{\"label\":\"updatedBy\",\"description\":\"\",\"placeholder\":\"\",\"visible\":false,\"editable\":true,\"mainField\":\"firstname\"},\"list\":{\"label\":\"updatedBy\",\"searchable\":true,\"sortable\":true}}},\"layouts\":{\"list\":[\"id\",\"username\",\"email\",\"confirmed\"],\"edit\":[[{\"name\":\"username\",\"size\":6},{\"name\":\"email\",\"size\":6}],[{\"name\":\"password\",\"size\":6},{\"name\":\"confirmed\",\"size\":4}],[{\"name\":\"blocked\",\"size\":4},{\"name\":\"role\",\"size\":6}]]}}','object',NULL,NULL),(13,'plugin_content_manager_configuration_content_types::plugin::i18n.locale','{\"uid\":\"plugin::i18n.locale\",\"settings\":{\"bulkable\":true,\"filterable\":true,\"searchable\":true,\"pageSize\":10,\"mainField\":\"name\",\"defaultSortBy\":\"name\",\"defaultSortOrder\":\"ASC\"},\"metadatas\":{\"id\":{\"edit\":{},\"list\":{\"label\":\"id\",\"searchable\":true,\"sortable\":true}},\"name\":{\"edit\":{\"label\":\"name\",\"description\":\"\",\"placeholder\":\"\",\"visible\":true,\"editable\":true},\"list\":{\"label\":\"name\",\"searchable\":true,\"sortable\":true}},\"code\":{\"edit\":{\"label\":\"code\",\"description\":\"\",\"placeholder\":\"\",\"visible\":true,\"editable\":true},\"list\":{\"label\":\"code\",\"searchable\":true,\"sortable\":true}},\"createdAt\":{\"edit\":{\"label\":\"createdAt\",\"description\":\"\",\"placeholder\":\"\",\"visible\":false,\"editable\":true},\"list\":{\"label\":\"createdAt\",\"searchable\":true,\"sortable\":true}},\"updatedAt\":{\"edit\":{\"label\":\"updatedAt\",\"description\":\"\",\"placeholder\":\"\",\"visible\":false,\"editable\":true},\"list\":{\"label\":\"updatedAt\",\"searchable\":true,\"sortable\":true}},\"createdBy\":{\"edit\":{\"label\":\"createdBy\",\"description\":\"\",\"placeholder\":\"\",\"visible\":false,\"editable\":true,\"mainField\":\"firstname\"},\"list\":{\"label\":\"createdBy\",\"searchable\":true,\"sortable\":true}},\"updatedBy\":{\"edit\":{\"label\":\"updatedBy\",\"description\":\"\",\"placeholder\":\"\",\"visible\":false,\"editable\":true,\"mainField\":\"firstname\"},\"list\":{\"label\":\"updatedBy\",\"searchable\":true,\"sortable\":true}}},\"layouts\":{\"list\":[\"id\",\"name\",\"code\",\"createdAt\"],\"edit\":[[{\"name\":\"name\",\"size\":6},{\"name\":\"code\",\"size\":6}]]}}','object',NULL,NULL),(14,'plugin_content_manager_configuration_content_types::plugin::users-permissions.role','{\"uid\":\"plugin::users-permissions.role\",\"settings\":{\"bulkable\":true,\"filterable\":true,\"searchable\":true,\"pageSize\":10,\"mainField\":\"name\",\"defaultSortBy\":\"name\",\"defaultSortOrder\":\"ASC\"},\"metadatas\":{\"id\":{\"edit\":{},\"list\":{\"label\":\"id\",\"searchable\":true,\"sortable\":true}},\"name\":{\"edit\":{\"label\":\"name\",\"description\":\"\",\"placeholder\":\"\",\"visible\":true,\"editable\":true},\"list\":{\"label\":\"name\",\"searchable\":true,\"sortable\":true}},\"description\":{\"edit\":{\"label\":\"description\",\"description\":\"\",\"placeholder\":\"\",\"visible\":true,\"editable\":true},\"list\":{\"label\":\"description\",\"searchable\":true,\"sortable\":true}},\"type\":{\"edit\":{\"label\":\"type\",\"description\":\"\",\"placeholder\":\"\",\"visible\":true,\"editable\":true},\"list\":{\"label\":\"type\",\"searchable\":true,\"sortable\":true}},\"permissions\":{\"edit\":{\"label\":\"permissions\",\"description\":\"\",\"placeholder\":\"\",\"visible\":true,\"editable\":true,\"mainField\":\"action\"},\"list\":{\"label\":\"permissions\",\"searchable\":false,\"sortable\":false}},\"users\":{\"edit\":{\"label\":\"users\",\"description\":\"\",\"placeholder\":\"\",\"visible\":true,\"editable\":true,\"mainField\":\"username\"},\"list\":{\"label\":\"users\",\"searchable\":false,\"sortable\":false}},\"createdAt\":{\"edit\":{\"label\":\"createdAt\",\"description\":\"\",\"placeholder\":\"\",\"visible\":false,\"editable\":true},\"list\":{\"label\":\"createdAt\",\"searchable\":true,\"sortable\":true}},\"updatedAt\":{\"edit\":{\"label\":\"updatedAt\",\"description\":\"\",\"placeholder\":\"\",\"visible\":false,\"editable\":true},\"list\":{\"label\":\"updatedAt\",\"searchable\":true,\"sortable\":true}},\"createdBy\":{\"edit\":{\"label\":\"createdBy\",\"description\":\"\",\"placeholder\":\"\",\"visible\":false,\"editable\":true,\"mainField\":\"firstname\"},\"list\":{\"label\":\"createdBy\",\"searchable\":true,\"sortable\":true}},\"updatedBy\":{\"edit\":{\"label\":\"updatedBy\",\"description\":\"\",\"placeholder\":\"\",\"visible\":false,\"editable\":true,\"mainField\":\"firstname\"},\"list\":{\"label\":\"updatedBy\",\"searchable\":true,\"sortable\":true}}},\"layouts\":{\"list\":[\"id\",\"name\",\"description\",\"type\"],\"edit\":[[{\"name\":\"name\",\"size\":6},{\"name\":\"description\",\"size\":6}],[{\"name\":\"type\",\"size\":6},{\"name\":\"permissions\",\"size\":6}],[{\"name\":\"users\",\"size\":6}]]}}','object',NULL,NULL),(15,'plugin_upload_settings','{\"sizeOptimization\":true,\"responsiveDimensions\":true,\"autoOrientation\":false}','object',NULL,NULL),(16,'plugin_upload_view_configuration','{\"pageSize\":10,\"sort\":\"createdAt:DESC\"}','object',NULL,NULL),(17,'plugin_upload_metrics','{\"weeklySchedule\":\"1 58 11 * * 2\",\"lastWeeklyUpdate\":1702987081038}','object',NULL,NULL),(18,'plugin_users-permissions_grant','{\"email\":{\"enabled\":true,\"icon\":\"envelope\"},\"discord\":{\"enabled\":false,\"icon\":\"discord\",\"key\":\"\",\"secret\":\"\",\"callback\":\"api/auth/discord/callback\",\"scope\":[\"identify\",\"email\"]},\"facebook\":{\"enabled\":false,\"icon\":\"facebook-square\",\"key\":\"\",\"secret\":\"\",\"callback\":\"api/auth/facebook/callback\",\"scope\":[\"email\"]},\"google\":{\"enabled\":false,\"icon\":\"google\",\"key\":\"\",\"secret\":\"\",\"callback\":\"api/auth/google/callback\",\"scope\":[\"email\"]},\"github\":{\"enabled\":false,\"icon\":\"github\",\"key\":\"\",\"secret\":\"\",\"callback\":\"api/auth/github/callback\",\"scope\":[\"user\",\"user:email\"]},\"microsoft\":{\"enabled\":false,\"icon\":\"windows\",\"key\":\"\",\"secret\":\"\",\"callback\":\"api/auth/microsoft/callback\",\"scope\":[\"user.read\"]},\"twitter\":{\"enabled\":false,\"icon\":\"twitter\",\"key\":\"\",\"secret\":\"\",\"callback\":\"api/auth/twitter/callback\"},\"instagram\":{\"enabled\":false,\"icon\":\"instagram\",\"key\":\"\",\"secret\":\"\",\"callback\":\"api/auth/instagram/callback\",\"scope\":[\"user_profile\"]},\"vk\":{\"enabled\":false,\"icon\":\"vk\",\"key\":\"\",\"secret\":\"\",\"callback\":\"api/auth/vk/callback\",\"scope\":[\"email\"]},\"twitch\":{\"enabled\":false,\"icon\":\"twitch\",\"key\":\"\",\"secret\":\"\",\"callback\":\"api/auth/twitch/callback\",\"scope\":[\"user:read:email\"]},\"linkedin\":{\"enabled\":false,\"icon\":\"linkedin\",\"key\":\"\",\"secret\":\"\",\"callback\":\"api/auth/linkedin/callback\",\"scope\":[\"r_liteprofile\",\"r_emailaddress\"]},\"cognito\":{\"enabled\":false,\"icon\":\"aws\",\"key\":\"\",\"secret\":\"\",\"subdomain\":\"my.subdomain.com\",\"callback\":\"api/auth/cognito/callback\",\"scope\":[\"email\",\"openid\",\"profile\"]},\"reddit\":{\"enabled\":false,\"icon\":\"reddit\",\"key\":\"\",\"secret\":\"\",\"state\":true,\"callback\":\"api/auth/reddit/callback\",\"scope\":[\"identity\"]},\"auth0\":{\"enabled\":false,\"icon\":\"\",\"key\":\"\",\"secret\":\"\",\"subdomain\":\"my-tenant.eu\",\"callback\":\"api/auth/auth0/callback\",\"scope\":[\"openid\",\"email\",\"profile\"]},\"cas\":{\"enabled\":false,\"icon\":\"book\",\"key\":\"\",\"secret\":\"\",\"callback\":\"api/auth/cas/callback\",\"scope\":[\"openid email\"],\"subdomain\":\"my.subdomain.com/cas\"},\"patreon\":{\"enabled\":false,\"icon\":\"\",\"key\":\"\",\"secret\":\"\",\"callback\":\"api/auth/patreon/callback\",\"scope\":[\"identity\",\"identity[email]\"]}}','object',NULL,NULL),(19,'plugin_users-permissions_email','{\"reset_password\":{\"display\":\"Email.template.reset_password\",\"icon\":\"sync\",\"options\":{\"from\":{\"name\":\"Administration Panel\",\"email\":\"no-reply@strapi.io\"},\"response_email\":\"\",\"object\":\"Reset password\",\"message\":\"<p>We heard that you lost your password. Sorry about that!</p>\\n\\n<p>But dont worry! You can use the following link to reset your password:</p>\\n<p><%= URL %>?code=<%= TOKEN %></p>\\n\\n<p>Thanks.</p>\"}},\"email_confirmation\":{\"display\":\"Email.template.email_confirmation\",\"icon\":\"check-square\",\"options\":{\"from\":{\"name\":\"Administration Panel\",\"email\":\"no-reply@strapi.io\"},\"response_email\":\"\",\"object\":\"Account confirmation\",\"message\":\"<p>Thank you for registering!</p>\\n\\n<p>You have to confirm your email address. Please click on the link below.</p>\\n\\n<p><%= URL %>?confirmation=<%= CODE %></p>\\n\\n<p>Thanks.</p>\"}}}','object',NULL,NULL),(20,'plugin_users-permissions_advanced','{\"unique_email\":true,\"allow_register\":true,\"email_confirmation\":false,\"email_reset_password\":null,\"email_confirmation_redirection\":null,\"default_role\":\"authenticated\"}','object',NULL,NULL),(21,'plugin_i18n_default_locale','\"en\"','string',NULL,NULL),(22,'core_admin_auth','{\"providers\":{\"autoRegister\":false,\"defaultRole\":null,\"ssoLockedRoles\":null}}','object',NULL,NULL),(28,'plugin_content_manager_configuration_content_types::api::site-configuration.site-configuration','{\"uid\":\"api::site-configuration.site-configuration\",\"settings\":{\"bulkable\":true,\"filterable\":true,\"searchable\":true,\"pageSize\":10,\"mainField\":\"Name\",\"defaultSortBy\":\"Name\",\"defaultSortOrder\":\"ASC\"},\"metadatas\":{\"id\":{\"edit\":{},\"list\":{\"label\":\"id\",\"searchable\":true,\"sortable\":true}},\"Name\":{\"edit\":{\"label\":\"Name\",\"description\":\"\",\"placeholder\":\"\",\"visible\":true,\"editable\":true},\"list\":{\"label\":\"Name\",\"searchable\":true,\"sortable\":true}},\"Url\":{\"edit\":{\"label\":\"Url\",\"description\":\"\",\"placeholder\":\"\",\"visible\":true,\"editable\":true},\"list\":{\"label\":\"Url\",\"searchable\":true,\"sortable\":true}},\"Logo\":{\"edit\":{\"label\":\"Logo\",\"description\":\"\",\"placeholder\":\"\",\"visible\":true,\"editable\":true},\"list\":{\"label\":\"Logo\",\"searchable\":false,\"sortable\":false}},\"Social_Links\":{\"edit\":{\"label\":\"Social_Links\",\"description\":\"\",\"placeholder\":\"\",\"visible\":true,\"editable\":true},\"list\":{\"label\":\"Social_Links\",\"searchable\":false,\"sortable\":false}},\"Footer_Menu_Links\":{\"edit\":{\"label\":\"Footer_Menu_Links\",\"description\":\"\",\"placeholder\":\"\",\"visible\":true,\"editable\":true},\"list\":{\"label\":\"Footer_Menu_Links\",\"searchable\":false,\"sortable\":false}},\"Phone_Number\":{\"edit\":{\"label\":\"Phone_Number\",\"description\":\"\",\"placeholder\":\"\",\"visible\":true,\"editable\":true},\"list\":{\"label\":\"Phone_Number\",\"searchable\":true,\"sortable\":true}},\"Email_Id\":{\"edit\":{\"label\":\"Email_Id\",\"description\":\"\",\"placeholder\":\"\",\"visible\":true,\"editable\":true},\"list\":{\"label\":\"Email_Id\",\"searchable\":true,\"sortable\":true}},\"Address\":{\"edit\":{\"label\":\"Address\",\"description\":\"\",\"placeholder\":\"\",\"visible\":true,\"editable\":true},\"list\":{\"label\":\"Address\",\"searchable\":false,\"sortable\":false}},\"Copy_Write\":{\"edit\":{\"label\":\"Copy_Write\",\"description\":\"\",\"placeholder\":\"\",\"visible\":true,\"editable\":true},\"list\":{\"label\":\"Copy_Write\",\"searchable\":true,\"sortable\":true}},\"Contacts\":{\"edit\":{\"label\":\"Contacts\",\"description\":\"\",\"placeholder\":\"\",\"visible\":true,\"editable\":true},\"list\":{\"label\":\"Contacts\",\"searchable\":false,\"sortable\":false}},\"Top_Menu\":{\"edit\":{\"label\":\"Top_Menu\",\"description\":\"\",\"placeholder\":\"\",\"visible\":true,\"editable\":true},\"list\":{\"label\":\"Top_Menu\",\"searchable\":false,\"sortable\":false}},\"Popular_Search\":{\"edit\":{\"label\":\"Popular_Search\",\"description\":\"\",\"placeholder\":\"\",\"visible\":true,\"editable\":true},\"list\":{\"label\":\"Popular_Search\",\"searchable\":false,\"sortable\":false}},\"Privacy_Policy\":{\"edit\":{\"label\":\"Privacy_Policy\",\"description\":\"\",\"placeholder\":\"\",\"visible\":true,\"editable\":true,\"mainField\":\"Name\"},\"list\":{\"label\":\"Privacy_Policy\",\"searchable\":true,\"sortable\":true}},\"Terms_Conditions\":{\"edit\":{\"label\":\"Terms_Conditions\",\"description\":\"\",\"placeholder\":\"\",\"visible\":true,\"editable\":true,\"mainField\":\"Name\"},\"list\":{\"label\":\"Terms_Conditions\",\"searchable\":true,\"sortable\":true}},\"Logo2\":{\"edit\":{\"label\":\"Logo2\",\"description\":\"\",\"placeholder\":\"\",\"visible\":true,\"editable\":true},\"list\":{\"label\":\"Logo2\",\"searchable\":false,\"sortable\":false}},\"Logo3\":{\"edit\":{\"label\":\"Logo3\",\"description\":\"\",\"placeholder\":\"\",\"visible\":true,\"editable\":true},\"list\":{\"label\":\"Logo3\",\"searchable\":false,\"sortable\":false}},\"Mail_Template_Header\":{\"edit\":{\"label\":\"Mail_Template_Header\",\"description\":\"\",\"placeholder\":\"\",\"visible\":true,\"editable\":true},\"list\":{\"label\":\"Mail_Template_Header\",\"searchable\":true,\"sortable\":true}},\"Mail_Template_Footer\":{\"edit\":{\"label\":\"Mail_Template_Footer\",\"description\":\"\",\"placeholder\":\"\",\"visible\":true,\"editable\":true},\"list\":{\"label\":\"Mail_Template_Footer\",\"searchable\":true,\"sortable\":true}},\"createdAt\":{\"edit\":{\"label\":\"createdAt\",\"description\":\"\",\"placeholder\":\"\",\"visible\":false,\"editable\":true},\"list\":{\"label\":\"createdAt\",\"searchable\":true,\"sortable\":true}},\"updatedAt\":{\"edit\":{\"label\":\"updatedAt\",\"description\":\"\",\"placeholder\":\"\",\"visible\":false,\"editable\":true},\"list\":{\"label\":\"updatedAt\",\"searchable\":true,\"sortable\":true}},\"createdBy\":{\"edit\":{\"label\":\"createdBy\",\"description\":\"\",\"placeholder\":\"\",\"visible\":false,\"editable\":true,\"mainField\":\"firstname\"},\"list\":{\"label\":\"createdBy\",\"searchable\":true,\"sortable\":true}},\"updatedBy\":{\"edit\":{\"label\":\"updatedBy\",\"description\":\"\",\"placeholder\":\"\",\"visible\":false,\"editable\":true,\"mainField\":\"firstname\"},\"list\":{\"label\":\"updatedBy\",\"searchable\":true,\"sortable\":true}}},\"layouts\":{\"list\":[\"id\",\"Name\",\"Url\",\"Logo\"],\"edit\":[[{\"name\":\"Name\",\"size\":6},{\"name\":\"Url\",\"size\":6}],[{\"name\":\"Logo\",\"size\":6},{\"name\":\"Logo2\",\"size\":6}],[{\"name\":\"Logo3\",\"size\":6},{\"name\":\"Email_Id\",\"size\":6}],[{\"name\":\"Social_Links\",\"size\":12}],[{\"name\":\"Footer_Menu_Links\",\"size\":12}],[{\"name\":\"Phone_Number\",\"size\":6}],[{\"name\":\"Address\",\"size\":12}],[{\"name\":\"Copy_Write\",\"size\":6}],[{\"name\":\"Contacts\",\"size\":12}],[{\"name\":\"Top_Menu\",\"size\":12}],[{\"name\":\"Popular_Search\",\"size\":12}],[{\"name\":\"Privacy_Policy\",\"size\":6},{\"name\":\"Terms_Conditions\",\"size\":6}],[{\"name\":\"Mail_Template_Header\",\"size\":6},{\"name\":\"Mail_Template_Footer\",\"size\":6}]]}}','object',NULL,NULL),(29,'plugin_content_manager_configuration_content_types::api::menu.menu','{\"uid\":\"api::menu.menu\",\"settings\":{\"bulkable\":true,\"filterable\":true,\"searchable\":true,\"pageSize\":50,\"mainField\":\"Name\",\"defaultSortBy\":\"id\",\"defaultSortOrder\":\"DESC\"},\"metadatas\":{\"id\":{\"edit\":{},\"list\":{\"label\":\"id\",\"searchable\":true,\"sortable\":true}},\"Menu_Type\":{\"edit\":{\"label\":\"Menu_Type\",\"description\":\"\",\"placeholder\":\"\",\"visible\":true,\"editable\":true},\"list\":{\"label\":\"Menu_Type\",\"searchable\":true,\"sortable\":true}},\"Name\":{\"edit\":{\"label\":\"Name\",\"description\":\"\",\"placeholder\":\"\",\"visible\":true,\"editable\":true},\"list\":{\"label\":\"Name\",\"searchable\":true,\"sortable\":true}},\"Menu_Link_Type\":{\"edit\":{\"label\":\"Menu_Link_Type\",\"description\":\"\",\"placeholder\":\"\",\"visible\":true,\"editable\":true},\"list\":{\"label\":\"Menu_Link_Type\",\"searchable\":true,\"sortable\":true}},\"Menu_Link\":{\"edit\":{\"label\":\"Menu_Link\",\"description\":\"\",\"placeholder\":\"\",\"visible\":true,\"editable\":true},\"list\":{\"label\":\"Menu_Link\",\"searchable\":true,\"sortable\":true}},\"Sort\":{\"edit\":{\"label\":\"Sort\",\"description\":\"\",\"placeholder\":\"\",\"visible\":true,\"editable\":true},\"list\":{\"label\":\"Sort\",\"searchable\":true,\"sortable\":true}},\"Parent_Menu\":{\"edit\":{\"label\":\"Parent_Menu\",\"description\":\"\",\"placeholder\":\"\",\"visible\":true,\"editable\":true,\"mainField\":\"Name\"},\"list\":{\"label\":\"Parent_Menu\",\"searchable\":true,\"sortable\":true}},\"Alias\":{\"edit\":{\"label\":\"Alias\",\"description\":\"\",\"placeholder\":\"\",\"visible\":true,\"editable\":true},\"list\":{\"label\":\"Alias\",\"searchable\":true,\"sortable\":true}},\"createdAt\":{\"edit\":{\"label\":\"createdAt\",\"description\":\"\",\"placeholder\":\"\",\"visible\":false,\"editable\":true},\"list\":{\"label\":\"createdAt\",\"searchable\":true,\"sortable\":true}},\"updatedAt\":{\"edit\":{\"label\":\"updatedAt\",\"description\":\"\",\"placeholder\":\"\",\"visible\":false,\"editable\":true},\"list\":{\"label\":\"updatedAt\",\"searchable\":true,\"sortable\":true}},\"createdBy\":{\"edit\":{\"label\":\"createdBy\",\"description\":\"\",\"placeholder\":\"\",\"visible\":false,\"editable\":true,\"mainField\":\"firstname\"},\"list\":{\"label\":\"createdBy\",\"searchable\":true,\"sortable\":true}},\"updatedBy\":{\"edit\":{\"label\":\"updatedBy\",\"description\":\"\",\"placeholder\":\"\",\"visible\":false,\"editable\":true,\"mainField\":\"firstname\"},\"list\":{\"label\":\"updatedBy\",\"searchable\":true,\"sortable\":true}}},\"layouts\":{\"edit\":[[{\"name\":\"Name\",\"size\":6},{\"name\":\"Alias\",\"size\":6}],[{\"name\":\"Menu_Link\",\"size\":12}],[{\"name\":\"Menu_Type\",\"size\":6},{\"name\":\"Menu_Link_Type\",\"size\":6}],[{\"name\":\"Parent_Menu\",\"size\":6},{\"name\":\"Sort\",\"size\":6}]],\"list\":[\"Name\",\"Menu_Type\",\"Menu_Link\",\"Alias\"]}}','object',NULL,NULL),(31,'plugin_content_manager_configuration_components::site-config.social-links','{\"uid\":\"site-config.social-links\",\"settings\":{\"bulkable\":true,\"filterable\":true,\"searchable\":true,\"pageSize\":10,\"mainField\":\"Name\",\"defaultSortBy\":\"Name\",\"defaultSortOrder\":\"ASC\"},\"metadatas\":{\"id\":{\"edit\":{},\"list\":{\"label\":\"id\",\"searchable\":false,\"sortable\":false}},\"Name\":{\"edit\":{\"label\":\"Name\",\"description\":\"\",\"placeholder\":\"\",\"visible\":true,\"editable\":true},\"list\":{\"label\":\"Name\",\"searchable\":true,\"sortable\":true}},\"Icon\":{\"edit\":{\"label\":\"Icon\",\"description\":\"\",\"placeholder\":\"\",\"visible\":true,\"editable\":true},\"list\":{\"label\":\"Icon\",\"searchable\":true,\"sortable\":true}},\"Link\":{\"edit\":{\"label\":\"Link\",\"description\":\"\",\"placeholder\":\"\",\"visible\":true,\"editable\":true},\"list\":{\"label\":\"Link\",\"searchable\":true,\"sortable\":true}}},\"layouts\":{\"list\":[\"id\",\"Name\",\"Icon\",\"Link\"],\"edit\":[[{\"name\":\"Name\",\"size\":6},{\"name\":\"Icon\",\"size\":6}],[{\"name\":\"Link\",\"size\":6}]]},\"isComponent\":true}','object',NULL,NULL),(33,'plugin_content_manager_configuration_components::site-config.footer-menu-links','{\"uid\":\"site-config.footer-menu-links\",\"settings\":{\"bulkable\":true,\"filterable\":true,\"searchable\":true,\"pageSize\":10,\"mainField\":\"Separator\",\"defaultSortBy\":\"id\",\"defaultSortOrder\":\"ASC\"},\"metadatas\":{\"id\":{\"edit\":{},\"list\":{\"label\":\"id\",\"searchable\":false,\"sortable\":false}},\"Link\":{\"edit\":{\"label\":\"Link\",\"description\":\"\",\"placeholder\":\"\",\"visible\":true,\"editable\":true,\"mainField\":\"Name\"},\"list\":{\"label\":\"Link\",\"searchable\":true,\"sortable\":true}},\"Separator\":{\"edit\":{\"label\":\"Separator\",\"description\":\"\",\"placeholder\":\"\",\"visible\":true,\"editable\":true},\"list\":{\"label\":\"Separator\",\"searchable\":true,\"sortable\":true}}},\"layouts\":{\"list\":[\"id\",\"Link\",\"Separator\"],\"edit\":[[{\"name\":\"Link\",\"size\":6},{\"name\":\"Separator\",\"size\":6}]]},\"isComponent\":true}','object',NULL,NULL),(35,'plugin_content_manager_configuration_content_types::api::article.article','{\"uid\":\"api::article.article\",\"settings\":{\"bulkable\":true,\"filterable\":true,\"searchable\":true,\"pageSize\":10,\"mainField\":\"Name\",\"defaultSortBy\":\"Name\",\"defaultSortOrder\":\"ASC\"},\"metadatas\":{\"id\":{\"edit\":{},\"list\":{\"label\":\"id\",\"searchable\":true,\"sortable\":true}},\"Name\":{\"edit\":{\"label\":\"Name\",\"description\":\"\",\"placeholder\":\"\",\"visible\":true,\"editable\":true},\"list\":{\"label\":\"Name\",\"searchable\":true,\"sortable\":true}},\"Menu_Link\":{\"edit\":{\"label\":\"Menu_Link\",\"description\":\"\",\"placeholder\":\"\",\"visible\":true,\"editable\":true,\"mainField\":\"Name\"},\"list\":{\"label\":\"Menu_Link\",\"searchable\":true,\"sortable\":true}},\"Module_Enabled\":{\"edit\":{\"label\":\"Module_Enabled\",\"description\":\"\",\"placeholder\":\"\",\"visible\":true,\"editable\":true},\"list\":{\"label\":\"Module_Enabled\",\"searchable\":false,\"sortable\":false}},\"Banners\":{\"edit\":{\"label\":\"Banners\",\"description\":\"\",\"placeholder\":\"\",\"visible\":true,\"editable\":true},\"list\":{\"label\":\"Banners\",\"searchable\":false,\"sortable\":false}},\"Video_Banners\":{\"edit\":{\"label\":\"Video_Banners\",\"description\":\"\",\"placeholder\":\"\",\"visible\":true,\"editable\":true},\"list\":{\"label\":\"Video_Banners\",\"searchable\":false,\"sortable\":false}},\"Alias\":{\"edit\":{\"label\":\"Alias\",\"description\":\"\",\"placeholder\":\"\",\"visible\":true,\"editable\":true},\"list\":{\"label\":\"Alias\",\"searchable\":true,\"sortable\":true}},\"createdAt\":{\"edit\":{\"label\":\"createdAt\",\"description\":\"\",\"placeholder\":\"\",\"visible\":false,\"editable\":true},\"list\":{\"label\":\"createdAt\",\"searchable\":true,\"sortable\":true}},\"updatedAt\":{\"edit\":{\"label\":\"updatedAt\",\"description\":\"\",\"placeholder\":\"\",\"visible\":false,\"editable\":true},\"list\":{\"label\":\"updatedAt\",\"searchable\":true,\"sortable\":true}},\"createdBy\":{\"edit\":{\"label\":\"createdBy\",\"description\":\"\",\"placeholder\":\"\",\"visible\":false,\"editable\":true,\"mainField\":\"firstname\"},\"list\":{\"label\":\"createdBy\",\"searchable\":true,\"sortable\":true}},\"updatedBy\":{\"edit\":{\"label\":\"updatedBy\",\"description\":\"\",\"placeholder\":\"\",\"visible\":false,\"editable\":true,\"mainField\":\"firstname\"},\"list\":{\"label\":\"updatedBy\",\"searchable\":true,\"sortable\":true}}},\"layouts\":{\"edit\":[[{\"name\":\"Name\",\"size\":6},{\"name\":\"Alias\",\"size\":6}],[{\"name\":\"Menu_Link\",\"size\":6}],[{\"name\":\"Module_Enabled\",\"size\":12}],[{\"name\":\"Banners\",\"size\":12}],[{\"name\":\"Video_Banners\",\"size\":12}]],\"list\":[\"id\",\"Name\",\"Alias\",\"Banners\"]}}','object',NULL,NULL),(36,'plugin_content_manager_configuration_content_types::api::property.property','{\"uid\":\"api::property.property\",\"settings\":{\"bulkable\":true,\"filterable\":true,\"searchable\":true,\"pageSize\":10,\"mainField\":\"id\",\"defaultSortBy\":\"Door_No\",\"defaultSortOrder\":\"ASC\"},\"metadatas\":{\"id\":{\"edit\":{},\"list\":{\"label\":\"id\",\"searchable\":true,\"sortable\":true}},\"Description\":{\"edit\":{\"label\":\"Description\",\"description\":\"\",\"placeholder\":\"\",\"visible\":true,\"editable\":true},\"list\":{\"label\":\"Description\",\"searchable\":false,\"sortable\":false}},\"Publish\":{\"edit\":{\"label\":\"Published\",\"description\":\"\",\"placeholder\":\"\",\"visible\":true,\"editable\":true},\"list\":{\"label\":\"Publish\",\"searchable\":true,\"sortable\":true}},\"Latitude\":{\"edit\":{\"label\":\"Latitude\",\"description\":\"\",\"placeholder\":\"\",\"visible\":true,\"editable\":true},\"list\":{\"label\":\"Latitude\",\"searchable\":true,\"sortable\":true}},\"Longitude\":{\"edit\":{\"label\":\"Longitude\",\"description\":\"\",\"placeholder\":\"\",\"visible\":true,\"editable\":true},\"list\":{\"label\":\"Longitude\",\"searchable\":true,\"sortable\":true}},\"Main_Image\":{\"edit\":{\"label\":\"Main_Image\",\"description\":\"\",\"placeholder\":\"\",\"visible\":true,\"editable\":true},\"list\":{\"label\":\"Main_Image\",\"searchable\":false,\"sortable\":false}},\"Images\":{\"edit\":{\"label\":\"Images\",\"description\":\"\",\"placeholder\":\"\",\"visible\":true,\"editable\":true},\"list\":{\"label\":\"Images\",\"searchable\":false,\"sortable\":false}},\"Door_No\":{\"edit\":{\"label\":\"Door_No\",\"description\":\"\",\"placeholder\":\"\",\"visible\":true,\"editable\":true},\"list\":{\"label\":\"Door_No\",\"searchable\":true,\"sortable\":true}},\"Street_Name\":{\"edit\":{\"label\":\"Street_Name\",\"description\":\"\",\"placeholder\":\"\",\"visible\":true,\"editable\":true},\"list\":{\"label\":\"Street_Name\",\"searchable\":true,\"sortable\":true}},\"Builder\":{\"edit\":{\"label\":\"Builder\",\"description\":\"\",\"placeholder\":\"\",\"visible\":true,\"editable\":true,\"mainField\":\"Name\"},\"list\":{\"label\":\"Builder\",\"searchable\":true,\"sortable\":true}},\"Area\":{\"edit\":{\"label\":\"Area\",\"description\":\"\",\"placeholder\":\"\",\"visible\":true,\"editable\":true,\"mainField\":\"Name\"},\"list\":{\"label\":\"Area\",\"searchable\":true,\"sortable\":true}},\"Type\":{\"edit\":{\"label\":\"Type\",\"description\":\"\",\"placeholder\":\"\",\"visible\":true,\"editable\":true,\"mainField\":\"Name\"},\"list\":{\"label\":\"Type\",\"searchable\":true,\"sortable\":true}},\"Video\":{\"edit\":{\"label\":\"Video\",\"description\":\"\",\"placeholder\":\"\",\"visible\":true,\"editable\":true},\"list\":{\"label\":\"Video\",\"searchable\":true,\"sortable\":true}},\"Status\":{\"edit\":{\"label\":\"Status\",\"description\":\"\",\"placeholder\":\"\",\"visible\":true,\"editable\":true,\"mainField\":\"Name\"},\"list\":{\"label\":\"Status\",\"searchable\":true,\"sortable\":true}},\"Name\":{\"edit\":{\"label\":\"Name\",\"description\":\"\",\"placeholder\":\"\",\"visible\":true,\"editable\":true},\"list\":{\"label\":\"Name\",\"searchable\":true,\"sortable\":true}},\"Floor_Plans\":{\"edit\":{\"label\":\"Floor_Plans\",\"description\":\"\",\"placeholder\":\"\",\"visible\":true,\"editable\":true},\"list\":{\"label\":\"Floor_Plans\",\"searchable\":false,\"sortable\":false}},\"Features\":{\"edit\":{\"label\":\"Features\",\"description\":\"\",\"placeholder\":\"\",\"visible\":true,\"editable\":true},\"list\":{\"label\":\"Features\",\"searchable\":false,\"sortable\":false}},\"Amenities\":{\"edit\":{\"label\":\"Amenities\",\"description\":\"\",\"placeholder\":\"\",\"visible\":true,\"editable\":true},\"list\":{\"label\":\"Amenities\",\"searchable\":false,\"sortable\":false}},\"Price\":{\"edit\":{\"label\":\"Price\",\"description\":\"\",\"placeholder\":\"\",\"visible\":true,\"editable\":true},\"list\":{\"label\":\"Price\",\"searchable\":true,\"sortable\":true}},\"Price_Structure\":{\"edit\":{\"label\":\"Price_Structure\",\"description\":\"\",\"placeholder\":\"\",\"visible\":true,\"editable\":true},\"list\":{\"label\":\"Price_Structure\",\"searchable\":false,\"sortable\":false}},\"Bedrooms\":{\"edit\":{\"label\":\"Bedrooms\",\"description\":\"\",\"placeholder\":\"\",\"visible\":true,\"editable\":true},\"list\":{\"label\":\"Bedrooms\",\"searchable\":true,\"sortable\":true}},\"Bathrooms\":{\"edit\":{\"label\":\"Bathrooms\",\"description\":\"\",\"placeholder\":\"\",\"visible\":true,\"editable\":true},\"list\":{\"label\":\"Bathrooms\",\"searchable\":true,\"sortable\":true}},\"Unit_Size\":{\"edit\":{\"label\":\"Unit_Size\",\"description\":\"\",\"placeholder\":\"\",\"visible\":true,\"editable\":true},\"list\":{\"label\":\"Unit_Size\",\"searchable\":true,\"sortable\":true}},\"Posted_At\":{\"edit\":{\"label\":\"Posted_At\",\"description\":\"\",\"placeholder\":\"\",\"visible\":true,\"editable\":true},\"list\":{\"label\":\"Posted_At\",\"searchable\":true,\"sortable\":true}},\"Advantages\":{\"edit\":{\"label\":\"Advantages\",\"description\":\"\",\"placeholder\":\"\",\"visible\":true,\"editable\":true},\"list\":{\"label\":\"Advantages\",\"searchable\":false,\"sortable\":false}},\"Downloads\":{\"edit\":{\"label\":\"Downloads\",\"description\":\"\",\"placeholder\":\"\",\"visible\":true,\"editable\":true},\"list\":{\"label\":\"Downloads\",\"searchable\":false,\"sortable\":false}},\"Project_Size\":{\"edit\":{\"label\":\"Project_Size\",\"description\":\"\",\"placeholder\":\"\",\"visible\":true,\"editable\":true},\"list\":{\"label\":\"Project_Size\",\"searchable\":true,\"sortable\":true}},\"Price_Per_Sq_Feet\":{\"edit\":{\"label\":\"Price_Per_Sq_Feet\",\"description\":\"\",\"placeholder\":\"\",\"visible\":true,\"editable\":true},\"list\":{\"label\":\"Price_Per_Sq_Feet\",\"searchable\":true,\"sortable\":true}},\"Total_Floors\":{\"edit\":{\"label\":\"Total_Floors\",\"description\":\"\",\"placeholder\":\"\",\"visible\":true,\"editable\":true},\"list\":{\"label\":\"Total_Floors\",\"searchable\":true,\"sortable\":true}},\"Unit_Types\":{\"edit\":{\"label\":\"Unit_Types\",\"description\":\"\",\"placeholder\":\"\",\"visible\":true,\"editable\":true},\"list\":{\"label\":\"Unit_Types\",\"searchable\":false,\"sortable\":false}},\"Property_Id\":{\"edit\":{\"label\":\"Property_Id\",\"description\":\"\",\"placeholder\":\"\",\"visible\":true,\"editable\":true},\"list\":{\"label\":\"Property_Id\",\"searchable\":true,\"sortable\":true}},\"Plot_Size\":{\"edit\":{\"label\":\"Plot_Size\",\"description\":\"\",\"placeholder\":\"\",\"visible\":true,\"editable\":true},\"list\":{\"label\":\"Plot_Size\",\"searchable\":true,\"sortable\":true}},\"Facing\":{\"edit\":{\"label\":\"Facing\",\"description\":\"\",\"placeholder\":\"\",\"visible\":true,\"editable\":true},\"list\":{\"label\":\"Facing\",\"searchable\":true,\"sortable\":true}},\"Distance\":{\"edit\":{\"label\":\"Distance\",\"description\":\"\",\"placeholder\":\"\",\"visible\":true,\"editable\":true},\"list\":{\"label\":\"Distance\",\"searchable\":false,\"sortable\":false}},\"Other_Features\":{\"edit\":{\"label\":\"Other_Features\",\"description\":\"\",\"placeholder\":\"\",\"visible\":true,\"editable\":true},\"list\":{\"label\":\"Other_Features\",\"searchable\":false,\"sortable\":false}},\"createdAt\":{\"edit\":{\"label\":\"createdAt\",\"description\":\"\",\"placeholder\":\"\",\"visible\":false,\"editable\":true},\"list\":{\"label\":\"createdAt\",\"searchable\":true,\"sortable\":true}},\"updatedAt\":{\"edit\":{\"label\":\"updatedAt\",\"description\":\"\",\"placeholder\":\"\",\"visible\":false,\"editable\":true},\"list\":{\"label\":\"updatedAt\",\"searchable\":true,\"sortable\":true}},\"createdBy\":{\"edit\":{\"label\":\"createdBy\",\"description\":\"\",\"placeholder\":\"\",\"visible\":false,\"editable\":true,\"mainField\":\"firstname\"},\"list\":{\"label\":\"createdBy\",\"searchable\":true,\"sortable\":true}},\"updatedBy\":{\"edit\":{\"label\":\"updatedBy\",\"description\":\"\",\"placeholder\":\"\",\"visible\":false,\"editable\":true,\"mainField\":\"firstname\"},\"list\":{\"label\":\"updatedBy\",\"searchable\":true,\"sortable\":true}}},\"layouts\":{\"edit\":[[{\"name\":\"Name\",\"size\":6},{\"name\":\"Property_Id\",\"size\":6}],[{\"name\":\"Builder\",\"size\":6},{\"name\":\"Status\",\"size\":6}],[{\"name\":\"Publish\",\"size\":6},{\"name\":\"Posted_At\",\"size\":6}],[{\"name\":\"Area\",\"size\":6},{\"name\":\"Type\",\"size\":6}],[{\"name\":\"Latitude\",\"size\":6},{\"name\":\"Longitude\",\"size\":6}],[{\"name\":\"Bedrooms\",\"size\":6},{\"name\":\"Bathrooms\",\"size\":6}],[{\"name\":\"Project_Size\",\"size\":6},{\"name\":\"Unit_Size\",\"size\":6}],[{\"name\":\"Plot_Size\",\"size\":6},{\"name\":\"Facing\",\"size\":6}],[{\"name\":\"Price\",\"size\":6},{\"name\":\"Price_Per_Sq_Feet\",\"size\":6}],[{\"name\":\"Total_Floors\",\"size\":6},{\"name\":\"Video\",\"size\":6}],[{\"name\":\"Main_Image\",\"size\":6},{\"name\":\"Images\",\"size\":6}],[{\"name\":\"Price_Structure\",\"size\":12}],[{\"name\":\"Description\",\"size\":12}],[{\"name\":\"Floor_Plans\",\"size\":12}],[{\"name\":\"Features\",\"size\":12}],[{\"name\":\"Distance\",\"size\":12}],[{\"name\":\"Other_Features\",\"size\":12}],[{\"name\":\"Amenities\",\"size\":12}],[{\"name\":\"Advantages\",\"size\":12}],[{\"name\":\"Downloads\",\"size\":12}],[{\"name\":\"Unit_Types\",\"size\":12}]],\"list\":[\"id\",\"Publish\",\"Area\",\"Property_Id\"]}}','object',NULL,NULL),(38,'plugin_content_manager_configuration_components::article.latest-property','{\"uid\":\"article.latest-property\",\"settings\":{\"bulkable\":true,\"filterable\":true,\"searchable\":true,\"pageSize\":10,\"mainField\":\"Name\",\"defaultSortBy\":\"id\",\"defaultSortOrder\":\"ASC\"},\"metadatas\":{\"id\":{\"edit\":{},\"list\":{\"label\":\"id\",\"searchable\":false,\"sortable\":false}},\"Enabled\":{\"edit\":{\"label\":\"Enabled\",\"description\":\"\",\"placeholder\":\"\",\"visible\":true,\"editable\":true},\"list\":{\"label\":\"Enabled\",\"searchable\":true,\"sortable\":true}},\"Sort_Field\":{\"edit\":{\"label\":\"Sort_Field\",\"description\":\"\",\"placeholder\":\"\",\"visible\":true,\"editable\":true},\"list\":{\"label\":\"Sort_Field\",\"searchable\":true,\"sortable\":true}},\"Name\":{\"edit\":{\"label\":\"Name\",\"description\":\"\",\"placeholder\":\"\",\"visible\":true,\"editable\":true},\"list\":{\"label\":\"Name\",\"searchable\":true,\"sortable\":true}}},\"layouts\":{\"list\":[\"id\",\"Enabled\",\"Sort_Field\",\"Name\"],\"edit\":[[{\"name\":\"Name\",\"size\":4},{\"name\":\"Enabled\",\"size\":4},{\"name\":\"Sort_Field\",\"size\":4}]]},\"isComponent\":true}','object',NULL,NULL),(40,'plugin_content_manager_configuration_components::article.single-banner','{\"uid\":\"article.single-banner\",\"settings\":{\"bulkable\":true,\"filterable\":true,\"searchable\":true,\"pageSize\":10,\"mainField\":\"Name\",\"defaultSortBy\":\"Name\",\"defaultSortOrder\":\"ASC\"},\"metadatas\":{\"id\":{\"edit\":{},\"list\":{\"label\":\"id\",\"searchable\":false,\"sortable\":false}},\"Name\":{\"edit\":{\"label\":\"Name\",\"description\":\"\",\"placeholder\":\"\",\"visible\":true,\"editable\":true},\"list\":{\"label\":\"Name\",\"searchable\":true,\"sortable\":true}},\"Banner_Image\":{\"edit\":{\"label\":\"Banner_Image\",\"description\":\"\",\"placeholder\":\"\",\"visible\":true,\"editable\":true},\"list\":{\"label\":\"Banner_Image\",\"searchable\":false,\"sortable\":false}},\"Description\":{\"edit\":{\"label\":\"Description\",\"description\":\"\",\"placeholder\":\"\",\"visible\":true,\"editable\":true},\"list\":{\"label\":\"Description\",\"searchable\":false,\"sortable\":false}},\"Button_Link\":{\"edit\":{\"label\":\"Button_Link\",\"description\":\"\",\"placeholder\":\"\",\"visible\":true,\"editable\":true},\"list\":{\"label\":\"Button_Link\",\"searchable\":false,\"sortable\":false}}},\"layouts\":{\"list\":[\"id\",\"Name\",\"Banner_Image\",\"Button_Link\"],\"edit\":[[{\"name\":\"Name\",\"size\":6},{\"name\":\"Banner_Image\",\"size\":6}],[{\"name\":\"Description\",\"size\":12}],[{\"name\":\"Button_Link\",\"size\":12}]]},\"isComponent\":true}','object',NULL,NULL),(41,'plugin_content_manager_configuration_components::button-links.button-links','{\"uid\":\"button-links.button-links\",\"settings\":{\"bulkable\":true,\"filterable\":true,\"searchable\":true,\"pageSize\":10,\"mainField\":\"Label\",\"defaultSortBy\":\"Label\",\"defaultSortOrder\":\"ASC\"},\"metadatas\":{\"id\":{\"edit\":{},\"list\":{\"label\":\"id\",\"searchable\":false,\"sortable\":false}},\"Label\":{\"edit\":{\"label\":\"Label\",\"description\":\"\",\"placeholder\":\"\",\"visible\":true,\"editable\":true},\"list\":{\"label\":\"Label\",\"searchable\":true,\"sortable\":true}},\"Link\":{\"edit\":{\"label\":\"Link\",\"description\":\"\",\"placeholder\":\"\",\"visible\":true,\"editable\":true},\"list\":{\"label\":\"Link\",\"searchable\":true,\"sortable\":true}}},\"layouts\":{\"list\":[\"id\",\"Label\",\"Link\"],\"edit\":[[{\"name\":\"Label\",\"size\":6},{\"name\":\"Link\",\"size\":6}]]},\"isComponent\":true}','object',NULL,NULL),(42,'plugin_content_manager_configuration_components::contact-module.contact-module','{\"uid\":\"contact-module.contact-module\",\"settings\":{\"bulkable\":true,\"filterable\":true,\"searchable\":true,\"pageSize\":10,\"mainField\":\"Title\",\"defaultSortBy\":\"Title\",\"defaultSortOrder\":\"ASC\"},\"metadatas\":{\"id\":{\"edit\":{},\"list\":{\"label\":\"id\",\"searchable\":false,\"sortable\":false}},\"Title\":{\"edit\":{\"label\":\"Title\",\"description\":\"\",\"placeholder\":\"\",\"visible\":true,\"editable\":true},\"list\":{\"label\":\"Title\",\"searchable\":true,\"sortable\":true}},\"Discription\":{\"edit\":{\"label\":\"Discription\",\"description\":\"\",\"placeholder\":\"\",\"visible\":true,\"editable\":true},\"list\":{\"label\":\"Discription\",\"searchable\":true,\"sortable\":true}},\"Position\":{\"edit\":{\"label\":\"Position\",\"description\":\"\",\"placeholder\":\"\",\"visible\":true,\"editable\":true},\"list\":{\"label\":\"Position\",\"searchable\":true,\"sortable\":true}},\"Add_Button\":{\"edit\":{\"label\":\"Add_Button\",\"description\":\"\",\"placeholder\":\"\",\"visible\":true,\"editable\":true},\"list\":{\"label\":\"Add_Button\",\"searchable\":false,\"sortable\":false}},\"Image\":{\"edit\":{\"label\":\"Image\",\"description\":\"\",\"placeholder\":\"\",\"visible\":true,\"editable\":true},\"list\":{\"label\":\"Image\",\"searchable\":false,\"sortable\":false}}},\"layouts\":{\"list\":[\"id\",\"Title\",\"Discription\",\"Position\"],\"edit\":[[{\"name\":\"Title\",\"size\":6},{\"name\":\"Discription\",\"size\":6}],[{\"name\":\"Position\",\"size\":6},{\"name\":\"Image\",\"size\":6}],[{\"name\":\"Add_Button\",\"size\":12}]]},\"isComponent\":true}','object',NULL,NULL),(43,'plugin_content_manager_configuration_components::module-button.module-button','{\"uid\":\"module-button.module-button\",\"settings\":{\"bulkable\":true,\"filterable\":true,\"searchable\":true,\"pageSize\":10,\"mainField\":\"Label\",\"defaultSortBy\":\"Label\",\"defaultSortOrder\":\"ASC\"},\"metadatas\":{\"id\":{\"edit\":{},\"list\":{\"label\":\"id\",\"searchable\":false,\"sortable\":false}},\"Label\":{\"edit\":{\"label\":\"Label\",\"description\":\"\",\"placeholder\":\"\",\"visible\":true,\"editable\":true},\"list\":{\"label\":\"Label\",\"searchable\":true,\"sortable\":true}},\"Link\":{\"edit\":{\"label\":\"Link\",\"description\":\"\",\"placeholder\":\"\",\"visible\":true,\"editable\":true},\"list\":{\"label\":\"Link\",\"searchable\":true,\"sortable\":true}}},\"layouts\":{\"list\":[\"id\",\"Label\",\"Link\"],\"edit\":[[{\"name\":\"Label\",\"size\":6},{\"name\":\"Link\",\"size\":6}]]},\"isComponent\":true}','object',NULL,NULL),(46,'plugin_content_manager_configuration_components::article.banner-image','{\"uid\":\"article.banner-image\",\"settings\":{\"bulkable\":true,\"filterable\":true,\"searchable\":true,\"pageSize\":10,\"mainField\":\"Name\",\"defaultSortBy\":\"Name\",\"defaultSortOrder\":\"ASC\"},\"metadatas\":{\"id\":{\"edit\":{},\"list\":{\"label\":\"id\",\"searchable\":false,\"sortable\":false}},\"Name\":{\"edit\":{\"label\":\"Name\",\"description\":\"\",\"placeholder\":\"\",\"visible\":true,\"editable\":true},\"list\":{\"label\":\"Name\",\"searchable\":true,\"sortable\":true}},\"Images\":{\"edit\":{\"label\":\"Images\",\"description\":\"\",\"placeholder\":\"\",\"visible\":true,\"editable\":true},\"list\":{\"label\":\"Images\",\"searchable\":false,\"sortable\":false}}},\"layouts\":{\"list\":[\"id\",\"Name\",\"Images\"],\"edit\":[[{\"name\":\"Name\",\"size\":6},{\"name\":\"Images\",\"size\":6}]]},\"isComponent\":true}','object',NULL,NULL),(47,'plugin_content_manager_configuration_components::common.contact-links','{\"uid\":\"common.contact-links\",\"settings\":{\"bulkable\":true,\"filterable\":true,\"searchable\":true,\"pageSize\":10,\"mainField\":\"Name\",\"defaultSortBy\":\"Name\",\"defaultSortOrder\":\"ASC\"},\"metadatas\":{\"id\":{\"edit\":{},\"list\":{\"label\":\"id\",\"searchable\":false,\"sortable\":false}},\"Name\":{\"edit\":{\"label\":\"Name\",\"description\":\"\",\"placeholder\":\"\",\"visible\":true,\"editable\":true},\"list\":{\"label\":\"Name\",\"searchable\":true,\"sortable\":true}},\"Link\":{\"edit\":{\"label\":\"Link\",\"description\":\"\",\"placeholder\":\"\",\"visible\":true,\"editable\":true},\"list\":{\"label\":\"Link\",\"searchable\":true,\"sortable\":true}},\"Icon\":{\"edit\":{\"label\":\"Icon\",\"description\":\"\",\"placeholder\":\"\",\"visible\":true,\"editable\":true},\"list\":{\"label\":\"Icon\",\"searchable\":true,\"sortable\":true}},\"Value\":{\"edit\":{\"label\":\"Value\",\"description\":\"\",\"placeholder\":\"\",\"visible\":true,\"editable\":true},\"list\":{\"label\":\"Value\",\"searchable\":true,\"sortable\":true}}},\"layouts\":{\"list\":[\"id\",\"Name\",\"Link\",\"Icon\"],\"edit\":[[{\"name\":\"Name\",\"size\":6},{\"name\":\"Link\",\"size\":6}],[{\"name\":\"Value\",\"size\":6},{\"name\":\"Icon\",\"size\":6}]]},\"isComponent\":true}','object',NULL,NULL),(48,'plugin_content_manager_configuration_components::common.top-menus','{\"uid\":\"common.top-menus\",\"settings\":{\"bulkable\":true,\"filterable\":true,\"searchable\":true,\"pageSize\":10,\"mainField\":\"Name\",\"defaultSortBy\":\"id\",\"defaultSortOrder\":\"ASC\"},\"metadatas\":{\"id\":{\"edit\":{},\"list\":{\"label\":\"id\",\"searchable\":false,\"sortable\":false}},\"Menu\":{\"edit\":{\"label\":\"Menu\",\"description\":\"\",\"placeholder\":\"\",\"visible\":true,\"editable\":true,\"mainField\":\"Name\"},\"list\":{\"label\":\"Menu\",\"searchable\":true,\"sortable\":true}},\"Name\":{\"edit\":{\"label\":\"Name\",\"description\":\"\",\"placeholder\":\"\",\"visible\":true,\"editable\":true},\"list\":{\"label\":\"Name\",\"searchable\":true,\"sortable\":true}}},\"layouts\":{\"list\":[\"id\",\"Menu\",\"Name\"],\"edit\":[[{\"name\":\"Name\",\"size\":6},{\"name\":\"Menu\",\"size\":6}]]},\"isComponent\":true}','object',NULL,NULL),(49,'plugin_content_manager_configuration_content_types::api::property-type.property-type','{\"uid\":\"api::property-type.property-type\",\"settings\":{\"bulkable\":true,\"filterable\":true,\"searchable\":true,\"pageSize\":10,\"mainField\":\"Name\",\"defaultSortBy\":\"Name\",\"defaultSortOrder\":\"ASC\"},\"metadatas\":{\"id\":{\"edit\":{},\"list\":{\"label\":\"id\",\"searchable\":true,\"sortable\":true}},\"Name\":{\"edit\":{\"label\":\"Name\",\"description\":\"\",\"placeholder\":\"\",\"visible\":true,\"editable\":true},\"list\":{\"label\":\"Name\",\"searchable\":true,\"sortable\":true}},\"Description\":{\"edit\":{\"label\":\"Description\",\"description\":\"\",\"placeholder\":\"\",\"visible\":true,\"editable\":true},\"list\":{\"label\":\"Description\",\"searchable\":false,\"sortable\":false}},\"Image\":{\"edit\":{\"label\":\"Image\",\"description\":\"\",\"placeholder\":\"\",\"visible\":true,\"editable\":true},\"list\":{\"label\":\"Image\",\"searchable\":false,\"sortable\":false}},\"Sort\":{\"edit\":{\"label\":\"Sort\",\"description\":\"\",\"placeholder\":\"\",\"visible\":true,\"editable\":true},\"list\":{\"label\":\"Sort\",\"searchable\":true,\"sortable\":true}},\"Icon\":{\"edit\":{\"label\":\"Icon\",\"description\":\"\",\"placeholder\":\"\",\"visible\":true,\"editable\":true},\"list\":{\"label\":\"Icon\",\"searchable\":true,\"sortable\":true}},\"Alias\":{\"edit\":{\"label\":\"Alias\",\"description\":\"\",\"placeholder\":\"\",\"visible\":true,\"editable\":true},\"list\":{\"label\":\"Alias\",\"searchable\":true,\"sortable\":true}},\"createdAt\":{\"edit\":{\"label\":\"createdAt\",\"description\":\"\",\"placeholder\":\"\",\"visible\":false,\"editable\":true},\"list\":{\"label\":\"createdAt\",\"searchable\":true,\"sortable\":true}},\"updatedAt\":{\"edit\":{\"label\":\"updatedAt\",\"description\":\"\",\"placeholder\":\"\",\"visible\":false,\"editable\":true},\"list\":{\"label\":\"updatedAt\",\"searchable\":true,\"sortable\":true}},\"createdBy\":{\"edit\":{\"label\":\"createdBy\",\"description\":\"\",\"placeholder\":\"\",\"visible\":false,\"editable\":true,\"mainField\":\"firstname\"},\"list\":{\"label\":\"createdBy\",\"searchable\":true,\"sortable\":true}},\"updatedBy\":{\"edit\":{\"label\":\"updatedBy\",\"description\":\"\",\"placeholder\":\"\",\"visible\":false,\"editable\":true,\"mainField\":\"firstname\"},\"list\":{\"label\":\"updatedBy\",\"searchable\":true,\"sortable\":true}}},\"layouts\":{\"edit\":[[{\"name\":\"Name\",\"size\":6},{\"name\":\"Alias\",\"size\":6}],[{\"name\":\"Description\",\"size\":12}],[{\"name\":\"Image\",\"size\":6},{\"name\":\"Sort\",\"size\":4}],[{\"name\":\"Icon\",\"size\":6}]],\"list\":[\"id\",\"Name\",\"Image\",\"createdAt\"]}}','object',NULL,NULL),(51,'plugin_content_manager_configuration_components::article.module-enabled','{\"uid\":\"article.module-enabled\",\"settings\":{\"bulkable\":true,\"filterable\":true,\"searchable\":true,\"pageSize\":10,\"mainField\":\"Name\",\"defaultSortBy\":\"Name\",\"defaultSortOrder\":\"ASC\"},\"metadatas\":{\"id\":{\"edit\":{},\"list\":{\"label\":\"id\",\"searchable\":false,\"sortable\":false}},\"Enabled\":{\"edit\":{\"label\":\"Enabled\",\"description\":\"\",\"placeholder\":\"\",\"visible\":true,\"editable\":true},\"list\":{\"label\":\"Enabled\",\"searchable\":true,\"sortable\":true}},\"Name\":{\"edit\":{\"label\":\"Name\",\"description\":\"\",\"placeholder\":\"\",\"visible\":true,\"editable\":true},\"list\":{\"label\":\"Name\",\"searchable\":true,\"sortable\":true}},\"Collection_Name\":{\"edit\":{\"label\":\"Collection_Name\",\"description\":\"\",\"placeholder\":\"\",\"visible\":true,\"editable\":true},\"list\":{\"label\":\"Collection_Name\",\"searchable\":true,\"sortable\":true}}},\"layouts\":{\"list\":[\"id\",\"Enabled\",\"Name\",\"Collection_Name\"],\"edit\":[[{\"name\":\"Name\",\"size\":6}],[{\"name\":\"Collection_Name\",\"size\":6},{\"name\":\"Enabled\",\"size\":4}]]},\"isComponent\":true}','object',NULL,NULL),(52,'plugin_content_manager_configuration_content_types::api::contact-module.contact-module','{\"uid\":\"api::contact-module.contact-module\",\"settings\":{\"bulkable\":true,\"filterable\":true,\"searchable\":true,\"pageSize\":10,\"mainField\":\"Name\",\"defaultSortBy\":\"Name\",\"defaultSortOrder\":\"ASC\"},\"metadatas\":{\"id\":{\"edit\":{},\"list\":{\"label\":\"id\",\"searchable\":true,\"sortable\":true}},\"Name\":{\"edit\":{\"label\":\"Name\",\"description\":\"\",\"placeholder\":\"\",\"visible\":true,\"editable\":true},\"list\":{\"label\":\"Name\",\"searchable\":true,\"sortable\":true}},\"Message\":{\"edit\":{\"label\":\"Message\",\"description\":\"\",\"placeholder\":\"\",\"visible\":true,\"editable\":true},\"list\":{\"label\":\"Message\",\"searchable\":false,\"sortable\":false}},\"Image\":{\"edit\":{\"label\":\"Image\",\"description\":\"\",\"placeholder\":\"\",\"visible\":true,\"editable\":true},\"list\":{\"label\":\"Image\",\"searchable\":false,\"sortable\":false}},\"Phone_Number\":{\"edit\":{\"label\":\"Phone_Number\",\"description\":\"\",\"placeholder\":\"\",\"visible\":true,\"editable\":true},\"list\":{\"label\":\"Phone_Number\",\"searchable\":true,\"sortable\":true}},\"createdAt\":{\"edit\":{\"label\":\"createdAt\",\"description\":\"\",\"placeholder\":\"\",\"visible\":false,\"editable\":true},\"list\":{\"label\":\"createdAt\",\"searchable\":true,\"sortable\":true}},\"updatedAt\":{\"edit\":{\"label\":\"updatedAt\",\"description\":\"\",\"placeholder\":\"\",\"visible\":false,\"editable\":true},\"list\":{\"label\":\"updatedAt\",\"searchable\":true,\"sortable\":true}},\"createdBy\":{\"edit\":{\"label\":\"createdBy\",\"description\":\"\",\"placeholder\":\"\",\"visible\":false,\"editable\":true,\"mainField\":\"firstname\"},\"list\":{\"label\":\"createdBy\",\"searchable\":true,\"sortable\":true}},\"updatedBy\":{\"edit\":{\"label\":\"updatedBy\",\"description\":\"\",\"placeholder\":\"\",\"visible\":false,\"editable\":true,\"mainField\":\"firstname\"},\"list\":{\"label\":\"updatedBy\",\"searchable\":true,\"sortable\":true}}},\"layouts\":{\"list\":[\"id\",\"Name\",\"createdAt\",\"Phone_Number\"],\"edit\":[[{\"name\":\"Name\",\"size\":6},{\"name\":\"Image\",\"size\":6}],[{\"name\":\"Message\",\"size\":12}],[{\"name\":\"Phone_Number\",\"size\":6}]]}}','object',NULL,NULL),(54,'plugin_content_manager_configuration_content_types::api::builder.builder','{\"uid\":\"api::builder.builder\",\"settings\":{\"bulkable\":true,\"filterable\":true,\"searchable\":true,\"pageSize\":10,\"mainField\":\"Name\",\"defaultSortBy\":\"Name\",\"defaultSortOrder\":\"ASC\"},\"metadatas\":{\"id\":{\"edit\":{},\"list\":{\"label\":\"id\",\"searchable\":true,\"sortable\":true}},\"Name\":{\"edit\":{\"label\":\"Name\",\"description\":\"\",\"placeholder\":\"\",\"visible\":true,\"editable\":true},\"list\":{\"label\":\"Name\",\"searchable\":true,\"sortable\":true}},\"Description\":{\"edit\":{\"label\":\"Description\",\"description\":\"\",\"placeholder\":\"\",\"visible\":true,\"editable\":true},\"list\":{\"label\":\"Description\",\"searchable\":false,\"sortable\":false}},\"Image\":{\"edit\":{\"label\":\"Image\",\"description\":\"\",\"placeholder\":\"\",\"visible\":true,\"editable\":true},\"list\":{\"label\":\"Image\",\"searchable\":false,\"sortable\":false}},\"Alias\":{\"edit\":{\"label\":\"Alias\",\"description\":\"\",\"placeholder\":\"\",\"visible\":true,\"editable\":true},\"list\":{\"label\":\"Alias\",\"searchable\":true,\"sortable\":true}},\"Detailed_Image\":{\"edit\":{\"label\":\"Detailed_Image\",\"description\":\"\",\"placeholder\":\"\",\"visible\":true,\"editable\":true},\"list\":{\"label\":\"Detailed_Image\",\"searchable\":false,\"sortable\":false}},\"createdAt\":{\"edit\":{\"label\":\"createdAt\",\"description\":\"\",\"placeholder\":\"\",\"visible\":false,\"editable\":true},\"list\":{\"label\":\"createdAt\",\"searchable\":true,\"sortable\":true}},\"updatedAt\":{\"edit\":{\"label\":\"updatedAt\",\"description\":\"\",\"placeholder\":\"\",\"visible\":false,\"editable\":true},\"list\":{\"label\":\"updatedAt\",\"searchable\":true,\"sortable\":true}},\"createdBy\":{\"edit\":{\"label\":\"createdBy\",\"description\":\"\",\"placeholder\":\"\",\"visible\":false,\"editable\":true,\"mainField\":\"firstname\"},\"list\":{\"label\":\"createdBy\",\"searchable\":true,\"sortable\":true}},\"updatedBy\":{\"edit\":{\"label\":\"updatedBy\",\"description\":\"\",\"placeholder\":\"\",\"visible\":false,\"editable\":true,\"mainField\":\"firstname\"},\"list\":{\"label\":\"updatedBy\",\"searchable\":true,\"sortable\":true}}},\"layouts\":{\"list\":[\"id\",\"Name\",\"Image\",\"createdAt\"],\"edit\":[[{\"name\":\"Name\",\"size\":6},{\"name\":\"Alias\",\"size\":6}],[{\"name\":\"Description\",\"size\":12}],[{\"name\":\"Image\",\"size\":6},{\"name\":\"Detailed_Image\",\"size\":6}]]}}','object',NULL,NULL),(55,'plugin_content_manager_configuration_components::common.popular-search','{\"uid\":\"common.popular-search\",\"settings\":{\"bulkable\":true,\"filterable\":true,\"searchable\":true,\"pageSize\":10,\"mainField\":\"id\",\"defaultSortBy\":\"id\",\"defaultSortOrder\":\"ASC\"},\"metadatas\":{\"id\":{\"edit\":{},\"list\":{\"label\":\"id\",\"searchable\":false,\"sortable\":false}},\"Search_List\":{\"edit\":{\"label\":\"Search_List\",\"description\":\"\",\"placeholder\":\"\",\"visible\":true,\"editable\":true},\"list\":{\"label\":\"Search_List\",\"searchable\":false,\"sortable\":false}}},\"layouts\":{\"list\":[\"id\"],\"edit\":[[{\"name\":\"Search_List\",\"size\":12}]]},\"isComponent\":true}','object',NULL,NULL),(56,'plugin_content_manager_configuration_components::article.banner','{\"uid\":\"article.banner\",\"settings\":{\"bulkable\":true,\"filterable\":true,\"searchable\":true,\"pageSize\":10,\"mainField\":\"Line_1\",\"defaultSortBy\":\"Line_1\",\"defaultSortOrder\":\"ASC\"},\"metadatas\":{\"id\":{\"edit\":{},\"list\":{\"label\":\"id\",\"searchable\":false,\"sortable\":false}},\"Image\":{\"edit\":{\"label\":\"Image\",\"description\":\"\",\"placeholder\":\"\",\"visible\":true,\"editable\":true},\"list\":{\"label\":\"Image\",\"searchable\":false,\"sortable\":false}},\"Line_1\":{\"edit\":{\"label\":\"Line_1\",\"description\":\"\",\"placeholder\":\"\",\"visible\":true,\"editable\":true},\"list\":{\"label\":\"Line_1\",\"searchable\":true,\"sortable\":true}},\"Line_2\":{\"edit\":{\"label\":\"Line_2\",\"description\":\"\",\"placeholder\":\"\",\"visible\":true,\"editable\":true},\"list\":{\"label\":\"Line_2\",\"searchable\":true,\"sortable\":true}},\"Line_3\":{\"edit\":{\"label\":\"Line_3\",\"description\":\"\",\"placeholder\":\"\",\"visible\":true,\"editable\":true},\"list\":{\"label\":\"Line_3\",\"searchable\":true,\"sortable\":true}},\"Line_4\":{\"edit\":{\"label\":\"Line_4\",\"description\":\"\",\"placeholder\":\"\",\"visible\":true,\"editable\":true},\"list\":{\"label\":\"Line_4\",\"searchable\":true,\"sortable\":true}},\"Description\":{\"edit\":{\"label\":\"Description\",\"description\":\"\",\"placeholder\":\"\",\"visible\":true,\"editable\":true},\"list\":{\"label\":\"Description\",\"searchable\":false,\"sortable\":false}}},\"layouts\":{\"list\":[\"id\",\"Line_1\",\"Line_2\",\"Image\"],\"edit\":[[{\"name\":\"Line_1\",\"size\":6},{\"name\":\"Line_2\",\"size\":6}],[{\"name\":\"Line_3\",\"size\":6},{\"name\":\"Line_4\",\"size\":6}],[{\"name\":\"Image\",\"size\":6}],[{\"name\":\"Description\",\"size\":12}]]},\"isComponent\":true}','object',NULL,NULL),(58,'plugin_content_manager_configuration_content_types::api::property-location.property-location','{\"uid\":\"api::property-location.property-location\",\"settings\":{\"bulkable\":true,\"filterable\":true,\"searchable\":true,\"pageSize\":10,\"mainField\":\"Name\",\"defaultSortBy\":\"Name\",\"defaultSortOrder\":\"ASC\"},\"metadatas\":{\"id\":{\"edit\":{},\"list\":{\"label\":\"id\",\"searchable\":true,\"sortable\":true}},\"Name\":{\"edit\":{\"label\":\"Name\",\"description\":\"\",\"placeholder\":\"\",\"visible\":true,\"editable\":true},\"list\":{\"label\":\"Name\",\"searchable\":true,\"sortable\":true}},\"Image\":{\"edit\":{\"label\":\"Image\",\"description\":\"\",\"placeholder\":\"\",\"visible\":true,\"editable\":true},\"list\":{\"label\":\"Image\",\"searchable\":false,\"sortable\":false}},\"Description\":{\"edit\":{\"label\":\"Description\",\"description\":\"\",\"placeholder\":\"\",\"visible\":true,\"editable\":true},\"list\":{\"label\":\"Description\",\"searchable\":true,\"sortable\":true}},\"Sort\":{\"edit\":{\"label\":\"Sort\",\"description\":\"\",\"placeholder\":\"\",\"visible\":true,\"editable\":true},\"list\":{\"label\":\"Sort\",\"searchable\":true,\"sortable\":true}},\"State\":{\"edit\":{\"label\":\"State\",\"description\":\"\",\"placeholder\":\"\",\"visible\":true,\"editable\":true},\"list\":{\"label\":\"State\",\"searchable\":true,\"sortable\":true}},\"Alias\":{\"edit\":{\"label\":\"Alias\",\"description\":\"\",\"placeholder\":\"\",\"visible\":true,\"editable\":true},\"list\":{\"label\":\"Alias\",\"searchable\":true,\"sortable\":true}},\"createdAt\":{\"edit\":{\"label\":\"createdAt\",\"description\":\"\",\"placeholder\":\"\",\"visible\":false,\"editable\":true},\"list\":{\"label\":\"createdAt\",\"searchable\":true,\"sortable\":true}},\"updatedAt\":{\"edit\":{\"label\":\"updatedAt\",\"description\":\"\",\"placeholder\":\"\",\"visible\":false,\"editable\":true},\"list\":{\"label\":\"updatedAt\",\"searchable\":true,\"sortable\":true}},\"createdBy\":{\"edit\":{\"label\":\"createdBy\",\"description\":\"\",\"placeholder\":\"\",\"visible\":false,\"editable\":true,\"mainField\":\"firstname\"},\"list\":{\"label\":\"createdBy\",\"searchable\":true,\"sortable\":true}},\"updatedBy\":{\"edit\":{\"label\":\"updatedBy\",\"description\":\"\",\"placeholder\":\"\",\"visible\":false,\"editable\":true,\"mainField\":\"firstname\"},\"list\":{\"label\":\"updatedBy\",\"searchable\":true,\"sortable\":true}}},\"layouts\":{\"edit\":[[{\"name\":\"Name\",\"size\":6},{\"name\":\"Alias\",\"size\":6}],[{\"name\":\"State\",\"size\":6},{\"name\":\"Sort\",\"size\":6}],[{\"name\":\"Image\",\"size\":6}],[{\"name\":\"Description\",\"size\":12}]],\"list\":[\"id\",\"Name\",\"Image\",\"Description\"]}}','object',NULL,NULL),(59,'plugin_content_manager_configuration_content_types::api::property-area.property-area','{\"uid\":\"api::property-area.property-area\",\"settings\":{\"bulkable\":true,\"filterable\":true,\"searchable\":true,\"pageSize\":10,\"mainField\":\"Name\",\"defaultSortBy\":\"Name\",\"defaultSortOrder\":\"ASC\"},\"metadatas\":{\"id\":{\"edit\":{},\"list\":{\"label\":\"id\",\"searchable\":true,\"sortable\":true}},\"Name\":{\"edit\":{\"label\":\"Name\",\"description\":\"\",\"placeholder\":\"\",\"visible\":true,\"editable\":true},\"list\":{\"label\":\"Name\",\"searchable\":true,\"sortable\":true}},\"Location\":{\"edit\":{\"label\":\"Location\",\"description\":\"\",\"placeholder\":\"\",\"visible\":true,\"editable\":true,\"mainField\":\"Name\"},\"list\":{\"label\":\"Location\",\"searchable\":true,\"sortable\":true}},\"Description\":{\"edit\":{\"label\":\"Description\",\"description\":\"\",\"placeholder\":\"\",\"visible\":true,\"editable\":true},\"list\":{\"label\":\"Description\",\"searchable\":true,\"sortable\":true}},\"Image\":{\"edit\":{\"label\":\"Image\",\"description\":\"\",\"placeholder\":\"\",\"visible\":true,\"editable\":true},\"list\":{\"label\":\"Image\",\"searchable\":false,\"sortable\":false}},\"Alias\":{\"edit\":{\"label\":\"Alias\",\"description\":\"\",\"placeholder\":\"\",\"visible\":true,\"editable\":true},\"list\":{\"label\":\"Alias\",\"searchable\":true,\"sortable\":true}},\"createdAt\":{\"edit\":{\"label\":\"createdAt\",\"description\":\"\",\"placeholder\":\"\",\"visible\":false,\"editable\":true},\"list\":{\"label\":\"createdAt\",\"searchable\":true,\"sortable\":true}},\"updatedAt\":{\"edit\":{\"label\":\"updatedAt\",\"description\":\"\",\"placeholder\":\"\",\"visible\":false,\"editable\":true},\"list\":{\"label\":\"updatedAt\",\"searchable\":true,\"sortable\":true}},\"createdBy\":{\"edit\":{\"label\":\"createdBy\",\"description\":\"\",\"placeholder\":\"\",\"visible\":false,\"editable\":true,\"mainField\":\"firstname\"},\"list\":{\"label\":\"createdBy\",\"searchable\":true,\"sortable\":true}},\"updatedBy\":{\"edit\":{\"label\":\"updatedBy\",\"description\":\"\",\"placeholder\":\"\",\"visible\":false,\"editable\":true,\"mainField\":\"firstname\"},\"list\":{\"label\":\"updatedBy\",\"searchable\":true,\"sortable\":true}}},\"layouts\":{\"edit\":[[{\"name\":\"Name\",\"size\":6},{\"name\":\"Alias\",\"size\":6}],[{\"name\":\"Location\",\"size\":6},{\"name\":\"Image\",\"size\":6}],[{\"name\":\"Description\",\"size\":6}]],\"list\":[\"id\",\"Name\",\"Location\",\"Description\"]}}','object',NULL,NULL),(60,'plugin_content_manager_configuration_components::article.video-banner','{\"uid\":\"article.video-banner\",\"settings\":{\"bulkable\":true,\"filterable\":true,\"searchable\":true,\"pageSize\":10,\"mainField\":\"Name\",\"defaultSortBy\":\"Name\",\"defaultSortOrder\":\"ASC\"},\"metadatas\":{\"id\":{\"edit\":{},\"list\":{\"label\":\"id\",\"searchable\":false,\"sortable\":false}},\"Name\":{\"edit\":{\"label\":\"Name\",\"description\":\"\",\"placeholder\":\"\",\"visible\":true,\"editable\":true},\"list\":{\"label\":\"Name\",\"searchable\":true,\"sortable\":true}},\"URL\":{\"edit\":{\"label\":\"URL\",\"description\":\"\",\"placeholder\":\"\",\"visible\":true,\"editable\":true},\"list\":{\"label\":\"URL\",\"searchable\":true,\"sortable\":true}},\"Image\":{\"edit\":{\"label\":\"Image\",\"description\":\"\",\"placeholder\":\"\",\"visible\":true,\"editable\":true},\"list\":{\"label\":\"Image\",\"searchable\":false,\"sortable\":false}}},\"layouts\":{\"list\":[\"id\",\"Name\",\"URL\",\"Image\"],\"edit\":[[{\"name\":\"Name\",\"size\":6},{\"name\":\"URL\",\"size\":6}],[{\"name\":\"Image\",\"size\":6}]]},\"isComponent\":true}','object',NULL,NULL),(61,'plugin_content_manager_configuration_content_types::api::client-feedback.client-feedback','{\"uid\":\"api::client-feedback.client-feedback\",\"settings\":{\"bulkable\":true,\"filterable\":true,\"searchable\":true,\"pageSize\":10,\"mainField\":\"Name\",\"defaultSortBy\":\"Posted_At\",\"defaultSortOrder\":\"DESC\"},\"metadatas\":{\"id\":{\"edit\":{},\"list\":{\"label\":\"id\",\"searchable\":true,\"sortable\":true}},\"Name\":{\"edit\":{\"label\":\"Name\",\"description\":\"\",\"placeholder\":\"\",\"visible\":true,\"editable\":true},\"list\":{\"label\":\"Name\",\"searchable\":true,\"sortable\":true}},\"Posted_At\":{\"edit\":{\"label\":\"Posted_At\",\"description\":\"\",\"placeholder\":\"\",\"visible\":true,\"editable\":true},\"list\":{\"label\":\"Posted_At\",\"searchable\":true,\"sortable\":true}},\"Review\":{\"edit\":{\"label\":\"Review\",\"description\":\"\",\"placeholder\":\"\",\"visible\":true,\"editable\":true},\"list\":{\"label\":\"Review\",\"searchable\":true,\"sortable\":true}},\"Star\":{\"edit\":{\"label\":\"Star\",\"description\":\"\",\"placeholder\":\"\",\"visible\":true,\"editable\":true},\"list\":{\"label\":\"Star\",\"searchable\":true,\"sortable\":true}},\"Image\":{\"edit\":{\"label\":\"Image\",\"description\":\"\",\"placeholder\":\"\",\"visible\":true,\"editable\":true},\"list\":{\"label\":\"Image\",\"searchable\":false,\"sortable\":false}},\"Alias\":{\"edit\":{\"label\":\"Alias\",\"description\":\"\",\"placeholder\":\"\",\"visible\":true,\"editable\":true},\"list\":{\"label\":\"Alias\",\"searchable\":true,\"sortable\":true}},\"createdAt\":{\"edit\":{\"label\":\"createdAt\",\"description\":\"\",\"placeholder\":\"\",\"visible\":false,\"editable\":true},\"list\":{\"label\":\"createdAt\",\"searchable\":true,\"sortable\":true}},\"updatedAt\":{\"edit\":{\"label\":\"updatedAt\",\"description\":\"\",\"placeholder\":\"\",\"visible\":false,\"editable\":true},\"list\":{\"label\":\"updatedAt\",\"searchable\":true,\"sortable\":true}},\"createdBy\":{\"edit\":{\"label\":\"createdBy\",\"description\":\"\",\"placeholder\":\"\",\"visible\":false,\"editable\":true,\"mainField\":\"firstname\"},\"list\":{\"label\":\"createdBy\",\"searchable\":true,\"sortable\":true}},\"updatedBy\":{\"edit\":{\"label\":\"updatedBy\",\"description\":\"\",\"placeholder\":\"\",\"visible\":false,\"editable\":true,\"mainField\":\"firstname\"},\"list\":{\"label\":\"updatedBy\",\"searchable\":true,\"sortable\":true}}},\"layouts\":{\"edit\":[[{\"name\":\"Name\",\"size\":6},{\"name\":\"Alias\",\"size\":6}],[{\"name\":\"Review\",\"size\":12}],[{\"name\":\"Star\",\"size\":6},{\"name\":\"Posted_At\",\"size\":6}],[{\"name\":\"Image\",\"size\":6}]],\"list\":[\"id\",\"Name\",\"Image\",\"Star\",\"Posted_At\"]}}','object',NULL,NULL),(62,'plugin_content_manager_configuration_content_types::api::blog.blog','{\"uid\":\"api::blog.blog\",\"settings\":{\"bulkable\":true,\"filterable\":true,\"searchable\":true,\"pageSize\":10,\"mainField\":\"Title\",\"defaultSortBy\":\"Title\",\"defaultSortOrder\":\"ASC\"},\"metadatas\":{\"id\":{\"edit\":{},\"list\":{\"label\":\"id\",\"searchable\":true,\"sortable\":true}},\"Title\":{\"edit\":{\"label\":\"Title\",\"description\":\"\",\"placeholder\":\"\",\"visible\":true,\"editable\":true},\"list\":{\"label\":\"Title\",\"searchable\":true,\"sortable\":true}},\"Description\":{\"edit\":{\"label\":\"Description\",\"description\":\"\",\"placeholder\":\"\",\"visible\":true,\"editable\":true},\"list\":{\"label\":\"Description\",\"searchable\":false,\"sortable\":false}},\"Posted_At\":{\"edit\":{\"label\":\"Posted_At\",\"description\":\"\",\"placeholder\":\"\",\"visible\":true,\"editable\":true},\"list\":{\"label\":\"Posted_At\",\"searchable\":true,\"sortable\":true}},\"Image\":{\"edit\":{\"label\":\"Image\",\"description\":\"\",\"placeholder\":\"\",\"visible\":true,\"editable\":true},\"list\":{\"label\":\"Image\",\"searchable\":false,\"sortable\":false}},\"Tags\":{\"edit\":{\"label\":\"Tags\",\"description\":\"\",\"placeholder\":\"\",\"visible\":true,\"editable\":true},\"list\":{\"label\":\"Tags\",\"searchable\":false,\"sortable\":false}},\"Alias\":{\"edit\":{\"label\":\"Alias\",\"description\":\"\",\"placeholder\":\"\",\"visible\":true,\"editable\":true},\"list\":{\"label\":\"Alias\",\"searchable\":true,\"sortable\":true}},\"createdAt\":{\"edit\":{\"label\":\"createdAt\",\"description\":\"\",\"placeholder\":\"\",\"visible\":false,\"editable\":true},\"list\":{\"label\":\"createdAt\",\"searchable\":true,\"sortable\":true}},\"updatedAt\":{\"edit\":{\"label\":\"updatedAt\",\"description\":\"\",\"placeholder\":\"\",\"visible\":false,\"editable\":true},\"list\":{\"label\":\"updatedAt\",\"searchable\":true,\"sortable\":true}},\"createdBy\":{\"edit\":{\"label\":\"createdBy\",\"description\":\"\",\"placeholder\":\"\",\"visible\":false,\"editable\":true,\"mainField\":\"firstname\"},\"list\":{\"label\":\"createdBy\",\"searchable\":true,\"sortable\":true}},\"updatedBy\":{\"edit\":{\"label\":\"updatedBy\",\"description\":\"\",\"placeholder\":\"\",\"visible\":false,\"editable\":true,\"mainField\":\"firstname\"},\"list\":{\"label\":\"updatedBy\",\"searchable\":true,\"sortable\":true}}},\"layouts\":{\"edit\":[[{\"name\":\"Title\",\"size\":6},{\"name\":\"Alias\",\"size\":6}],[{\"name\":\"Posted_At\",\"size\":6},{\"name\":\"Image\",\"size\":6}],[{\"name\":\"Description\",\"size\":12}],[{\"name\":\"Tags\",\"size\":12}]],\"list\":[\"id\",\"Title\",\"Posted_At\",\"Image\"]}}','object',NULL,NULL),(64,'plugin_content_manager_configuration_content_types::api::blog-tag.blog-tag','{\"uid\":\"api::blog-tag.blog-tag\",\"settings\":{\"bulkable\":true,\"filterable\":true,\"searchable\":true,\"pageSize\":10,\"mainField\":\"Name\",\"defaultSortBy\":\"Name\",\"defaultSortOrder\":\"ASC\"},\"metadatas\":{\"id\":{\"edit\":{},\"list\":{\"label\":\"id\",\"searchable\":true,\"sortable\":true}},\"Name\":{\"edit\":{\"label\":\"Name\",\"description\":\"\",\"placeholder\":\"\",\"visible\":true,\"editable\":true},\"list\":{\"label\":\"Name\",\"searchable\":true,\"sortable\":true}},\"Alias\":{\"edit\":{\"label\":\"Alias\",\"description\":\"\",\"placeholder\":\"\",\"visible\":true,\"editable\":true},\"list\":{\"label\":\"Alias\",\"searchable\":true,\"sortable\":true}},\"createdAt\":{\"edit\":{\"label\":\"createdAt\",\"description\":\"\",\"placeholder\":\"\",\"visible\":false,\"editable\":true},\"list\":{\"label\":\"createdAt\",\"searchable\":true,\"sortable\":true}},\"updatedAt\":{\"edit\":{\"label\":\"updatedAt\",\"description\":\"\",\"placeholder\":\"\",\"visible\":false,\"editable\":true},\"list\":{\"label\":\"updatedAt\",\"searchable\":true,\"sortable\":true}},\"createdBy\":{\"edit\":{\"label\":\"createdBy\",\"description\":\"\",\"placeholder\":\"\",\"visible\":false,\"editable\":true,\"mainField\":\"firstname\"},\"list\":{\"label\":\"createdBy\",\"searchable\":true,\"sortable\":true}},\"updatedBy\":{\"edit\":{\"label\":\"updatedBy\",\"description\":\"\",\"placeholder\":\"\",\"visible\":false,\"editable\":true,\"mainField\":\"firstname\"},\"list\":{\"label\":\"updatedBy\",\"searchable\":true,\"sortable\":true}}},\"layouts\":{\"list\":[\"id\",\"Name\",\"createdAt\",\"updatedAt\"],\"edit\":[[{\"name\":\"Name\",\"size\":6},{\"name\":\"Alias\",\"size\":6}]]}}','object',NULL,NULL),(65,'plugin_content_manager_configuration_components::blog.blog-tag','{\"uid\":\"blog.blog-tag\",\"settings\":{\"bulkable\":true,\"filterable\":true,\"searchable\":true,\"pageSize\":10,\"mainField\":\"id\",\"defaultSortBy\":\"id\",\"defaultSortOrder\":\"ASC\"},\"metadatas\":{\"id\":{\"edit\":{},\"list\":{\"label\":\"id\",\"searchable\":false,\"sortable\":false}},\"Tag\":{\"edit\":{\"label\":\"Tag\",\"description\":\"\",\"placeholder\":\"\",\"visible\":true,\"editable\":true,\"mainField\":\"Name\"},\"list\":{\"label\":\"Tag\",\"searchable\":true,\"sortable\":true}}},\"layouts\":{\"list\":[\"id\",\"Tag\"],\"edit\":[[{\"name\":\"Tag\",\"size\":6}]]},\"isComponent\":true}','object',NULL,NULL),(66,'plugin_content_manager_configuration_content_types::api::property-status.property-status','{\"uid\":\"api::property-status.property-status\",\"settings\":{\"bulkable\":true,\"filterable\":true,\"searchable\":true,\"pageSize\":10,\"mainField\":\"Name\",\"defaultSortBy\":\"Name\",\"defaultSortOrder\":\"ASC\"},\"metadatas\":{\"id\":{\"edit\":{},\"list\":{\"label\":\"id\",\"searchable\":true,\"sortable\":true}},\"Name\":{\"edit\":{\"label\":\"Name\",\"description\":\"\",\"placeholder\":\"\",\"visible\":true,\"editable\":true},\"list\":{\"label\":\"Name\",\"searchable\":true,\"sortable\":true}},\"Alias\":{\"edit\":{\"label\":\"Alias\",\"description\":\"\",\"placeholder\":\"\",\"visible\":true,\"editable\":true},\"list\":{\"label\":\"Alias\",\"searchable\":true,\"sortable\":true}},\"createdAt\":{\"edit\":{\"label\":\"createdAt\",\"description\":\"\",\"placeholder\":\"\",\"visible\":false,\"editable\":true},\"list\":{\"label\":\"createdAt\",\"searchable\":true,\"sortable\":true}},\"updatedAt\":{\"edit\":{\"label\":\"updatedAt\",\"description\":\"\",\"placeholder\":\"\",\"visible\":false,\"editable\":true},\"list\":{\"label\":\"updatedAt\",\"searchable\":true,\"sortable\":true}},\"createdBy\":{\"edit\":{\"label\":\"createdBy\",\"description\":\"\",\"placeholder\":\"\",\"visible\":false,\"editable\":true,\"mainField\":\"firstname\"},\"list\":{\"label\":\"createdBy\",\"searchable\":true,\"sortable\":true}},\"updatedBy\":{\"edit\":{\"label\":\"updatedBy\",\"description\":\"\",\"placeholder\":\"\",\"visible\":false,\"editable\":true,\"mainField\":\"firstname\"},\"list\":{\"label\":\"updatedBy\",\"searchable\":true,\"sortable\":true}}},\"layouts\":{\"list\":[\"id\",\"Name\",\"createdAt\",\"updatedAt\"],\"edit\":[[{\"name\":\"Name\",\"size\":6},{\"name\":\"Alias\",\"size\":6}]]}}','object',NULL,NULL),(67,'plugin_content_manager_configuration_components::property.amenities','{\"uid\":\"property.amenities\",\"settings\":{\"bulkable\":true,\"filterable\":true,\"searchable\":true,\"pageSize\":10,\"mainField\":\"id\",\"defaultSortBy\":\"id\",\"defaultSortOrder\":\"ASC\"},\"metadatas\":{\"id\":{\"edit\":{},\"list\":{\"label\":\"id\",\"searchable\":false,\"sortable\":false}},\"Amenitie\":{\"edit\":{\"label\":\"Amenitie\",\"description\":\"\",\"placeholder\":\"\",\"visible\":true,\"editable\":true,\"mainField\":\"Name\"},\"list\":{\"label\":\"Amenitie\",\"searchable\":true,\"sortable\":true}}},\"layouts\":{\"list\":[\"id\",\"Amenitie\"],\"edit\":[[{\"name\":\"Amenitie\",\"size\":6}]]},\"isComponent\":true}','object',NULL,NULL),(68,'plugin_content_manager_configuration_components::property.property-detail','{\"uid\":\"property.property-detail\",\"settings\":{\"bulkable\":true,\"filterable\":true,\"searchable\":true,\"pageSize\":10,\"mainField\":\"Name\",\"defaultSortBy\":\"id\",\"defaultSortOrder\":\"ASC\"},\"metadatas\":{\"id\":{\"edit\":{},\"list\":{\"label\":\"id\",\"searchable\":false,\"sortable\":false}},\"Name\":{\"edit\":{\"label\":\"Name\",\"description\":\"\",\"placeholder\":\"\",\"visible\":true,\"editable\":true},\"list\":{\"label\":\"Name\",\"searchable\":true,\"sortable\":true}},\"Description\":{\"edit\":{\"label\":\"Description\",\"description\":\"\",\"placeholder\":\"\",\"visible\":true,\"editable\":true},\"list\":{\"label\":\"Description\",\"searchable\":false,\"sortable\":false}},\"Image\":{\"edit\":{\"label\":\"Image\",\"description\":\"\",\"placeholder\":\"\",\"visible\":true,\"editable\":true},\"list\":{\"label\":\"Image\",\"searchable\":false,\"sortable\":false}}},\"layouts\":{\"list\":[\"id\",\"Name\",\"Image\"],\"edit\":[[{\"name\":\"Name\",\"size\":6}],[{\"name\":\"Description\",\"size\":12}],[{\"name\":\"Image\",\"size\":6}]]},\"isComponent\":true}','object',NULL,NULL),(69,'plugin_content_manager_configuration_components::property.facts-features','{\"uid\":\"property.facts-features\",\"settings\":{\"bulkable\":true,\"filterable\":true,\"searchable\":true,\"pageSize\":10,\"mainField\":\"Name\",\"defaultSortBy\":\"id\",\"defaultSortOrder\":\"ASC\"},\"metadatas\":{\"id\":{\"edit\":{},\"list\":{\"label\":\"id\",\"searchable\":false,\"sortable\":false}},\"Name\":{\"edit\":{\"label\":\"Name\",\"description\":\"\",\"placeholder\":\"\",\"visible\":true,\"editable\":true},\"list\":{\"label\":\"Name\",\"searchable\":true,\"sortable\":true}},\"Description\":{\"edit\":{\"label\":\"Description\",\"description\":\"\",\"placeholder\":\"\",\"visible\":true,\"editable\":true},\"list\":{\"label\":\"Description\",\"searchable\":false,\"sortable\":false}}},\"layouts\":{\"list\":[\"id\",\"Name\"],\"edit\":[[{\"name\":\"Name\",\"size\":6}],[{\"name\":\"Description\",\"size\":12}]]},\"isComponent\":true}','object',NULL,NULL),(70,'plugin_content_manager_configuration_components::property.floor-plans','{\"uid\":\"property.floor-plans\",\"settings\":{\"bulkable\":true,\"filterable\":true,\"searchable\":true,\"pageSize\":10,\"mainField\":\"Floor\",\"defaultSortBy\":\"id\",\"defaultSortOrder\":\"ASC\"},\"metadatas\":{\"id\":{\"edit\":{},\"list\":{\"label\":\"id\",\"searchable\":false,\"sortable\":false}},\"Floor\":{\"edit\":{\"label\":\"Floor\",\"description\":\"\",\"placeholder\":\"\",\"visible\":true,\"editable\":true},\"list\":{\"label\":\"Floor\",\"searchable\":true,\"sortable\":true}},\"Image\":{\"edit\":{\"label\":\"Image\",\"description\":\"\",\"placeholder\":\"\",\"visible\":true,\"editable\":true},\"list\":{\"label\":\"Image\",\"searchable\":false,\"sortable\":false}},\"Description\":{\"edit\":{\"label\":\"Description\",\"description\":\"\",\"placeholder\":\"\",\"visible\":true,\"editable\":true},\"list\":{\"label\":\"Description\",\"searchable\":true,\"sortable\":true}}},\"layouts\":{\"list\":[\"id\",\"Floor\",\"Image\",\"Description\"],\"edit\":[[{\"name\":\"Floor\",\"size\":6},{\"name\":\"Image\",\"size\":6}],[{\"name\":\"Description\",\"size\":6}]]},\"isComponent\":true}','object',NULL,NULL),(71,'plugin_content_manager_configuration_components::property.extra','{\"uid\":\"property.extra\",\"settings\":{\"bulkable\":true,\"filterable\":true,\"searchable\":true,\"pageSize\":10,\"mainField\":\"Title\",\"defaultSortBy\":\"id\",\"defaultSortOrder\":\"ASC\"},\"metadatas\":{\"id\":{\"edit\":{},\"list\":{\"label\":\"id\",\"searchable\":false,\"sortable\":false}},\"Title\":{\"edit\":{\"label\":\"Title\",\"description\":\"\",\"placeholder\":\"\",\"visible\":true,\"editable\":true},\"list\":{\"label\":\"Title\",\"searchable\":true,\"sortable\":true}},\"Description\":{\"edit\":{\"label\":\"Description\",\"description\":\"\",\"placeholder\":\"\",\"visible\":true,\"editable\":true},\"list\":{\"label\":\"Description\",\"searchable\":false,\"sortable\":false}}},\"layouts\":{\"list\":[\"id\",\"Title\"],\"edit\":[[{\"name\":\"Title\",\"size\":6}],[{\"name\":\"Description\",\"size\":12}]]},\"isComponent\":true}','object',NULL,NULL),(72,'plugin_content_manager_configuration_components::property.price-structure','{\"uid\":\"property.price-structure\",\"settings\":{\"bulkable\":true,\"filterable\":true,\"searchable\":true,\"pageSize\":10,\"mainField\":\"Name\",\"defaultSortBy\":\"Name\",\"defaultSortOrder\":\"ASC\"},\"metadatas\":{\"id\":{\"edit\":{},\"list\":{\"label\":\"id\",\"searchable\":false,\"sortable\":false}},\"Name\":{\"edit\":{\"label\":\"Name\",\"description\":\"\",\"placeholder\":\"\",\"visible\":true,\"editable\":true},\"list\":{\"label\":\"Name\",\"searchable\":true,\"sortable\":true}},\"Description\":{\"edit\":{\"label\":\"Description\",\"description\":\"\",\"placeholder\":\"\",\"visible\":true,\"editable\":true},\"list\":{\"label\":\"Description\",\"searchable\":false,\"sortable\":false}},\"Value\":{\"edit\":{\"label\":\"Value\",\"description\":\"\",\"placeholder\":\"\",\"visible\":true,\"editable\":true},\"list\":{\"label\":\"Value\",\"searchable\":true,\"sortable\":true}}},\"layouts\":{\"list\":[\"id\",\"Name\",\"Value\"],\"edit\":[[{\"name\":\"Name\",\"size\":6},{\"name\":\"Value\",\"size\":6}],[{\"name\":\"Description\",\"size\":12}]]},\"isComponent\":true}','object',NULL,NULL),(73,'plugin_content_manager_configuration_components::property.advantage','{\"uid\":\"property.advantage\",\"settings\":{\"bulkable\":true,\"filterable\":true,\"searchable\":true,\"pageSize\":10,\"mainField\":\"Name\",\"defaultSortBy\":\"id\",\"defaultSortOrder\":\"ASC\"},\"metadatas\":{\"id\":{\"edit\":{},\"list\":{\"label\":\"id\",\"searchable\":false,\"sortable\":false}},\"Name\":{\"edit\":{\"label\":\"Name\",\"description\":\"\",\"placeholder\":\"\",\"visible\":true,\"editable\":true},\"list\":{\"label\":\"Name\",\"searchable\":true,\"sortable\":true}},\"Description\":{\"edit\":{\"label\":\"Description\",\"description\":\"\",\"placeholder\":\"\",\"visible\":true,\"editable\":true},\"list\":{\"label\":\"Description\",\"searchable\":false,\"sortable\":false}}},\"layouts\":{\"list\":[\"id\",\"Name\"],\"edit\":[[{\"name\":\"Name\",\"size\":6}],[{\"name\":\"Description\",\"size\":12}]]},\"isComponent\":true}','object',NULL,NULL),(74,'plugin_content_manager_configuration_components::property.downloads','{\"uid\":\"property.downloads\",\"settings\":{\"bulkable\":true,\"filterable\":true,\"searchable\":true,\"pageSize\":10,\"mainField\":\"Name\",\"defaultSortBy\":\"Name\",\"defaultSortOrder\":\"ASC\"},\"metadatas\":{\"id\":{\"edit\":{},\"list\":{\"label\":\"id\",\"searchable\":false,\"sortable\":false}},\"Name\":{\"edit\":{\"label\":\"Name\",\"description\":\"\",\"placeholder\":\"\",\"visible\":true,\"editable\":true},\"list\":{\"label\":\"Name\",\"searchable\":true,\"sortable\":true}},\"Link\":{\"edit\":{\"label\":\"Link\",\"description\":\"\",\"placeholder\":\"\",\"visible\":true,\"editable\":true},\"list\":{\"label\":\"Link\",\"searchable\":true,\"sortable\":true}}},\"layouts\":{\"list\":[\"id\",\"Name\",\"Link\"],\"edit\":[[{\"name\":\"Name\",\"size\":6},{\"name\":\"Link\",\"size\":6}]]},\"isComponent\":true}','object',NULL,NULL),(75,'plugin_content_manager_configuration_components::property.unit-details','{\"uid\":\"property.unit-details\",\"settings\":{\"bulkable\":true,\"filterable\":true,\"searchable\":true,\"pageSize\":10,\"mainField\":\"Unit_Type\",\"defaultSortBy\":\"Unit_Type\",\"defaultSortOrder\":\"ASC\"},\"metadatas\":{\"id\":{\"edit\":{},\"list\":{\"label\":\"id\",\"searchable\":false,\"sortable\":false}},\"Unit_Type\":{\"edit\":{\"label\":\"Unit_Type\",\"description\":\"\",\"placeholder\":\"\",\"visible\":true,\"editable\":true},\"list\":{\"label\":\"Unit_Type\",\"searchable\":true,\"sortable\":true}},\"Saleable_Area\":{\"edit\":{\"label\":\"Saleable_Area\",\"description\":\"\",\"placeholder\":\"\",\"visible\":true,\"editable\":true},\"list\":{\"label\":\"Saleable_Area\",\"searchable\":true,\"sortable\":true}},\"RERA_Carpet_Area\":{\"edit\":{\"label\":\"RERA_Carpet_Area\",\"description\":\"\",\"placeholder\":\"\",\"visible\":true,\"editable\":true},\"list\":{\"label\":\"RERA_Carpet_Area\",\"searchable\":true,\"sortable\":true}},\"Document\":{\"edit\":{\"label\":\"Document\",\"description\":\"\",\"placeholder\":\"\",\"visible\":true,\"editable\":true},\"list\":{\"label\":\"Document\",\"searchable\":false,\"sortable\":false}}},\"layouts\":{\"list\":[\"id\",\"Unit_Type\",\"Saleable_Area\",\"RERA_Carpet_Area\"],\"edit\":[[{\"name\":\"Unit_Type\",\"size\":6},{\"name\":\"Saleable_Area\",\"size\":6}],[{\"name\":\"RERA_Carpet_Area\",\"size\":6},{\"name\":\"Document\",\"size\":6}]]},\"isComponent\":true}','object',NULL,NULL),(76,'plugin_content_manager_configuration_content_types::api::email-template.email-template','{\"uid\":\"api::email-template.email-template\",\"settings\":{\"bulkable\":true,\"filterable\":true,\"searchable\":true,\"pageSize\":10,\"mainField\":\"Template_Name\",\"defaultSortBy\":\"Subject\",\"defaultSortOrder\":\"ASC\"},\"metadatas\":{\"id\":{\"edit\":{},\"list\":{\"label\":\"id\",\"searchable\":true,\"sortable\":true}},\"Subject\":{\"edit\":{\"label\":\"Subject\",\"description\":\"\",\"placeholder\":\"\",\"visible\":true,\"editable\":true},\"list\":{\"label\":\"Subject\",\"searchable\":true,\"sortable\":true}},\"To\":{\"edit\":{\"label\":\"To\",\"description\":\"\",\"placeholder\":\"\",\"visible\":true,\"editable\":true},\"list\":{\"label\":\"To\",\"searchable\":true,\"sortable\":true}},\"From\":{\"edit\":{\"label\":\"From\",\"description\":\"\",\"placeholder\":\"\",\"visible\":true,\"editable\":true},\"list\":{\"label\":\"From\",\"searchable\":true,\"sortable\":true}},\"Template_Name\":{\"edit\":{\"label\":\"Template_Name\",\"description\":\"\",\"placeholder\":\"\",\"visible\":true,\"editable\":true},\"list\":{\"label\":\"Template_Name\",\"searchable\":true,\"sortable\":true}},\"Message\":{\"edit\":{\"label\":\"Message\",\"description\":\"\",\"placeholder\":\"\",\"visible\":true,\"editable\":true},\"list\":{\"label\":\"Message\",\"searchable\":false,\"sortable\":false}},\"Alias\":{\"edit\":{\"label\":\"Alias\",\"description\":\"\",\"placeholder\":\"\",\"visible\":true,\"editable\":true},\"list\":{\"label\":\"Alias\",\"searchable\":true,\"sortable\":true}},\"createdAt\":{\"edit\":{\"label\":\"createdAt\",\"description\":\"\",\"placeholder\":\"\",\"visible\":false,\"editable\":true},\"list\":{\"label\":\"createdAt\",\"searchable\":true,\"sortable\":true}},\"updatedAt\":{\"edit\":{\"label\":\"updatedAt\",\"description\":\"\",\"placeholder\":\"\",\"visible\":false,\"editable\":true},\"list\":{\"label\":\"updatedAt\",\"searchable\":true,\"sortable\":true}},\"createdBy\":{\"edit\":{\"label\":\"createdBy\",\"description\":\"\",\"placeholder\":\"\",\"visible\":false,\"editable\":true,\"mainField\":\"firstname\"},\"list\":{\"label\":\"createdBy\",\"searchable\":true,\"sortable\":true}},\"updatedBy\":{\"edit\":{\"label\":\"updatedBy\",\"description\":\"\",\"placeholder\":\"\",\"visible\":false,\"editable\":true,\"mainField\":\"firstname\"},\"list\":{\"label\":\"updatedBy\",\"searchable\":true,\"sortable\":true}}},\"layouts\":{\"edit\":[[{\"name\":\"Template_Name\",\"size\":6},{\"name\":\"Alias\",\"size\":6}],[{\"name\":\"Subject\",\"size\":12}],[{\"name\":\"To\",\"size\":6},{\"name\":\"From\",\"size\":6}],[{\"name\":\"Message\",\"size\":12}]],\"list\":[\"id\",\"Subject\",\"To\",\"From\"]}}','object',NULL,NULL),(77,'plugin_content_manager_configuration_content_types::api::popup-contact.popup-contact','{\"uid\":\"api::popup-contact.popup-contact\",\"settings\":{\"bulkable\":true,\"filterable\":true,\"searchable\":true,\"pageSize\":10,\"mainField\":\"Name\",\"defaultSortBy\":\"Name\",\"defaultSortOrder\":\"ASC\"},\"metadatas\":{\"id\":{\"edit\":{},\"list\":{\"label\":\"id\",\"searchable\":true,\"sortable\":true}},\"Name\":{\"edit\":{\"label\":\"Name\",\"description\":\"\",\"placeholder\":\"\",\"visible\":true,\"editable\":true},\"list\":{\"label\":\"Name\",\"searchable\":true,\"sortable\":true}},\"Image\":{\"edit\":{\"label\":\"Image\",\"description\":\"\",\"placeholder\":\"\",\"visible\":true,\"editable\":true},\"list\":{\"label\":\"Image\",\"searchable\":false,\"sortable\":false}},\"Description\":{\"edit\":{\"label\":\"Description\",\"description\":\"\",\"placeholder\":\"\",\"visible\":true,\"editable\":true},\"list\":{\"label\":\"Description\",\"searchable\":true,\"sortable\":true}},\"createdAt\":{\"edit\":{\"label\":\"createdAt\",\"description\":\"\",\"placeholder\":\"\",\"visible\":false,\"editable\":true},\"list\":{\"label\":\"createdAt\",\"searchable\":true,\"sortable\":true}},\"updatedAt\":{\"edit\":{\"label\":\"updatedAt\",\"description\":\"\",\"placeholder\":\"\",\"visible\":false,\"editable\":true},\"list\":{\"label\":\"updatedAt\",\"searchable\":true,\"sortable\":true}},\"createdBy\":{\"edit\":{\"label\":\"createdBy\",\"description\":\"\",\"placeholder\":\"\",\"visible\":false,\"editable\":true,\"mainField\":\"firstname\"},\"list\":{\"label\":\"createdBy\",\"searchable\":true,\"sortable\":true}},\"updatedBy\":{\"edit\":{\"label\":\"updatedBy\",\"description\":\"\",\"placeholder\":\"\",\"visible\":false,\"editable\":true,\"mainField\":\"firstname\"},\"list\":{\"label\":\"updatedBy\",\"searchable\":true,\"sortable\":true}}},\"layouts\":{\"list\":[\"id\",\"Name\",\"Image\",\"Description\"],\"edit\":[[{\"name\":\"Name\",\"size\":6},{\"name\":\"Image\",\"size\":6}],[{\"name\":\"Description\",\"size\":6}]]}}','object',NULL,NULL),(78,'plugin_content_manager_configuration_content_types::api::property-amenitie.property-amenitie','{\"uid\":\"api::property-amenitie.property-amenitie\",\"settings\":{\"bulkable\":true,\"filterable\":true,\"searchable\":true,\"pageSize\":10,\"mainField\":\"Name\",\"defaultSortBy\":\"Name\",\"defaultSortOrder\":\"ASC\"},\"metadatas\":{\"id\":{\"edit\":{},\"list\":{\"label\":\"id\",\"searchable\":true,\"sortable\":true}},\"Name\":{\"edit\":{\"label\":\"Name\",\"description\":\"\",\"placeholder\":\"\",\"visible\":true,\"editable\":true},\"list\":{\"label\":\"Name\",\"searchable\":true,\"sortable\":true}},\"Icon\":{\"edit\":{\"label\":\"Icon\",\"description\":\"\",\"placeholder\":\"\",\"visible\":true,\"editable\":true},\"list\":{\"label\":\"Icon\",\"searchable\":true,\"sortable\":true}},\"Image\":{\"edit\":{\"label\":\"Image\",\"description\":\"\",\"placeholder\":\"\",\"visible\":true,\"editable\":true},\"list\":{\"label\":\"Image\",\"searchable\":false,\"sortable\":false}},\"Alias\":{\"edit\":{\"label\":\"Alias\",\"description\":\"\",\"placeholder\":\"\",\"visible\":true,\"editable\":true},\"list\":{\"label\":\"Alias\",\"searchable\":true,\"sortable\":true}},\"createdAt\":{\"edit\":{\"label\":\"createdAt\",\"description\":\"\",\"placeholder\":\"\",\"visible\":false,\"editable\":true},\"list\":{\"label\":\"createdAt\",\"searchable\":true,\"sortable\":true}},\"updatedAt\":{\"edit\":{\"label\":\"updatedAt\",\"description\":\"\",\"placeholder\":\"\",\"visible\":false,\"editable\":true},\"list\":{\"label\":\"updatedAt\",\"searchable\":true,\"sortable\":true}},\"createdBy\":{\"edit\":{\"label\":\"createdBy\",\"description\":\"\",\"placeholder\":\"\",\"visible\":false,\"editable\":true,\"mainField\":\"firstname\"},\"list\":{\"label\":\"createdBy\",\"searchable\":true,\"sortable\":true}},\"updatedBy\":{\"edit\":{\"label\":\"updatedBy\",\"description\":\"\",\"placeholder\":\"\",\"visible\":false,\"editable\":true,\"mainField\":\"firstname\"},\"list\":{\"label\":\"updatedBy\",\"searchable\":true,\"sortable\":true}}},\"layouts\":{\"edit\":[[{\"name\":\"Name\",\"size\":6},{\"name\":\"Alias\",\"size\":6}],[{\"name\":\"Image\",\"size\":6},{\"name\":\"Icon\",\"size\":6}]],\"list\":[\"id\",\"Name\",\"Icon\",\"createdAt\"]}}','object',NULL,NULL),(80,'plugin_content_manager_configuration_components::property.distances','{\"uid\":\"property.distances\",\"settings\":{\"bulkable\":true,\"filterable\":true,\"searchable\":true,\"pageSize\":10,\"mainField\":\"Bus_Stand\",\"defaultSortBy\":\"Bus_Stand\",\"defaultSortOrder\":\"ASC\"},\"metadatas\":{\"id\":{\"edit\":{},\"list\":{\"label\":\"id\",\"searchable\":false,\"sortable\":false}},\"Bus_Stand\":{\"edit\":{\"label\":\"Bus_Stand\",\"description\":\"\",\"placeholder\":\"\",\"visible\":true,\"editable\":true},\"list\":{\"label\":\"Bus_Stand\",\"searchable\":true,\"sortable\":true}},\"Railway_Station\":{\"edit\":{\"label\":\"Railway_Station\",\"description\":\"\",\"placeholder\":\"\",\"visible\":true,\"editable\":true},\"list\":{\"label\":\"Railway_Station\",\"searchable\":true,\"sortable\":true}},\"School\":{\"edit\":{\"label\":\"School\",\"description\":\"\",\"placeholder\":\"\",\"visible\":true,\"editable\":true},\"list\":{\"label\":\"School\",\"searchable\":true,\"sortable\":true}},\"Hosptial\":{\"edit\":{\"label\":\"Hosptial\",\"description\":\"\",\"placeholder\":\"\",\"visible\":true,\"editable\":true},\"list\":{\"label\":\"Hosptial\",\"searchable\":true,\"sortable\":true}}},\"layouts\":{\"list\":[\"id\",\"Bus_Stand\",\"Railway_Station\",\"School\"],\"edit\":[[{\"name\":\"Bus_Stand\",\"size\":6},{\"name\":\"Railway_Station\",\"size\":6}],[{\"name\":\"School\",\"size\":6},{\"name\":\"Hosptial\",\"size\":6}]]},\"isComponent\":true}','object',NULL,NULL),(81,'plugin_content_manager_configuration_components::property.other-features','{\"uid\":\"property.other-features\",\"settings\":{\"bulkable\":true,\"filterable\":true,\"searchable\":true,\"pageSize\":10,\"mainField\":\"Spot_Name\",\"defaultSortBy\":\"Spot_Name\",\"defaultSortOrder\":\"ASC\"},\"metadatas\":{\"id\":{\"edit\":{},\"list\":{\"label\":\"id\",\"searchable\":false,\"sortable\":false}},\"Spot_Name\":{\"edit\":{\"label\":\"Spot_Name\",\"description\":\"\",\"placeholder\":\"\",\"visible\":true,\"editable\":true},\"list\":{\"label\":\"Spot_Name\",\"searchable\":true,\"sortable\":true}},\"Timing\":{\"edit\":{\"label\":\"Timing\",\"description\":\"\",\"placeholder\":\"\",\"visible\":true,\"editable\":true},\"list\":{\"label\":\"Timing\",\"searchable\":true,\"sortable\":true}}},\"layouts\":{\"list\":[\"id\",\"Spot_Name\",\"Timing\"],\"edit\":[[{\"name\":\"Spot_Name\",\"size\":6},{\"name\":\"Timing\",\"size\":6}]]},\"isComponent\":true}','object',NULL,NULL);
/*!40000 ALTER TABLE `strapi_core_store_settings` ENABLE KEYS */;
UNLOCK TABLES;

--
-- Table structure for table `strapi_database_schema`
--

DROP TABLE IF EXISTS `strapi_database_schema`;
/*!40101 SET @saved_cs_client     = @@character_set_client */;
/*!50503 SET character_set_client = utf8mb4 */;
CREATE TABLE `strapi_database_schema` (
  `id` int unsigned NOT NULL AUTO_INCREMENT,
  `schema` json DEFAULT NULL,
  `time` datetime DEFAULT NULL,
  `hash` varchar(255) DEFAULT NULL,
  PRIMARY KEY (`id`)
) ENGINE=InnoDB AUTO_INCREMENT=197 DEFAULT CHARSET=utf8mb4 COLLATE=utf8mb4_0900_ai_ci;
/*!40101 SET character_set_client = @saved_cs_client */;

--
-- Dumping data for table `strapi_database_schema`
--

LOCK TABLES `strapi_database_schema` WRITE;
/*!40000 ALTER TABLE `strapi_database_schema` DISABLE KEYS */;
INSERT INTO `strapi_database_schema` VALUES (196,'{\"tables\": [{\"name\": \"strapi_core_store_settings\", \"columns\": [{\"args\": [{\"primary\": true, \"primaryKey\": true}], \"name\": \"id\", \"type\": \"increments\", \"unsigned\": false, \"defaultTo\": null, \"notNullable\": true}, {\"args\": [], \"name\": \"key\", \"type\": \"string\", \"unsigned\": false, \"defaultTo\": null, \"notNullable\": false}, {\"args\": [\"longtext\"], \"name\": \"value\", \"type\": \"text\", \"unsigned\": false, \"defaultTo\": null, \"notNullable\": false}, {\"args\": [], \"name\": \"type\", \"type\": \"string\", \"unsigned\": false, \"defaultTo\": null, \"notNullable\": false}, {\"args\": [], \"name\": \"environment\", \"type\": \"string\", \"unsigned\": false, \"defaultTo\": null, \"notNullable\": false}, {\"args\": [], \"name\": \"tag\", \"type\": \"string\", \"unsigned\": false, \"defaultTo\": null, \"notNullable\": false}], \"indexes\": [], \"foreignKeys\": []}, {\"name\": \"strapi_webhooks\", \"columns\": [{\"args\": [{\"primary\": true, \"primaryKey\": true}], \"name\": \"id\", \"type\": \"increments\", \"unsigned\": false, \"defaultTo\": null, \"notNullable\": true}, {\"args\": [], \"name\": \"name\", \"type\": \"string\", \"unsigned\": false, \"defaultTo\": null, \"notNullable\": false}, {\"args\": [\"longtext\"], \"name\": \"url\", \"type\": \"text\", \"unsigned\": false, \"defaultTo\": null, \"notNullable\": false}, {\"args\": [], \"name\": \"headers\", \"type\": \"jsonb\", \"unsigned\": false, \"defaultTo\": null, \"notNullable\": false}, {\"args\": [], \"name\": \"events\", \"type\": \"jsonb\", \"unsigned\": false, \"defaultTo\": null, \"notNullable\": false}, {\"args\": [], \"name\": \"enabled\", \"type\": \"boolean\", \"unsigned\": false, \"defaultTo\": null, \"notNullable\": false}], \"indexes\": [], \"foreignKeys\": []}, {\"name\": \"admin_permissions\", \"columns\": [{\"args\": [{\"primary\": true, \"primaryKey\": true}], \"name\": \"id\", \"type\": \"increments\", \"unsigned\": false, \"defaultTo\": null, \"notNullable\": true}, {\"args\": [], \"name\": \"action\", \"type\": \"string\", \"unsigned\": false, \"defaultTo\": null, \"notNullable\": false}, {\"args\": [], \"name\": \"subject\", \"type\": \"string\", \"unsigned\": false, \"defaultTo\": null, \"notNullable\": false}, {\"args\": [], \"name\": \"properties\", \"type\": \"jsonb\", \"unsigned\": false, \"defaultTo\": null, \"notNullable\": false}, {\"args\": [], \"name\": \"conditions\", \"type\": \"jsonb\", \"unsigned\": false, \"defaultTo\": null, \"notNullable\": false}, {\"args\": [{\"useTz\": false, \"precision\": 6}], \"name\": \"created_at\", \"type\": \"datetime\", \"unsigned\": false, \"defaultTo\": null, \"notNullable\": false}, {\"args\": [{\"useTz\": false, \"precision\": 6}], \"name\": \"updated_at\", \"type\": \"datetime\", \"unsigned\": false, \"defaultTo\": null, \"notNullable\": false}, {\"args\": [], \"name\": \"created_by_id\", \"type\": \"integer\", \"unsigned\": true, \"defaultTo\": null, \"notNullable\": false}, {\"args\": [], \"name\": \"updated_by_id\", \"type\": \"integer\", \"unsigned\": true, \"defaultTo\": null, \"notNullable\": false}], \"indexes\": [{\"name\": \"admin_permissions_created_by_id_fk\", \"columns\": [\"created_by_id\"]}, {\"name\": \"admin_permissions_updated_by_id_fk\", \"columns\": [\"updated_by_id\"]}], \"foreignKeys\": [{\"name\": \"admin_permissions_created_by_id_fk\", \"columns\": [\"created_by_id\"], \"onDelete\": \"SET NULL\", \"referencedTable\": \"admin_users\", \"referencedColumns\": [\"id\"]}, {\"name\": \"admin_permissions_updated_by_id_fk\", \"columns\": [\"updated_by_id\"], \"onDelete\": \"SET NULL\", \"referencedTable\": \"admin_users\", \"referencedColumns\": [\"id\"]}]}, {\"name\": \"admin_users\", \"columns\": [{\"args\": [{\"primary\": true, \"primaryKey\": true}], \"name\": \"id\", \"type\": \"increments\", \"unsigned\": false, \"defaultTo\": null, \"notNullable\": true}, {\"args\": [], \"name\": \"firstname\", \"type\": \"string\", \"unsigned\": false, \"defaultTo\": null, \"notNullable\": false}, {\"args\": [], \"name\": \"lastname\", \"type\": \"string\", \"unsigned\": false, \"defaultTo\": null, \"notNullable\": false}, {\"args\": [], \"name\": \"username\", \"type\": \"string\", \"unsigned\": false, \"defaultTo\": null, \"notNullable\": false}, {\"args\": [], \"name\": \"email\", \"type\": \"string\", \"unsigned\": false, \"defaultTo\": null, \"notNullable\": false}, {\"args\": [], \"name\": \"password\", \"type\": \"string\", \"unsigned\": false, \"defaultTo\": null, \"notNullable\": false}, {\"args\": [], \"name\": \"reset_password_token\", \"type\": \"string\", \"unsigned\": false, \"defaultTo\": null, \"notNullable\": false}, {\"args\": [], \"name\": \"registration_token\", \"type\": \"string\", \"unsigned\": false, \"defaultTo\": null, \"notNullable\": false}, {\"args\": [], \"name\": \"is_active\", \"type\": \"boolean\", \"unsigned\": false, \"defaultTo\": null, \"notNullable\": false}, {\"args\": [], \"name\": \"blocked\", \"type\": \"boolean\", \"unsigned\": false, \"defaultTo\": null, \"notNullable\": false}, {\"args\": [], \"name\": \"prefered_language\", \"type\": \"string\", \"unsigned\": false, \"defaultTo\": null, \"notNullable\": false}, {\"args\": [{\"useTz\": false, \"precision\": 6}], \"name\": \"created_at\", \"type\": \"datetime\", \"unsigned\": false, \"defaultTo\": null, \"notNullable\": false}, {\"args\": [{\"useTz\": false, \"precision\": 6}], \"name\": \"updated_at\", \"type\": \"datetime\", \"unsigned\": false, \"defaultTo\": null, \"notNullable\": false}, {\"args\": [], \"name\": \"created_by_id\", \"type\": \"integer\", \"unsigned\": true, \"defaultTo\": null, \"notNullable\": false}, {\"args\": [], \"name\": \"updated_by_id\", \"type\": \"integer\", \"unsigned\": true, \"defaultTo\": null, \"notNullable\": false}], \"indexes\": [{\"name\": \"admin_users_created_by_id_fk\", \"columns\": [\"created_by_id\"]}, {\"name\": \"admin_users_updated_by_id_fk\", \"columns\": [\"updated_by_id\"]}], \"foreignKeys\": [{\"name\": \"admin_users_created_by_id_fk\", \"columns\": [\"created_by_id\"], \"onDelete\": \"SET NULL\", \"referencedTable\": \"admin_users\", \"referencedColumns\": [\"id\"]}, {\"name\": \"admin_users_updated_by_id_fk\", \"columns\": [\"updated_by_id\"], \"onDelete\": \"SET NULL\", \"referencedTable\": \"admin_users\", \"referencedColumns\": [\"id\"]}]}, {\"name\": \"admin_roles\", \"columns\": [{\"args\": [{\"primary\": true, \"primaryKey\": true}], \"name\": \"id\", \"type\": \"increments\", \"unsigned\": false, \"defaultTo\": null, \"notNullable\": true}, {\"args\": [], \"name\": \"name\", \"type\": \"string\", \"unsigned\": false, \"defaultTo\": null, \"notNullable\": false}, {\"args\": [], \"name\": \"code\", \"type\": \"string\", \"unsigned\": false, \"defaultTo\": null, \"notNullable\": false}, {\"args\": [], \"name\": \"description\", \"type\": \"string\", \"unsigned\": false, \"defaultTo\": null, \"notNullable\": false}, {\"args\": [{\"useTz\": false, \"precision\": 6}], \"name\": \"created_at\", \"type\": \"datetime\", \"unsigned\": false, \"defaultTo\": null, \"notNullable\": false}, {\"args\": [{\"useTz\": false, \"precision\": 6}], \"name\": \"updated_at\", \"type\": \"datetime\", \"unsigned\": false, \"defaultTo\": null, \"notNullable\": false}, {\"args\": [], \"name\": \"created_by_id\", \"type\": \"integer\", \"unsigned\": true, \"defaultTo\": null, \"notNullable\": false}, {\"args\": [], \"name\": \"updated_by_id\", \"type\": \"integer\", \"unsigned\": true, \"defaultTo\": null, \"notNullable\": false}], \"indexes\": [{\"name\": \"admin_roles_created_by_id_fk\", \"columns\": [\"created_by_id\"]}, {\"name\": \"admin_roles_updated_by_id_fk\", \"columns\": [\"updated_by_id\"]}], \"foreignKeys\": [{\"name\": \"admin_roles_created_by_id_fk\", \"columns\": [\"created_by_id\"], \"onDelete\": \"SET NULL\", \"referencedTable\": \"admin_users\", \"referencedColumns\": [\"id\"]}, {\"name\": \"admin_roles_updated_by_id_fk\", \"columns\": [\"updated_by_id\"], \"onDelete\": \"SET NULL\", \"referencedTable\": \"admin_users\", \"referencedColumns\": [\"id\"]}]}, {\"name\": \"strapi_api_tokens\", \"columns\": [{\"args\": [{\"primary\": true, \"primaryKey\": true}], \"name\": \"id\", \"type\": \"increments\", \"unsigned\": false, \"defaultTo\": null, \"notNullable\": true}, {\"args\": [], \"name\": \"name\", \"type\": \"string\", \"unsigned\": false, \"defaultTo\": null, \"notNullable\": false}, {\"args\": [], \"name\": \"description\", \"type\": \"string\", \"unsigned\": false, \"defaultTo\": null, \"notNullable\": false}, {\"args\": [], \"name\": \"type\", \"type\": \"string\", \"unsigned\": false, \"defaultTo\": null, \"notNullable\": false}, {\"args\": [], \"name\": \"access_key\", \"type\": \"string\", \"unsigned\": false, \"defaultTo\": null, \"notNullable\": false}, {\"args\": [{\"useTz\": false, \"precision\": 6}], \"name\": \"last_used_at\", \"type\": \"datetime\", \"unsigned\": false, \"defaultTo\": null, \"notNullable\": false}, {\"args\": [{\"useTz\": false, \"precision\": 6}], \"name\": \"expires_at\", \"type\": \"datetime\", \"unsigned\": false, \"defaultTo\": null, \"notNullable\": false}, {\"args\": [], \"name\": \"lifespan\", \"type\": \"bigInteger\", \"unsigned\": false, \"defaultTo\": null, \"notNullable\": false}, {\"args\": [{\"useTz\": false, \"precision\": 6}], \"name\": \"created_at\", \"type\": \"datetime\", \"unsigned\": false, \"defaultTo\": null, \"notNullable\": false}, {\"args\": [{\"useTz\": false, \"precision\": 6}], \"name\": \"updated_at\", \"type\": \"datetime\", \"unsigned\": false, \"defaultTo\": null, \"notNullable\": false}, {\"args\": [], \"name\": \"created_by_id\", \"type\": \"integer\", \"unsigned\": true, \"defaultTo\": null, \"notNullable\": false}, {\"args\": [], \"name\": \"updated_by_id\", \"type\": \"integer\", \"unsigned\": true, \"defaultTo\": null, \"notNullable\": false}], \"indexes\": [{\"name\": \"strapi_api_tokens_created_by_id_fk\", \"columns\": [\"created_by_id\"]}, {\"name\": \"strapi_api_tokens_updated_by_id_fk\", \"columns\": [\"updated_by_id\"]}], \"foreignKeys\": [{\"name\": \"strapi_api_tokens_created_by_id_fk\", \"columns\": [\"created_by_id\"], \"onDelete\": \"SET NULL\", \"referencedTable\": \"admin_users\", \"referencedColumns\": [\"id\"]}, {\"name\": \"strapi_api_tokens_updated_by_id_fk\", \"columns\": [\"updated_by_id\"], \"onDelete\": \"SET NULL\", \"referencedTable\": \"admin_users\", \"referencedColumns\": [\"id\"]}]}, {\"name\": \"strapi_api_token_permissions\", \"columns\": [{\"args\": [{\"primary\": true, \"primaryKey\": true}], \"name\": \"id\", \"type\": \"increments\", \"unsigned\": false, \"defaultTo\": null, \"notNullable\": true}, {\"args\": [], \"name\": \"action\", \"type\": \"string\", \"unsigned\": false, \"defaultTo\": null, \"notNullable\": false}, {\"args\": [{\"useTz\": false, \"precision\": 6}], \"name\": \"created_at\", \"type\": \"datetime\", \"unsigned\": false, \"defaultTo\": null, \"notNullable\": false}, {\"args\": [{\"useTz\": false, \"precision\": 6}], \"name\": \"updated_at\", \"type\": \"datetime\", \"unsigned\": false, \"defaultTo\": null, \"notNullable\": false}, {\"args\": [], \"name\": \"created_by_id\", \"type\": \"integer\", \"unsigned\": true, \"defaultTo\": null, \"notNullable\": false}, {\"args\": [], \"name\": \"updated_by_id\", \"type\": \"integer\", \"unsigned\": true, \"defaultTo\": null, \"notNullable\": false}], \"indexes\": [{\"name\": \"strapi_api_token_permissions_created_by_id_fk\", \"columns\": [\"created_by_id\"]}, {\"name\": \"strapi_api_token_permissions_updated_by_id_fk\", \"columns\": [\"updated_by_id\"]}], \"foreignKeys\": [{\"name\": \"strapi_api_token_permissions_created_by_id_fk\", \"columns\": [\"created_by_id\"], \"onDelete\": \"SET NULL\", \"referencedTable\": \"admin_users\", \"referencedColumns\": [\"id\"]}, {\"name\": \"strapi_api_token_permissions_updated_by_id_fk\", \"columns\": [\"updated_by_id\"], \"onDelete\": \"SET NULL\", \"referencedTable\": \"admin_users\", \"referencedColumns\": [\"id\"]}]}, {\"name\": \"strapi_transfer_tokens\", \"columns\": [{\"args\": [{\"primary\": true, \"primaryKey\": true}], \"name\": \"id\", \"type\": \"increments\", \"unsigned\": false, \"defaultTo\": null, \"notNullable\": true}, {\"args\": [], \"name\": \"name\", \"type\": \"string\", \"unsigned\": false, \"defaultTo\": null, \"notNullable\": false}, {\"args\": [], \"name\": \"description\", \"type\": \"string\", \"unsigned\": false, \"defaultTo\": null, \"notNullable\": false}, {\"args\": [], \"name\": \"access_key\", \"type\": \"string\", \"unsigned\": false, \"defaultTo\": null, \"notNullable\": false}, {\"args\": [{\"useTz\": false, \"precision\": 6}], \"name\": \"last_used_at\", \"type\": \"datetime\", \"unsigned\": false, \"defaultTo\": null, \"notNullable\": false}, {\"args\": [{\"useTz\": false, \"precision\": 6}], \"name\": \"expires_at\", \"type\": \"datetime\", \"unsigned\": false, \"defaultTo\": null, \"notNullable\": false}, {\"args\": [], \"name\": \"lifespan\", \"type\": \"bigInteger\", \"unsigned\": false, \"defaultTo\": null, \"notNullable\": false}, {\"args\": [{\"useTz\": false, \"precision\": 6}], \"name\": \"created_at\", \"type\": \"datetime\", \"unsigned\": false, \"defaultTo\": null, \"notNullable\": false}, {\"args\": [{\"useTz\": false, \"precision\": 6}], \"name\": \"updated_at\", \"type\": \"datetime\", \"unsigned\": false, \"defaultTo\": null, \"notNullable\": false}, {\"args\": [], \"name\": \"created_by_id\", \"type\": \"integer\", \"unsigned\": true, \"defaultTo\": null, \"notNullable\": false}, {\"args\": [], \"name\": \"updated_by_id\", \"type\": \"integer\", \"unsigned\": true, \"defaultTo\": null, \"notNullable\": false}], \"indexes\": [{\"name\": \"strapi_transfer_tokens_created_by_id_fk\", \"columns\": [\"created_by_id\"]}, {\"name\": \"strapi_transfer_tokens_updated_by_id_fk\", \"columns\": [\"updated_by_id\"]}], \"foreignKeys\": [{\"name\": \"strapi_transfer_tokens_created_by_id_fk\", \"columns\": [\"created_by_id\"], \"onDelete\": \"SET NULL\", \"referencedTable\": \"admin_users\", \"referencedColumns\": [\"id\"]}, {\"name\": \"strapi_transfer_tokens_updated_by_id_fk\", \"columns\": [\"updated_by_id\"], \"onDelete\": \"SET NULL\", \"referencedTable\": \"admin_users\", \"referencedColumns\": [\"id\"]}]}, {\"name\": \"strapi_transfer_token_permissions\", \"columns\": [{\"args\": [{\"primary\": true, \"primaryKey\": true}], \"name\": \"id\", \"type\": \"increments\", \"unsigned\": false, \"defaultTo\": null, \"notNullable\": true}, {\"args\": [], \"name\": \"action\", \"type\": \"string\", \"unsigned\": false, \"defaultTo\": null, \"notNullable\": false}, {\"args\": [{\"useTz\": false, \"precision\": 6}], \"name\": \"created_at\", \"type\": \"datetime\", \"unsigned\": false, \"defaultTo\": null, \"notNullable\": false}, {\"args\": [{\"useTz\": false, \"precision\": 6}], \"name\": \"updated_at\", \"type\": \"datetime\", \"unsigned\": false, \"defaultTo\": null, \"notNullable\": false}, {\"args\": [], \"name\": \"created_by_id\", \"type\": \"integer\", \"unsigned\": true, \"defaultTo\": null, \"notNullable\": false}, {\"args\": [], \"name\": \"updated_by_id\", \"type\": \"integer\", \"unsigned\": true, \"defaultTo\": null, \"notNullable\": false}], \"indexes\": [{\"name\": \"strapi_transfer_token_permissions_created_by_id_fk\", \"columns\": [\"created_by_id\"]}, {\"name\": \"strapi_transfer_token_permissions_updated_by_id_fk\", \"columns\": [\"updated_by_id\"]}], \"foreignKeys\": [{\"name\": \"strapi_transfer_token_permissions_created_by_id_fk\", \"columns\": [\"created_by_id\"], \"onDelete\": \"SET NULL\", \"referencedTable\": \"admin_users\", \"referencedColumns\": [\"id\"]}, {\"name\": \"strapi_transfer_token_permissions_updated_by_id_fk\", \"columns\": [\"updated_by_id\"], \"onDelete\": \"SET NULL\", \"referencedTable\": \"admin_users\", \"referencedColumns\": [\"id\"]}]}, {\"name\": \"files\", \"columns\": [{\"args\": [{\"primary\": true, \"primaryKey\": true}], \"name\": \"id\", \"type\": \"increments\", \"unsigned\": false, \"defaultTo\": null, \"notNullable\": true}, {\"args\": [], \"name\": \"name\", \"type\": \"string\", \"unsigned\": false, \"defaultTo\": null, \"notNullable\": false}, {\"args\": [], \"name\": \"alternative_text\", \"type\": \"string\", \"unsigned\": false, \"defaultTo\": null, \"notNullable\": false}, {\"args\": [], \"name\": \"caption\", \"type\": \"string\", \"unsigned\": false, \"defaultTo\": null, \"notNullable\": false}, {\"args\": [], \"name\": \"width\", \"type\": \"integer\", \"unsigned\": false, \"defaultTo\": null, \"notNullable\": false}, {\"args\": [], \"name\": \"height\", \"type\": \"integer\", \"unsigned\": false, \"defaultTo\": null, \"notNullable\": false}, {\"args\": [], \"name\": \"formats\", \"type\": \"jsonb\", \"unsigned\": false, \"defaultTo\": null, \"notNullable\": false}, {\"args\": [], \"name\": \"hash\", \"type\": \"string\", \"unsigned\": false, \"defaultTo\": null, \"notNullable\": false}, {\"args\": [], \"name\": \"ext\", \"type\": \"string\", \"unsigned\": false, \"defaultTo\": null, \"notNullable\": false}, {\"args\": [], \"name\": \"mime\", \"type\": \"string\", \"unsigned\": false, \"defaultTo\": null, \"notNullable\": false}, {\"args\": [10, 2], \"name\": \"size\", \"type\": \"decimal\", \"unsigned\": false, \"defaultTo\": null, \"notNullable\": false}, {\"args\": [], \"name\": \"url\", \"type\": \"string\", \"unsigned\": false, \"defaultTo\": null, \"notNullable\": false}, {\"args\": [], \"name\": \"preview_url\", \"type\": \"string\", \"unsigned\": false, \"defaultTo\": null, \"notNullable\": false}, {\"args\": [], \"name\": \"provider\", \"type\": \"string\", \"unsigned\": false, \"defaultTo\": null, \"notNullable\": false}, {\"args\": [], \"name\": \"provider_metadata\", \"type\": \"jsonb\", \"unsigned\": false, \"defaultTo\": null, \"notNullable\": false}, {\"args\": [], \"name\": \"folder_path\", \"type\": \"string\", \"unsigned\": false, \"defaultTo\": null, \"notNullable\": false}, {\"args\": [{\"useTz\": false, \"precision\": 6}], \"name\": \"created_at\", \"type\": \"datetime\", \"unsigned\": false, \"defaultTo\": null, \"notNullable\": false}, {\"args\": [{\"useTz\": false, \"precision\": 6}], \"name\": \"updated_at\", \"type\": \"datetime\", \"unsigned\": false, \"defaultTo\": null, \"notNullable\": false}, {\"args\": [], \"name\": \"created_by_id\", \"type\": \"integer\", \"unsigned\": true, \"defaultTo\": null, \"notNullable\": false}, {\"args\": [], \"name\": \"updated_by_id\", \"type\": \"integer\", \"unsigned\": true, \"defaultTo\": null, \"notNullable\": false}], \"indexes\": [{\"name\": \"upload_files_folder_path_index\", \"type\": null, \"columns\": [\"folder_path\"]}, {\"name\": \"upload_files_created_at_index\", \"type\": null, \"columns\": [\"created_at\"]}, {\"name\": \"upload_files_updated_at_index\", \"type\": null, \"columns\": [\"updated_at\"]}, {\"name\": \"upload_files_name_index\", \"type\": null, \"columns\": [\"name\"]}, {\"name\": \"upload_files_size_index\", \"type\": null, \"columns\": [\"size\"]}, {\"name\": \"upload_files_ext_index\", \"type\": null, \"columns\": [\"ext\"]}, {\"name\": \"files_created_by_id_fk\", \"columns\": [\"created_by_id\"]}, {\"name\": \"files_updated_by_id_fk\", \"columns\": [\"updated_by_id\"]}], \"foreignKeys\": [{\"name\": \"files_created_by_id_fk\", \"columns\": [\"created_by_id\"], \"onDelete\": \"SET NULL\", \"referencedTable\": \"admin_users\", \"referencedColumns\": [\"id\"]}, {\"name\": \"files_updated_by_id_fk\", \"columns\": [\"updated_by_id\"], \"onDelete\": \"SET NULL\", \"referencedTable\": \"admin_users\", \"referencedColumns\": [\"id\"]}]}, {\"name\": \"upload_folders\", \"columns\": [{\"args\": [{\"primary\": true, \"primaryKey\": true}], \"name\": \"id\", \"type\": \"increments\", \"unsigned\": false, \"defaultTo\": null, \"notNullable\": true}, {\"args\": [], \"name\": \"name\", \"type\": \"string\", \"unsigned\": false, \"defaultTo\": null, \"notNullable\": false}, {\"args\": [], \"name\": \"path_id\", \"type\": \"integer\", \"unsigned\": false, \"defaultTo\": null, \"notNullable\": false}, {\"args\": [], \"name\": \"path\", \"type\": \"string\", \"unsigned\": false, \"defaultTo\": null, \"notNullable\": false}, {\"args\": [{\"useTz\": false, \"precision\": 6}], \"name\": \"created_at\", \"type\": \"datetime\", \"unsigned\": false, \"defaultTo\": null, \"notNullable\": false}, {\"args\": [{\"useTz\": false, \"precision\": 6}], \"name\": \"updated_at\", \"type\": \"datetime\", \"unsigned\": false, \"defaultTo\": null, \"notNullable\": false}, {\"args\": [], \"name\": \"created_by_id\", \"type\": \"integer\", \"unsigned\": true, \"defaultTo\": null, \"notNullable\": false}, {\"args\": [], \"name\": \"updated_by_id\", \"type\": \"integer\", \"unsigned\": true, \"defaultTo\": null, \"notNullable\": false}], \"indexes\": [{\"name\": \"upload_folders_path_id_index\", \"type\": \"unique\", \"columns\": [\"path_id\"]}, {\"name\": \"upload_folders_path_index\", \"type\": \"unique\", \"columns\": [\"path\"]}, {\"name\": \"upload_folders_created_by_id_fk\", \"columns\": [\"created_by_id\"]}, {\"name\": \"upload_folders_updated_by_id_fk\", \"columns\": [\"updated_by_id\"]}], \"foreignKeys\": [{\"name\": \"upload_folders_created_by_id_fk\", \"columns\": [\"created_by_id\"], \"onDelete\": \"SET NULL\", \"referencedTable\": \"admin_users\", \"referencedColumns\": [\"id\"]}, {\"name\": \"upload_folders_updated_by_id_fk\", \"columns\": [\"updated_by_id\"], \"onDelete\": \"SET NULL\", \"referencedTable\": \"admin_users\", \"referencedColumns\": [\"id\"]}]}, {\"name\": \"i18n_locale\", \"columns\": [{\"args\": [{\"primary\": true, \"primaryKey\": true}], \"name\": \"id\", \"type\": \"increments\", \"unsigned\": false, \"defaultTo\": null, \"notNullable\": true}, {\"args\": [], \"name\": \"name\", \"type\": \"string\", \"unsigned\": false, \"defaultTo\": null, \"notNullable\": false}, {\"args\": [], \"name\": \"code\", \"type\": \"string\", \"unsigned\": false, \"defaultTo\": null, \"notNullable\": false}, {\"args\": [{\"useTz\": false, \"precision\": 6}], \"name\": \"created_at\", \"type\": \"datetime\", \"unsigned\": false, \"defaultTo\": null, \"notNullable\": false}, {\"args\": [{\"useTz\": false, \"precision\": 6}], \"name\": \"updated_at\", \"type\": \"datetime\", \"unsigned\": false, \"defaultTo\": null, \"notNullable\": false}, {\"args\": [], \"name\": \"created_by_id\", \"type\": \"integer\", \"unsigned\": true, \"defaultTo\": null, \"notNullable\": false}, {\"args\": [], \"name\": \"updated_by_id\", \"type\": \"integer\", \"unsigned\": true, \"defaultTo\": null, \"notNullable\": false}], \"indexes\": [{\"name\": \"i18n_locale_created_by_id_fk\", \"columns\": [\"created_by_id\"]}, {\"name\": \"i18n_locale_updated_by_id_fk\", \"columns\": [\"updated_by_id\"]}], \"foreignKeys\": [{\"name\": \"i18n_locale_created_by_id_fk\", \"columns\": [\"created_by_id\"], \"onDelete\": \"SET NULL\", \"referencedTable\": \"admin_users\", \"referencedColumns\": [\"id\"]}, {\"name\": \"i18n_locale_updated_by_id_fk\", \"columns\": [\"updated_by_id\"], \"onDelete\": \"SET NULL\", \"referencedTable\": \"admin_users\", \"referencedColumns\": [\"id\"]}]}, {\"name\": \"up_permissions\", \"columns\": [{\"args\": [{\"primary\": true, \"primaryKey\": true}], \"name\": \"id\", \"type\": \"increments\", \"unsigned\": false, \"defaultTo\": null, \"notNullable\": true}, {\"args\": [], \"name\": \"action\", \"type\": \"string\", \"unsigned\": false, \"defaultTo\": null, \"notNullable\": false}, {\"args\": [{\"useTz\": false, \"precision\": 6}], \"name\": \"created_at\", \"type\": \"datetime\", \"unsigned\": false, \"defaultTo\": null, \"notNullable\": false}, {\"args\": [{\"useTz\": false, \"precision\": 6}], \"name\": \"updated_at\", \"type\": \"datetime\", \"unsigned\": false, \"defaultTo\": null, \"notNullable\": false}, {\"args\": [], \"name\": \"created_by_id\", \"type\": \"integer\", \"unsigned\": true, \"defaultTo\": null, \"notNullable\": false}, {\"args\": [], \"name\": \"updated_by_id\", \"type\": \"integer\", \"unsigned\": true, \"defaultTo\": null, \"notNullable\": false}], \"indexes\": [{\"name\": \"up_permissions_created_by_id_fk\", \"columns\": [\"created_by_id\"]}, {\"name\": \"up_permissions_updated_by_id_fk\", \"columns\": [\"updated_by_id\"]}], \"foreignKeys\": [{\"name\": \"up_permissions_created_by_id_fk\", \"columns\": [\"created_by_id\"], \"onDelete\": \"SET NULL\", \"referencedTable\": \"admin_users\", \"referencedColumns\": [\"id\"]}, {\"name\": \"up_permissions_updated_by_id_fk\", \"columns\": [\"updated_by_id\"], \"onDelete\": \"SET NULL\", \"referencedTable\": \"admin_users\", \"referencedColumns\": [\"id\"]}]}, {\"name\": \"up_roles\", \"columns\": [{\"args\": [{\"primary\": true, \"primaryKey\": true}], \"name\": \"id\", \"type\": \"increments\", \"unsigned\": false, \"defaultTo\": null, \"notNullable\": true}, {\"args\": [], \"name\": \"name\", \"type\": \"string\", \"unsigned\": false, \"defaultTo\": null, \"notNullable\": false}, {\"args\": [], \"name\": \"description\", \"type\": \"string\", \"unsigned\": false, \"defaultTo\": null, \"notNullable\": false}, {\"args\": [], \"name\": \"type\", \"type\": \"string\", \"unsigned\": false, \"defaultTo\": null, \"notNullable\": false}, {\"args\": [{\"useTz\": false, \"precision\": 6}], \"name\": \"created_at\", \"type\": \"datetime\", \"unsigned\": false, \"defaultTo\": null, \"notNullable\": false}, {\"args\": [{\"useTz\": false, \"precision\": 6}], \"name\": \"updated_at\", \"type\": \"datetime\", \"unsigned\": false, \"defaultTo\": null, \"notNullable\": false}, {\"args\": [], \"name\": \"created_by_id\", \"type\": \"integer\", \"unsigned\": true, \"defaultTo\": null, \"notNullable\": false}, {\"args\": [], \"name\": \"updated_by_id\", \"type\": \"integer\", \"unsigned\": true, \"defaultTo\": null, \"notNullable\": false}], \"indexes\": [{\"name\": \"up_roles_created_by_id_fk\", \"columns\": [\"created_by_id\"]}, {\"name\": \"up_roles_updated_by_id_fk\", \"columns\": [\"updated_by_id\"]}], \"foreignKeys\": [{\"name\": \"up_roles_created_by_id_fk\", \"columns\": [\"created_by_id\"], \"onDelete\": \"SET NULL\", \"referencedTable\": \"admin_users\", \"referencedColumns\": [\"id\"]}, {\"name\": \"up_roles_updated_by_id_fk\", \"columns\": [\"updated_by_id\"], \"onDelete\": \"SET NULL\", \"referencedTable\": \"admin_users\", \"referencedColumns\": [\"id\"]}]}, {\"name\": \"up_users\", \"columns\": [{\"args\": [{\"primary\": true, \"primaryKey\": true}], \"name\": \"id\", \"type\": \"increments\", \"unsigned\": false, \"defaultTo\": null, \"notNullable\": true}, {\"args\": [], \"name\": \"username\", \"type\": \"string\", \"unsigned\": false, \"defaultTo\": null, \"notNullable\": false}, {\"args\": [], \"name\": \"email\", \"type\": \"string\", \"unsigned\": false, \"defaultTo\": null, \"notNullable\": false}, {\"args\": [], \"name\": \"provider\", \"type\": \"string\", \"unsigned\": false, \"defaultTo\": null, \"notNullable\": false}, {\"args\": [], \"name\": \"password\", \"type\": \"string\", \"unsigned\": false, \"defaultTo\": null, \"notNullable\": false}, {\"args\": [], \"name\": \"reset_password_token\", \"type\": \"string\", \"unsigned\": false, \"defaultTo\": null, \"notNullable\": false}, {\"args\": [], \"name\": \"confirmation_token\", \"type\": \"string\", \"unsigned\": false, \"defaultTo\": null, \"notNullable\": false}, {\"args\": [], \"name\": \"confirmed\", \"type\": \"boolean\", \"unsigned\": false, \"defaultTo\": null, \"notNullable\": false}, {\"args\": [], \"name\": \"blocked\", \"type\": \"boolean\", \"unsigned\": false, \"defaultTo\": null, \"notNullable\": false}, {\"args\": [{\"useTz\": false, \"precision\": 6}], \"name\": \"created_at\", \"type\": \"datetime\", \"unsigned\": false, \"defaultTo\": null, \"notNullable\": false}, {\"args\": [{\"useTz\": false, \"precision\": 6}], \"name\": \"updated_at\", \"type\": \"datetime\", \"unsigned\": false, \"defaultTo\": null, \"notNullable\": false}, {\"args\": [], \"name\": \"created_by_id\", \"type\": \"integer\", \"unsigned\": true, \"defaultTo\": null, \"notNullable\": false}, {\"args\": [], \"name\": \"updated_by_id\", \"type\": \"integer\", \"unsigned\": true, \"defaultTo\": null, \"notNullable\": false}], \"indexes\": [{\"name\": \"up_users_created_by_id_fk\", \"columns\": [\"created_by_id\"]}, {\"name\": \"up_users_updated_by_id_fk\", \"columns\": [\"updated_by_id\"]}], \"foreignKeys\": [{\"name\": \"up_users_created_by_id_fk\", \"columns\": [\"created_by_id\"], \"onDelete\": \"SET NULL\", \"referencedTable\": \"admin_users\", \"referencedColumns\": [\"id\"]}, {\"name\": \"up_users_updated_by_id_fk\", \"columns\": [\"updated_by_id\"], \"onDelete\": \"SET NULL\", \"referencedTable\": \"admin_users\", \"referencedColumns\": [\"id\"]}]}, {\"name\": \"articles\", \"columns\": [{\"args\": [{\"primary\": true, \"primaryKey\": true}], \"name\": \"id\", \"type\": \"increments\", \"unsigned\": false, \"defaultTo\": null, \"notNullable\": true}, {\"args\": [], \"name\": \"name\", \"type\": \"string\", \"unsigned\": false, \"defaultTo\": null, \"notNullable\": false}, {\"args\": [], \"name\": \"alias\", \"type\": \"string\", \"unique\": true, \"unsigned\": false, \"defaultTo\": null, \"notNullable\": false}, {\"args\": [{\"useTz\": false, \"precision\": 6}], \"name\": \"created_at\", \"type\": \"datetime\", \"unsigned\": false, \"defaultTo\": null, \"notNullable\": false}, {\"args\": [{\"useTz\": false, \"precision\": 6}], \"name\": \"updated_at\", \"type\": \"datetime\", \"unsigned\": false, \"defaultTo\": null, \"notNullable\": false}, {\"args\": [{\"useTz\": false, \"precision\": 6}], \"name\": \"published_at\", \"type\": \"datetime\", \"unsigned\": false, \"defaultTo\": null, \"notNullable\": false}, {\"args\": [], \"name\": \"created_by_id\", \"type\": \"integer\", \"unsigned\": true, \"defaultTo\": null, \"notNullable\": false}, {\"args\": [], \"name\": \"updated_by_id\", \"type\": \"integer\", \"unsigned\": true, \"defaultTo\": null, \"notNullable\": false}], \"indexes\": [{\"name\": \"articles_alias_unique\", \"type\": \"unique\", \"columns\": [\"alias\"]}, {\"name\": \"articles_created_by_id_fk\", \"columns\": [\"created_by_id\"]}, {\"name\": \"articles_updated_by_id_fk\", \"columns\": [\"updated_by_id\"]}], \"foreignKeys\": [{\"name\": \"articles_created_by_id_fk\", \"columns\": [\"created_by_id\"], \"onDelete\": \"SET NULL\", \"referencedTable\": \"admin_users\", \"referencedColumns\": [\"id\"]}, {\"name\": \"articles_updated_by_id_fk\", \"columns\": [\"updated_by_id\"], \"onDelete\": \"SET NULL\", \"referencedTable\": \"admin_users\", \"referencedColumns\": [\"id\"]}]}, {\"name\": \"blogs\", \"columns\": [{\"args\": [{\"primary\": true, \"primaryKey\": true}], \"name\": \"id\", \"type\": \"increments\", \"unsigned\": false, \"defaultTo\": null, \"notNullable\": true}, {\"args\": [], \"name\": \"title\", \"type\": \"string\", \"unsigned\": false, \"defaultTo\": null, \"notNullable\": false}, {\"args\": [\"longtext\"], \"name\": \"description\", \"type\": \"text\", \"unsigned\": false, \"defaultTo\": null, \"notNullable\": false}, {\"args\": [], \"name\": \"posted_at\", \"type\": \"date\", \"unsigned\": false, \"defaultTo\": null, \"notNullable\": false}, {\"args\": [], \"name\": \"alias\", \"type\": \"string\", \"unique\": true, \"unsigned\": false, \"defaultTo\": null, \"notNullable\": false}, {\"args\": [{\"useTz\": false, \"precision\": 6}], \"name\": \"created_at\", \"type\": \"datetime\", \"unsigned\": false, \"defaultTo\": null, \"notNullable\": false}, {\"args\": [{\"useTz\": false, \"precision\": 6}], \"name\": \"updated_at\", \"type\": \"datetime\", \"unsigned\": false, \"defaultTo\": null, \"notNullable\": false}, {\"args\": [{\"useTz\": false, \"precision\": 6}], \"name\": \"published_at\", \"type\": \"datetime\", \"unsigned\": false, \"defaultTo\": null, \"notNullable\": false}, {\"args\": [], \"name\": \"created_by_id\", \"type\": \"integer\", \"unsigned\": true, \"defaultTo\": null, \"notNullable\": false}, {\"args\": [], \"name\": \"updated_by_id\", \"type\": \"integer\", \"unsigned\": true, \"defaultTo\": null, \"notNullable\": false}], \"indexes\": [{\"name\": \"blogs_alias_unique\", \"type\": \"unique\", \"columns\": [\"alias\"]}, {\"name\": \"blogs_created_by_id_fk\", \"columns\": [\"created_by_id\"]}, {\"name\": \"blogs_updated_by_id_fk\", \"columns\": [\"updated_by_id\"]}], \"foreignKeys\": [{\"name\": \"blogs_created_by_id_fk\", \"columns\": [\"created_by_id\"], \"onDelete\": \"SET NULL\", \"referencedTable\": \"admin_users\", \"referencedColumns\": [\"id\"]}, {\"name\": \"blogs_updated_by_id_fk\", \"columns\": [\"updated_by_id\"], \"onDelete\": \"SET NULL\", \"referencedTable\": \"admin_users\", \"referencedColumns\": [\"id\"]}]}, {\"name\": \"blog_tags\", \"columns\": [{\"args\": [{\"primary\": true, \"primaryKey\": true}], \"name\": \"id\", \"type\": \"increments\", \"unsigned\": false, \"defaultTo\": null, \"notNullable\": true}, {\"args\": [], \"name\": \"name\", \"type\": \"string\", \"unsigned\": false, \"defaultTo\": null, \"notNullable\": false}, {\"args\": [], \"name\": \"alias\", \"type\": \"string\", \"unique\": true, \"unsigned\": false, \"defaultTo\": null, \"notNullable\": false}, {\"args\": [{\"useTz\": false, \"precision\": 6}], \"name\": \"created_at\", \"type\": \"datetime\", \"unsigned\": false, \"defaultTo\": null, \"notNullable\": false}, {\"args\": [{\"useTz\": false, \"precision\": 6}], \"name\": \"updated_at\", \"type\": \"datetime\", \"unsigned\": false, \"defaultTo\": null, \"notNullable\": false}, {\"args\": [{\"useTz\": false, \"precision\": 6}], \"name\": \"published_at\", \"type\": \"datetime\", \"unsigned\": false, \"defaultTo\": null, \"notNullable\": false}, {\"args\": [], \"name\": \"created_by_id\", \"type\": \"integer\", \"unsigned\": true, \"defaultTo\": null, \"notNullable\": false}, {\"args\": [], \"name\": \"updated_by_id\", \"type\": \"integer\", \"unsigned\": true, \"defaultTo\": null, \"notNullable\": false}], \"indexes\": [{\"name\": \"blog_tags_alias_unique\", \"type\": \"unique\", \"columns\": [\"alias\"]}, {\"name\": \"blog_tags_created_by_id_fk\", \"columns\": [\"created_by_id\"]}, {\"name\": \"blog_tags_updated_by_id_fk\", \"columns\": [\"updated_by_id\"]}], \"foreignKeys\": [{\"name\": \"blog_tags_created_by_id_fk\", \"columns\": [\"created_by_id\"], \"onDelete\": \"SET NULL\", \"referencedTable\": \"admin_users\", \"referencedColumns\": [\"id\"]}, {\"name\": \"blog_tags_updated_by_id_fk\", \"columns\": [\"updated_by_id\"], \"onDelete\": \"SET NULL\", \"referencedTable\": \"admin_users\", \"referencedColumns\": [\"id\"]}]}, {\"name\": \"builders\", \"columns\": [{\"args\": [{\"primary\": true, \"primaryKey\": true}], \"name\": \"id\", \"type\": \"increments\", \"unsigned\": false, \"defaultTo\": null, \"notNullable\": true}, {\"args\": [], \"name\": \"name\", \"type\": \"string\", \"unsigned\": false, \"defaultTo\": null, \"notNullable\": false}, {\"args\": [\"longtext\"], \"name\": \"description\", \"type\": \"text\", \"unsigned\": false, \"defaultTo\": null, \"notNullable\": false}, {\"args\": [], \"name\": \"alias\", \"type\": \"string\", \"unique\": true, \"unsigned\": false, \"defaultTo\": null, \"notNullable\": false}, {\"args\": [{\"useTz\": false, \"precision\": 6}], \"name\": \"created_at\", \"type\": \"datetime\", \"unsigned\": false, \"defaultTo\": null, \"notNullable\": false}, {\"args\": [{\"useTz\": false, \"precision\": 6}], \"name\": \"updated_at\", \"type\": \"datetime\", \"unsigned\": false, \"defaultTo\": null, \"notNullable\": false}, {\"args\": [{\"useTz\": false, \"precision\": 6}], \"name\": \"published_at\", \"type\": \"datetime\", \"unsigned\": false, \"defaultTo\": null, \"notNullable\": false}, {\"args\": [], \"name\": \"created_by_id\", \"type\": \"integer\", \"unsigned\": true, \"defaultTo\": null, \"notNullable\": false}, {\"args\": [], \"name\": \"updated_by_id\", \"type\": \"integer\", \"unsigned\": true, \"defaultTo\": null, \"notNullable\": false}], \"indexes\": [{\"name\": \"builders_alias_unique\", \"type\": \"unique\", \"columns\": [\"alias\"]}, {\"name\": \"builders_created_by_id_fk\", \"columns\": [\"created_by_id\"]}, {\"name\": \"builders_updated_by_id_fk\", \"columns\": [\"updated_by_id\"]}], \"foreignKeys\": [{\"name\": \"builders_created_by_id_fk\", \"columns\": [\"created_by_id\"], \"onDelete\": \"SET NULL\", \"referencedTable\": \"admin_users\", \"referencedColumns\": [\"id\"]}, {\"name\": \"builders_updated_by_id_fk\", \"columns\": [\"updated_by_id\"], \"onDelete\": \"SET NULL\", \"referencedTable\": \"admin_users\", \"referencedColumns\": [\"id\"]}]}, {\"name\": \"client_feedbacks\", \"columns\": [{\"args\": [{\"primary\": true, \"primaryKey\": true}], \"name\": \"id\", \"type\": \"increments\", \"unsigned\": false, \"defaultTo\": null, \"notNullable\": true}, {\"args\": [], \"name\": \"name\", \"type\": \"string\", \"unsigned\": false, \"defaultTo\": null, \"notNullable\": false}, {\"args\": [{\"useTz\": false, \"precision\": 6}], \"name\": \"posted_at\", \"type\": \"datetime\", \"unsigned\": false, \"defaultTo\": null, \"notNullable\": false}, {\"args\": [\"longtext\"], \"name\": \"review\", \"type\": \"text\", \"unsigned\": false, \"defaultTo\": null, \"notNullable\": false}, {\"args\": [], \"name\": \"star\", \"type\": \"integer\", \"unsigned\": false, \"defaultTo\": null, \"notNullable\": false}, {\"args\": [], \"name\": \"alias\", \"type\": \"string\", \"unique\": true, \"unsigned\": false, \"defaultTo\": null, \"notNullable\": false}, {\"args\": [{\"useTz\": false, \"precision\": 6}], \"name\": \"created_at\", \"type\": \"datetime\", \"unsigned\": false, \"defaultTo\": null, \"notNullable\": false}, {\"args\": [{\"useTz\": false, \"precision\": 6}], \"name\": \"updated_at\", \"type\": \"datetime\", \"unsigned\": false, \"defaultTo\": null, \"notNullable\": false}, {\"args\": [{\"useTz\": false, \"precision\": 6}], \"name\": \"published_at\", \"type\": \"datetime\", \"unsigned\": false, \"defaultTo\": null, \"notNullable\": false}, {\"args\": [], \"name\": \"created_by_id\", \"type\": \"integer\", \"unsigned\": true, \"defaultTo\": null, \"notNullable\": false}, {\"args\": [], \"name\": \"updated_by_id\", \"type\": \"integer\", \"unsigned\": true, \"defaultTo\": null, \"notNullable\": false}], \"indexes\": [{\"name\": \"client_feedbacks_alias_unique\", \"type\": \"unique\", \"columns\": [\"alias\"]}, {\"name\": \"client_feedbacks_created_by_id_fk\", \"columns\": [\"created_by_id\"]}, {\"name\": \"client_feedbacks_updated_by_id_fk\", \"columns\": [\"updated_by_id\"]}], \"foreignKeys\": [{\"name\": \"client_feedbacks_created_by_id_fk\", \"columns\": [\"created_by_id\"], \"onDelete\": \"SET NULL\", \"referencedTable\": \"admin_users\", \"referencedColumns\": [\"id\"]}, {\"name\": \"client_feedbacks_updated_by_id_fk\", \"columns\": [\"updated_by_id\"], \"onDelete\": \"SET NULL\", \"referencedTable\": \"admin_users\", \"referencedColumns\": [\"id\"]}]}, {\"name\": \"contact_modules\", \"columns\": [{\"args\": [{\"primary\": true, \"primaryKey\": true}], \"name\": \"id\", \"type\": \"increments\", \"unsigned\": false, \"defaultTo\": null, \"notNullable\": true}, {\"args\": [], \"name\": \"name\", \"type\": \"string\", \"unsigned\": false, \"defaultTo\": null, \"notNullable\": false}, {\"args\": [\"longtext\"], \"name\": \"message\", \"type\": \"text\", \"unsigned\": false, \"defaultTo\": null, \"notNullable\": false}, {\"args\": [], \"name\": \"phone_number\", \"type\": \"string\", \"unsigned\": false, \"defaultTo\": null, \"notNullable\": false}, {\"args\": [{\"useTz\": false, \"precision\": 6}], \"name\": \"created_at\", \"type\": \"datetime\", \"unsigned\": false, \"defaultTo\": null, \"notNullable\": false}, {\"args\": [{\"useTz\": false, \"precision\": 6}], \"name\": \"updated_at\", \"type\": \"datetime\", \"unsigned\": false, \"defaultTo\": null, \"notNullable\": false}, {\"args\": [{\"useTz\": false, \"precision\": 6}], \"name\": \"published_at\", \"type\": \"datetime\", \"unsigned\": false, \"defaultTo\": null, \"notNullable\": false}, {\"args\": [], \"name\": \"created_by_id\", \"type\": \"integer\", \"unsigned\": true, \"defaultTo\": null, \"notNullable\": false}, {\"args\": [], \"name\": \"updated_by_id\", \"type\": \"integer\", \"unsigned\": true, \"defaultTo\": null, \"notNullable\": false}], \"indexes\": [{\"name\": \"contact_modules_created_by_id_fk\", \"columns\": [\"created_by_id\"]}, {\"name\": \"contact_modules_updated_by_id_fk\", \"columns\": [\"updated_by_id\"]}], \"foreignKeys\": [{\"name\": \"contact_modules_created_by_id_fk\", \"columns\": [\"created_by_id\"], \"onDelete\": \"SET NULL\", \"referencedTable\": \"admin_users\", \"referencedColumns\": [\"id\"]}, {\"name\": \"contact_modules_updated_by_id_fk\", \"columns\": [\"updated_by_id\"], \"onDelete\": \"SET NULL\", \"referencedTable\": \"admin_users\", \"referencedColumns\": [\"id\"]}]}, {\"name\": \"email_templates\", \"columns\": [{\"args\": [{\"primary\": true, \"primaryKey\": true}], \"name\": \"id\", \"type\": \"increments\", \"unsigned\": false, \"defaultTo\": null, \"notNullable\": true}, {\"args\": [], \"name\": \"subject\", \"type\": \"string\", \"unsigned\": false, \"defaultTo\": null, \"notNullable\": false}, {\"args\": [], \"name\": \"to\", \"type\": \"string\", \"unsigned\": false, \"defaultTo\": null, \"notNullable\": false}, {\"args\": [], \"name\": \"from\", \"type\": \"string\", \"unsigned\": false, \"defaultTo\": null, \"notNullable\": false}, {\"args\": [], \"name\": \"template_name\", \"type\": \"string\", \"unsigned\": false, \"defaultTo\": null, \"notNullable\": false}, {\"args\": [\"longtext\"], \"name\": \"message\", \"type\": \"text\", \"unsigned\": false, \"defaultTo\": null, \"notNullable\": false}, {\"args\": [], \"name\": \"alias\", \"type\": \"string\", \"unique\": true, \"unsigned\": false, \"defaultTo\": null, \"notNullable\": false}, {\"args\": [{\"useTz\": false, \"precision\": 6}], \"name\": \"created_at\", \"type\": \"datetime\", \"unsigned\": false, \"defaultTo\": null, \"notNullable\": false}, {\"args\": [{\"useTz\": false, \"precision\": 6}], \"name\": \"updated_at\", \"type\": \"datetime\", \"unsigned\": false, \"defaultTo\": null, \"notNullable\": false}, {\"args\": [{\"useTz\": false, \"precision\": 6}], \"name\": \"published_at\", \"type\": \"datetime\", \"unsigned\": false, \"defaultTo\": null, \"notNullable\": false}, {\"args\": [], \"name\": \"created_by_id\", \"type\": \"integer\", \"unsigned\": true, \"defaultTo\": null, \"notNullable\": false}, {\"args\": [], \"name\": \"updated_by_id\", \"type\": \"integer\", \"unsigned\": true, \"defaultTo\": null, \"notNullable\": false}], \"indexes\": [{\"name\": \"email_templates_alias_unique\", \"type\": \"unique\", \"columns\": [\"alias\"]}, {\"name\": \"email_templates_created_by_id_fk\", \"columns\": [\"created_by_id\"]}, {\"name\": \"email_templates_updated_by_id_fk\", \"columns\": [\"updated_by_id\"]}], \"foreignKeys\": [{\"name\": \"email_templates_created_by_id_fk\", \"columns\": [\"created_by_id\"], \"onDelete\": \"SET NULL\", \"referencedTable\": \"admin_users\", \"referencedColumns\": [\"id\"]}, {\"name\": \"email_templates_updated_by_id_fk\", \"columns\": [\"updated_by_id\"], \"onDelete\": \"SET NULL\", \"referencedTable\": \"admin_users\", \"referencedColumns\": [\"id\"]}]}, {\"name\": \"menus\", \"columns\": [{\"args\": [{\"primary\": true, \"primaryKey\": true}], \"name\": \"id\", \"type\": \"increments\", \"unsigned\": false, \"defaultTo\": null, \"notNullable\": true}, {\"args\": [], \"name\": \"menu_type\", \"type\": \"string\", \"unsigned\": false, \"defaultTo\": null, \"notNullable\": false}, {\"args\": [], \"name\": \"name\", \"type\": \"string\", \"unsigned\": false, \"defaultTo\": null, \"notNullable\": false}, {\"args\": [], \"name\": \"menu_link_type\", \"type\": \"string\", \"unsigned\": false, \"defaultTo\": null, \"notNullable\": false}, {\"args\": [], \"name\": \"menu_link\", \"type\": \"string\", \"unsigned\": false, \"defaultTo\": null, \"notNullable\": false}, {\"args\": [], \"name\": \"sort\", \"type\": \"integer\", \"unsigned\": false, \"defaultTo\": null, \"notNullable\": false}, {\"args\": [], \"name\": \"alias\", \"type\": \"string\", \"unique\": true, \"unsigned\": false, \"defaultTo\": null, \"notNullable\": false}, {\"args\": [{\"useTz\": false, \"precision\": 6}], \"name\": \"created_at\", \"type\": \"datetime\", \"unsigned\": false, \"defaultTo\": null, \"notNullable\": false}, {\"args\": [{\"useTz\": false, \"precision\": 6}], \"name\": \"updated_at\", \"type\": \"datetime\", \"unsigned\": false, \"defaultTo\": null, \"notNullable\": false}, {\"args\": [{\"useTz\": false, \"precision\": 6}], \"name\": \"published_at\", \"type\": \"datetime\", \"unsigned\": false, \"defaultTo\": null, \"notNullable\": false}, {\"args\": [], \"name\": \"created_by_id\", \"type\": \"integer\", \"unsigned\": true, \"defaultTo\": null, \"notNullable\": false}, {\"args\": [], \"name\": \"updated_by_id\", \"type\": \"integer\", \"unsigned\": true, \"defaultTo\": null, \"notNullable\": false}], \"indexes\": [{\"name\": \"menus_alias_unique\", \"type\": \"unique\", \"columns\": [\"alias\"]}, {\"name\": \"menus_created_by_id_fk\", \"columns\": [\"created_by_id\"]}, {\"name\": \"menus_updated_by_id_fk\", \"columns\": [\"updated_by_id\"]}], \"foreignKeys\": [{\"name\": \"menus_created_by_id_fk\", \"columns\": [\"created_by_id\"], \"onDelete\": \"SET NULL\", \"referencedTable\": \"admin_users\", \"referencedColumns\": [\"id\"]}, {\"name\": \"menus_updated_by_id_fk\", \"columns\": [\"updated_by_id\"], \"onDelete\": \"SET NULL\", \"referencedTable\": \"admin_users\", \"referencedColumns\": [\"id\"]}]}, {\"name\": \"popup_contacts\", \"columns\": [{\"args\": [{\"primary\": true, \"primaryKey\": true}], \"name\": \"id\", \"type\": \"increments\", \"unsigned\": false, \"defaultTo\": null, \"notNullable\": true}, {\"args\": [], \"name\": \"name\", \"type\": \"string\", \"unsigned\": false, \"defaultTo\": null, \"notNullable\": false}, {\"args\": [\"longtext\"], \"name\": \"description\", \"type\": \"text\", \"unsigned\": false, \"defaultTo\": null, \"notNullable\": false}, {\"args\": [{\"useTz\": false, \"precision\": 6}], \"name\": \"created_at\", \"type\": \"datetime\", \"unsigned\": false, \"defaultTo\": null, \"notNullable\": false}, {\"args\": [{\"useTz\": false, \"precision\": 6}], \"name\": \"updated_at\", \"type\": \"datetime\", \"unsigned\": false, \"defaultTo\": null, \"notNullable\": false}, {\"args\": [{\"useTz\": false, \"precision\": 6}], \"name\": \"published_at\", \"type\": \"datetime\", \"unsigned\": false, \"defaultTo\": null, \"notNullable\": false}, {\"args\": [], \"name\": \"created_by_id\", \"type\": \"integer\", \"unsigned\": true, \"defaultTo\": null, \"notNullable\": false}, {\"args\": [], \"name\": \"updated_by_id\", \"type\": \"integer\", \"unsigned\": true, \"defaultTo\": null, \"notNullable\": false}], \"indexes\": [{\"name\": \"popup_contacts_created_by_id_fk\", \"columns\": [\"created_by_id\"]}, {\"name\": \"popup_contacts_updated_by_id_fk\", \"columns\": [\"updated_by_id\"]}], \"foreignKeys\": [{\"name\": \"popup_contacts_created_by_id_fk\", \"columns\": [\"created_by_id\"], \"onDelete\": \"SET NULL\", \"referencedTable\": \"admin_users\", \"referencedColumns\": [\"id\"]}, {\"name\": \"popup_contacts_updated_by_id_fk\", \"columns\": [\"updated_by_id\"], \"onDelete\": \"SET NULL\", \"referencedTable\": \"admin_users\", \"referencedColumns\": [\"id\"]}]}, {\"name\": \"properties\", \"columns\": [{\"args\": [{\"primary\": true, \"primaryKey\": true}], \"name\": \"id\", \"type\": \"increments\", \"unsigned\": false, \"defaultTo\": null, \"notNullable\": true}, {\"args\": [\"longtext\"], \"name\": \"description\", \"type\": \"text\", \"unsigned\": false, \"defaultTo\": null, \"notNullable\": false}, {\"args\": [], \"name\": \"publish\", \"type\": \"boolean\", \"unsigned\": false, \"defaultTo\": null, \"notNullable\": false}, {\"args\": [], \"name\": \"latitude\", \"type\": \"double\", \"unsigned\": false, \"defaultTo\": null, \"notNullable\": false}, {\"args\": [], \"name\": \"longitude\", \"type\": \"double\", \"unsigned\": false, \"defaultTo\": null, \"notNullable\": false}, {\"args\": [], \"name\": \"door_no\", \"type\": \"string\", \"unsigned\": false, \"defaultTo\": null, \"notNullable\": false}, {\"args\": [], \"name\": \"street_name\", \"type\": \"string\", \"unsigned\": false, \"defaultTo\": null, \"notNullable\": false}, {\"args\": [], \"name\": \"video\", \"type\": \"string\", \"unsigned\": false, \"defaultTo\": null, \"notNullable\": false}, {\"args\": [], \"name\": \"name\", \"type\": \"string\", \"unsigned\": false, \"defaultTo\": null, \"notNullable\": false}, {\"args\": [], \"name\": \"price\", \"type\": \"string\", \"unsigned\": false, \"defaultTo\": null, \"notNullable\": false}, {\"args\": [], \"name\": \"bedrooms\", \"type\": \"string\", \"unsigned\": false, \"defaultTo\": null, \"notNullable\": false}, {\"args\": [], \"name\": \"bathrooms\", \"type\": \"string\", \"unsigned\": false, \"defaultTo\": null, \"notNullable\": false}, {\"args\": [], \"name\": \"unit_size\", \"type\": \"string\", \"unsigned\": false, \"defaultTo\": null, \"notNullable\": false}, {\"args\": [{\"useTz\": false, \"precision\": 6}], \"name\": \"posted_at\", \"type\": \"datetime\", \"unsigned\": false, \"defaultTo\": null, \"notNullable\": false}, {\"args\": [], \"name\": \"project_size\", \"type\": \"string\", \"unsigned\": false, \"defaultTo\": null, \"notNullable\": false}, {\"args\": [], \"name\": \"price_per_sq_feet\", \"type\": \"string\", \"unsigned\": false, \"defaultTo\": null, \"notNullable\": false}, {\"args\": [], \"name\": \"total_floors\", \"type\": \"string\", \"unsigned\": false, \"defaultTo\": null, \"notNullable\": false}, {\"args\": [], \"name\": \"property_id\", \"type\": \"string\", \"unique\": true, \"unsigned\": false, \"defaultTo\": null, \"notNullable\": false}, {\"args\": [], \"name\": \"plot_size\", \"type\": \"string\", \"unsigned\": false, \"defaultTo\": null, \"notNullable\": false}, {\"args\": [], \"name\": \"facing\", \"type\": \"string\", \"unsigned\": false, \"defaultTo\": null, \"notNullable\": false}, {\"args\": [{\"useTz\": false, \"precision\": 6}], \"name\": \"created_at\", \"type\": \"datetime\", \"unsigned\": false, \"defaultTo\": null, \"notNullable\": false}, {\"args\": [{\"useTz\": false, \"precision\": 6}], \"name\": \"updated_at\", \"type\": \"datetime\", \"unsigned\": false, \"defaultTo\": null, \"notNullable\": false}, {\"args\": [{\"useTz\": false, \"precision\": 6}], \"name\": \"published_at\", \"type\": \"datetime\", \"unsigned\": false, \"defaultTo\": null, \"notNullable\": false}, {\"args\": [], \"name\": \"created_by_id\", \"type\": \"integer\", \"unsigned\": true, \"defaultTo\": null, \"notNullable\": false}, {\"args\": [], \"name\": \"updated_by_id\", \"type\": \"integer\", \"unsigned\": true, \"defaultTo\": null, \"notNullable\": false}], \"indexes\": [{\"name\": \"properties_property_id_unique\", \"type\": \"unique\", \"columns\": [\"property_id\"]}, {\"name\": \"properties_created_by_id_fk\", \"columns\": [\"created_by_id\"]}, {\"name\": \"properties_updated_by_id_fk\", \"columns\": [\"updated_by_id\"]}], \"foreignKeys\": [{\"name\": \"properties_created_by_id_fk\", \"columns\": [\"created_by_id\"], \"onDelete\": \"SET NULL\", \"referencedTable\": \"admin_users\", \"referencedColumns\": [\"id\"]}, {\"name\": \"properties_updated_by_id_fk\", \"columns\": [\"updated_by_id\"], \"onDelete\": \"SET NULL\", \"referencedTable\": \"admin_users\", \"referencedColumns\": [\"id\"]}]}, {\"name\": \"property_amenities\", \"columns\": [{\"args\": [{\"primary\": true, \"primaryKey\": true}], \"name\": \"id\", \"type\": \"increments\", \"unsigned\": false, \"defaultTo\": null, \"notNullable\": true}, {\"args\": [], \"name\": \"name\", \"type\": \"string\", \"unsigned\": false, \"defaultTo\": null, \"notNullable\": false}, {\"args\": [], \"name\": \"icon\", \"type\": \"string\", \"unsigned\": false, \"defaultTo\": null, \"notNullable\": false}, {\"args\": [], \"name\": \"alias\", \"type\": \"string\", \"unique\": true, \"unsigned\": false, \"defaultTo\": null, \"notNullable\": false}, {\"args\": [{\"useTz\": false, \"precision\": 6}], \"name\": \"created_at\", \"type\": \"datetime\", \"unsigned\": false, \"defaultTo\": null, \"notNullable\": false}, {\"args\": [{\"useTz\": false, \"precision\": 6}], \"name\": \"updated_at\", \"type\": \"datetime\", \"unsigned\": false, \"defaultTo\": null, \"notNullable\": false}, {\"args\": [{\"useTz\": false, \"precision\": 6}], \"name\": \"published_at\", \"type\": \"datetime\", \"unsigned\": false, \"defaultTo\": null, \"notNullable\": false}, {\"args\": [], \"name\": \"created_by_id\", \"type\": \"integer\", \"unsigned\": true, \"defaultTo\": null, \"notNullable\": false}, {\"args\": [], \"name\": \"updated_by_id\", \"type\": \"integer\", \"unsigned\": true, \"defaultTo\": null, \"notNullable\": false}], \"indexes\": [{\"name\": \"property_amenities_alias_unique\", \"type\": \"unique\", \"columns\": [\"alias\"]}, {\"name\": \"property_amenities_created_by_id_fk\", \"columns\": [\"created_by_id\"]}, {\"name\": \"property_amenities_updated_by_id_fk\", \"columns\": [\"updated_by_id\"]}], \"foreignKeys\": [{\"name\": \"property_amenities_created_by_id_fk\", \"columns\": [\"created_by_id\"], \"onDelete\": \"SET NULL\", \"referencedTable\": \"admin_users\", \"referencedColumns\": [\"id\"]}, {\"name\": \"property_amenities_updated_by_id_fk\", \"columns\": [\"updated_by_id\"], \"onDelete\": \"SET NULL\", \"referencedTable\": \"admin_users\", \"referencedColumns\": [\"id\"]}]}, {\"name\": \"property_areas\", \"columns\": [{\"args\": [{\"primary\": true, \"primaryKey\": true}], \"name\": \"id\", \"type\": \"increments\", \"unsigned\": false, \"defaultTo\": null, \"notNullable\": true}, {\"args\": [], \"name\": \"name\", \"type\": \"string\", \"unsigned\": false, \"defaultTo\": null, \"notNullable\": false}, {\"args\": [\"longtext\"], \"name\": \"description\", \"type\": \"text\", \"unsigned\": false, \"defaultTo\": null, \"notNullable\": false}, {\"args\": [], \"name\": \"alias\", \"type\": \"string\", \"unique\": true, \"unsigned\": false, \"defaultTo\": null, \"notNullable\": false}, {\"args\": [{\"useTz\": false, \"precision\": 6}], \"name\": \"created_at\", \"type\": \"datetime\", \"unsigned\": false, \"defaultTo\": null, \"notNullable\": false}, {\"args\": [{\"useTz\": false, \"precision\": 6}], \"name\": \"updated_at\", \"type\": \"datetime\", \"unsigned\": false, \"defaultTo\": null, \"notNullable\": false}, {\"args\": [{\"useTz\": false, \"precision\": 6}], \"name\": \"published_at\", \"type\": \"datetime\", \"unsigned\": false, \"defaultTo\": null, \"notNullable\": false}, {\"args\": [], \"name\": \"created_by_id\", \"type\": \"integer\", \"unsigned\": true, \"defaultTo\": null, \"notNullable\": false}, {\"args\": [], \"name\": \"updated_by_id\", \"type\": \"integer\", \"unsigned\": true, \"defaultTo\": null, \"notNullable\": false}], \"indexes\": [{\"name\": \"property_areas_alias_unique\", \"type\": \"unique\", \"columns\": [\"alias\"]}, {\"name\": \"property_areas_created_by_id_fk\", \"columns\": [\"created_by_id\"]}, {\"name\": \"property_areas_updated_by_id_fk\", \"columns\": [\"updated_by_id\"]}], \"foreignKeys\": [{\"name\": \"property_areas_created_by_id_fk\", \"columns\": [\"created_by_id\"], \"onDelete\": \"SET NULL\", \"referencedTable\": \"admin_users\", \"referencedColumns\": [\"id\"]}, {\"name\": \"property_areas_updated_by_id_fk\", \"columns\": [\"updated_by_id\"], \"onDelete\": \"SET NULL\", \"referencedTable\": \"admin_users\", \"referencedColumns\": [\"id\"]}]}, {\"name\": \"property_locations\", \"columns\": [{\"args\": [{\"primary\": true, \"primaryKey\": true}], \"name\": \"id\", \"type\": \"increments\", \"unsigned\": false, \"defaultTo\": null, \"notNullable\": true}, {\"args\": [], \"name\": \"name\", \"type\": \"string\", \"unsigned\": false, \"defaultTo\": null, \"notNullable\": false}, {\"args\": [\"longtext\"], \"name\": \"description\", \"type\": \"text\", \"unsigned\": false, \"defaultTo\": null, \"notNullable\": false}, {\"args\": [], \"name\": \"sort\", \"type\": \"integer\", \"unsigned\": false, \"defaultTo\": null, \"notNullable\": false}, {\"args\": [], \"name\": \"state\", \"type\": \"string\", \"unsigned\": false, \"defaultTo\": null, \"notNullable\": false}, {\"args\": [], \"name\": \"alias\", \"type\": \"string\", \"unique\": true, \"unsigned\": false, \"defaultTo\": null, \"notNullable\": false}, {\"args\": [{\"useTz\": false, \"precision\": 6}], \"name\": \"created_at\", \"type\": \"datetime\", \"unsigned\": false, \"defaultTo\": null, \"notNullable\": false}, {\"args\": [{\"useTz\": false, \"precision\": 6}], \"name\": \"updated_at\", \"type\": \"datetime\", \"unsigned\": false, \"defaultTo\": null, \"notNullable\": false}, {\"args\": [{\"useTz\": false, \"precision\": 6}], \"name\": \"published_at\", \"type\": \"datetime\", \"unsigned\": false, \"defaultTo\": null, \"notNullable\": false}, {\"args\": [], \"name\": \"created_by_id\", \"type\": \"integer\", \"unsigned\": true, \"defaultTo\": null, \"notNullable\": false}, {\"args\": [], \"name\": \"updated_by_id\", \"type\": \"integer\", \"unsigned\": true, \"defaultTo\": null, \"notNullable\": false}], \"indexes\": [{\"name\": \"property_locations_alias_unique\", \"type\": \"unique\", \"columns\": [\"alias\"]}, {\"name\": \"property_locations_created_by_id_fk\", \"columns\": [\"created_by_id\"]}, {\"name\": \"property_locations_updated_by_id_fk\", \"columns\": [\"updated_by_id\"]}], \"foreignKeys\": [{\"name\": \"property_locations_created_by_id_fk\", \"columns\": [\"created_by_id\"], \"onDelete\": \"SET NULL\", \"referencedTable\": \"admin_users\", \"referencedColumns\": [\"id\"]}, {\"name\": \"property_locations_updated_by_id_fk\", \"columns\": [\"updated_by_id\"], \"onDelete\": \"SET NULL\", \"referencedTable\": \"admin_users\", \"referencedColumns\": [\"id\"]}]}, {\"name\": \"property_statuses\", \"columns\": [{\"args\": [{\"primary\": true, \"primaryKey\": true}], \"name\": \"id\", \"type\": \"increments\", \"unsigned\": false, \"defaultTo\": null, \"notNullable\": true}, {\"args\": [], \"name\": \"name\", \"type\": \"string\", \"unsigned\": false, \"defaultTo\": null, \"notNullable\": false}, {\"args\": [], \"name\": \"alias\", \"type\": \"string\", \"unique\": true, \"unsigned\": false, \"defaultTo\": null, \"notNullable\": false}, {\"args\": [{\"useTz\": false, \"precision\": 6}], \"name\": \"created_at\", \"type\": \"datetime\", \"unsigned\": false, \"defaultTo\": null, \"notNullable\": false}, {\"args\": [{\"useTz\": false, \"precision\": 6}], \"name\": \"updated_at\", \"type\": \"datetime\", \"unsigned\": false, \"defaultTo\": null, \"notNullable\": false}, {\"args\": [{\"useTz\": false, \"precision\": 6}], \"name\": \"published_at\", \"type\": \"datetime\", \"unsigned\": false, \"defaultTo\": null, \"notNullable\": false}, {\"args\": [], \"name\": \"created_by_id\", \"type\": \"integer\", \"unsigned\": true, \"defaultTo\": null, \"notNullable\": false}, {\"args\": [], \"name\": \"updated_by_id\", \"type\": \"integer\", \"unsigned\": true, \"defaultTo\": null, \"notNullable\": false}], \"indexes\": [{\"name\": \"property_statuses_alias_unique\", \"type\": \"unique\", \"columns\": [\"alias\"]}, {\"name\": \"property_statuses_created_by_id_fk\", \"columns\": [\"created_by_id\"]}, {\"name\": \"property_statuses_updated_by_id_fk\", \"columns\": [\"updated_by_id\"]}], \"foreignKeys\": [{\"name\": \"property_statuses_created_by_id_fk\", \"columns\": [\"created_by_id\"], \"onDelete\": \"SET NULL\", \"referencedTable\": \"admin_users\", \"referencedColumns\": [\"id\"]}, {\"name\": \"property_statuses_updated_by_id_fk\", \"columns\": [\"updated_by_id\"], \"onDelete\": \"SET NULL\", \"referencedTable\": \"admin_users\", \"referencedColumns\": [\"id\"]}]}, {\"name\": \"property_types\", \"columns\": [{\"args\": [{\"primary\": true, \"primaryKey\": true}], \"name\": \"id\", \"type\": \"increments\", \"unsigned\": false, \"defaultTo\": null, \"notNullable\": true}, {\"args\": [], \"name\": \"name\", \"type\": \"string\", \"unsigned\": false, \"defaultTo\": null, \"notNullable\": false}, {\"args\": [\"longtext\"], \"name\": \"description\", \"type\": \"text\", \"unsigned\": false, \"defaultTo\": null, \"notNullable\": false}, {\"args\": [], \"name\": \"sort\", \"type\": \"integer\", \"unsigned\": false, \"defaultTo\": null, \"notNullable\": false}, {\"args\": [], \"name\": \"icon\", \"type\": \"string\", \"unsigned\": false, \"defaultTo\": null, \"notNullable\": false}, {\"args\": [], \"name\": \"alias\", \"type\": \"string\", \"unique\": true, \"unsigned\": false, \"defaultTo\": null, \"notNullable\": false}, {\"args\": [{\"useTz\": false, \"precision\": 6}], \"name\": \"created_at\", \"type\": \"datetime\", \"unsigned\": false, \"defaultTo\": null, \"notNullable\": false}, {\"args\": [{\"useTz\": false, \"precision\": 6}], \"name\": \"updated_at\", \"type\": \"datetime\", \"unsigned\": false, \"defaultTo\": null, \"notNullable\": false}, {\"args\": [{\"useTz\": false, \"precision\": 6}], \"name\": \"published_at\", \"type\": \"datetime\", \"unsigned\": false, \"defaultTo\": null, \"notNullable\": false}, {\"args\": [], \"name\": \"created_by_id\", \"type\": \"integer\", \"unsigned\": true, \"defaultTo\": null, \"notNullable\": false}, {\"args\": [], \"name\": \"updated_by_id\", \"type\": \"integer\", \"unsigned\": true, \"defaultTo\": null, \"notNullable\": false}], \"indexes\": [{\"name\": \"property_types_alias_unique\", \"type\": \"unique\", \"columns\": [\"alias\"]}, {\"name\": \"property_types_created_by_id_fk\", \"columns\": [\"created_by_id\"]}, {\"name\": \"property_types_updated_by_id_fk\", \"columns\": [\"updated_by_id\"]}], \"foreignKeys\": [{\"name\": \"property_types_created_by_id_fk\", \"columns\": [\"created_by_id\"], \"onDelete\": \"SET NULL\", \"referencedTable\": \"admin_users\", \"referencedColumns\": [\"id\"]}, {\"name\": \"property_types_updated_by_id_fk\", \"columns\": [\"updated_by_id\"], \"onDelete\": \"SET NULL\", \"referencedTable\": \"admin_users\", \"referencedColumns\": [\"id\"]}]}, {\"name\": \"site_configurations\", \"columns\": [{\"args\": [{\"primary\": true, \"primaryKey\": true}], \"name\": \"id\", \"type\": \"increments\", \"unsigned\": false, \"defaultTo\": null, \"notNullable\": true}, {\"args\": [], \"name\": \"name\", \"type\": \"string\", \"unsigned\": false, \"defaultTo\": null, \"notNullable\": false}, {\"args\": [], \"name\": \"url\", \"type\": \"string\", \"unsigned\": false, \"defaultTo\": null, \"notNullable\": false}, {\"args\": [], \"name\": \"phone_number\", \"type\": \"string\", \"unsigned\": false, \"defaultTo\": null, \"notNullable\": false}, {\"args\": [], \"name\": \"email_id\", \"type\": \"string\", \"unsigned\": false, \"defaultTo\": null, \"notNullable\": false}, {\"args\": [\"longtext\"], \"name\": \"address\", \"type\": \"text\", \"unsigned\": false, \"defaultTo\": null, \"notNullable\": false}, {\"args\": [], \"name\": \"copy_write\", \"type\": \"string\", \"unsigned\": false, \"defaultTo\": null, \"notNullable\": false}, {\"args\": [\"longtext\"], \"name\": \"mail_template_header\", \"type\": \"text\", \"unsigned\": false, \"defaultTo\": null, \"notNullable\": false}, {\"args\": [\"longtext\"], \"name\": \"mail_template_footer\", \"type\": \"text\", \"unsigned\": false, \"defaultTo\": null, \"notNullable\": false}, {\"args\": [{\"useTz\": false, \"precision\": 6}], \"name\": \"created_at\", \"type\": \"datetime\", \"unsigned\": false, \"defaultTo\": null, \"notNullable\": false}, {\"args\": [{\"useTz\": false, \"precision\": 6}], \"name\": \"updated_at\", \"type\": \"datetime\", \"unsigned\": false, \"defaultTo\": null, \"notNullable\": false}, {\"args\": [{\"useTz\": false, \"precision\": 6}], \"name\": \"published_at\", \"type\": \"datetime\", \"unsigned\": false, \"defaultTo\": null, \"notNullable\": false}, {\"args\": [], \"name\": \"created_by_id\", \"type\": \"integer\", \"unsigned\": true, \"defaultTo\": null, \"notNullable\": false}, {\"args\": [], \"name\": \"updated_by_id\", \"type\": \"integer\", \"unsigned\": true, \"defaultTo\": null, \"notNullable\": false}], \"indexes\": [{\"name\": \"site_configurations_created_by_id_fk\", \"columns\": [\"created_by_id\"]}, {\"name\": \"site_configurations_updated_by_id_fk\", \"columns\": [\"updated_by_id\"]}], \"foreignKeys\": [{\"name\": \"site_configurations_created_by_id_fk\", \"columns\": [\"created_by_id\"], \"onDelete\": \"SET NULL\", \"referencedTable\": \"admin_users\", \"referencedColumns\": [\"id\"]}, {\"name\": \"site_configurations_updated_by_id_fk\", \"columns\": [\"updated_by_id\"], \"onDelete\": \"SET NULL\", \"referencedTable\": \"admin_users\", \"referencedColumns\": [\"id\"]}]}, {\"name\": \"components_article_banner_images\", \"columns\": [{\"args\": [{\"primary\": true, \"primaryKey\": true}], \"name\": \"id\", \"type\": \"increments\", \"unsigned\": false, \"defaultTo\": null, \"notNullable\": true}, {\"args\": [], \"name\": \"name\", \"type\": \"string\", \"unsigned\": false, \"defaultTo\": null, \"notNullable\": false}], \"indexes\": [], \"foreignKeys\": []}, {\"name\": \"components_article_banners\", \"columns\": [{\"args\": [{\"primary\": true, \"primaryKey\": true}], \"name\": \"id\", \"type\": \"increments\", \"unsigned\": false, \"defaultTo\": null, \"notNullable\": true}, {\"args\": [\"longtext\"], \"name\": \"line_1\", \"type\": \"text\", \"unsigned\": false, \"defaultTo\": null, \"notNullable\": false}, {\"args\": [\"longtext\"], \"name\": \"line_2\", \"type\": \"text\", \"unsigned\": false, \"defaultTo\": null, \"notNullable\": false}, {\"args\": [\"longtext\"], \"name\": \"line_3\", \"type\": \"text\", \"unsigned\": false, \"defaultTo\": null, \"notNullable\": false}, {\"args\": [\"longtext\"], \"name\": \"line_4\", \"type\": \"text\", \"unsigned\": false, \"defaultTo\": null, \"notNullable\": false}, {\"args\": [\"longtext\"], \"name\": \"description\", \"type\": \"text\", \"unsigned\": false, \"defaultTo\": null, \"notNullable\": false}], \"indexes\": [], \"foreignKeys\": []}, {\"name\": \"components_article_latest_properties\", \"columns\": [{\"args\": [{\"primary\": true, \"primaryKey\": true}], \"name\": \"id\", \"type\": \"increments\", \"unsigned\": false, \"defaultTo\": null, \"notNullable\": true}, {\"args\": [], \"name\": \"enabled\", \"type\": \"boolean\", \"unsigned\": false, \"defaultTo\": null, \"notNullable\": false}, {\"args\": [], \"name\": \"sort_field\", \"type\": \"string\", \"unsigned\": false, \"defaultTo\": null, \"notNullable\": false}, {\"args\": [], \"name\": \"name\", \"type\": \"string\", \"unsigned\": false, \"defaultTo\": null, \"notNullable\": false}], \"indexes\": [], \"foreignKeys\": []}, {\"name\": \"components_article_module_enableds\", \"columns\": [{\"args\": [{\"primary\": true, \"primaryKey\": true}], \"name\": \"id\", \"type\": \"increments\", \"unsigned\": false, \"defaultTo\": null, \"notNullable\": true}, {\"args\": [], \"name\": \"enabled\", \"type\": \"boolean\", \"unsigned\": false, \"defaultTo\": null, \"notNullable\": false}, {\"args\": [], \"name\": \"name\", \"type\": \"string\", \"unsigned\": false, \"defaultTo\": null, \"notNullable\": false}, {\"args\": [], \"name\": \"collection_name\", \"type\": \"string\", \"unsigned\": false, \"defaultTo\": null, \"notNullable\": false}], \"indexes\": [], \"foreignKeys\": []}, {\"name\": \"components_article_single_banners\", \"columns\": [{\"args\": [{\"primary\": true, \"primaryKey\": true}], \"name\": \"id\", \"type\": \"increments\", \"unsigned\": false, \"defaultTo\": null, \"notNullable\": true}, {\"args\": [], \"name\": \"name\", \"type\": \"string\", \"unsigned\": false, \"defaultTo\": null, \"notNullable\": false}, {\"args\": [\"longtext\"], \"name\": \"description\", \"type\": \"text\", \"unsigned\": false, \"defaultTo\": null, \"notNullable\": false}], \"indexes\": [], \"foreignKeys\": []}, {\"name\": \"components_article_video_banners\", \"columns\": [{\"args\": [{\"primary\": true, \"primaryKey\": true}], \"name\": \"id\", \"type\": \"increments\", \"unsigned\": false, \"defaultTo\": null, \"notNullable\": true}, {\"args\": [], \"name\": \"name\", \"type\": \"string\", \"unsigned\": false, \"defaultTo\": null, \"notNullable\": false}, {\"args\": [], \"name\": \"url\", \"type\": \"string\", \"unsigned\": false, \"defaultTo\": null, \"notNullable\": false}], \"indexes\": [], \"foreignKeys\": []}, {\"name\": \"components_blog_blog_tags\", \"columns\": [{\"args\": [{\"primary\": true, \"primaryKey\": true}], \"name\": \"id\", \"type\": \"increments\", \"unsigned\": false, \"defaultTo\": null, \"notNullable\": true}], \"indexes\": [], \"foreignKeys\": []}, {\"name\": \"components_button_links_button_links\", \"columns\": [{\"args\": [{\"primary\": true, \"primaryKey\": true}], \"name\": \"id\", \"type\": \"increments\", \"unsigned\": false, \"defaultTo\": null, \"notNullable\": true}, {\"args\": [], \"name\": \"label\", \"type\": \"string\", \"unsigned\": false, \"defaultTo\": null, \"notNullable\": false}, {\"args\": [], \"name\": \"link\", \"type\": \"string\", \"unsigned\": false, \"defaultTo\": null, \"notNullable\": false}], \"indexes\": [], \"foreignKeys\": []}, {\"name\": \"components_contact_links_contact_links\", \"columns\": [{\"args\": [{\"primary\": true, \"primaryKey\": true}], \"name\": \"id\", \"type\": \"increments\", \"unsigned\": false, \"defaultTo\": null, \"notNullable\": true}, {\"args\": [], \"name\": \"name\", \"type\": \"string\", \"unsigned\": false, \"defaultTo\": null, \"notNullable\": false}, {\"args\": [], \"name\": \"link\", \"type\": \"string\", \"unsigned\": false, \"defaultTo\": null, \"notNullable\": false}, {\"args\": [], \"name\": \"icon\", \"type\": \"string\", \"unsigned\": false, \"defaultTo\": null, \"notNullable\": false}, {\"args\": [], \"name\": \"value\", \"type\": \"string\", \"unsigned\": false, \"defaultTo\": null, \"notNullable\": false}], \"indexes\": [], \"foreignKeys\": []}, {\"name\": \"components_common_popular_searches\", \"columns\": [{\"args\": [{\"primary\": true, \"primaryKey\": true}], \"name\": \"id\", \"type\": \"increments\", \"unsigned\": false, \"defaultTo\": null, \"notNullable\": true}, {\"args\": [\"longtext\"], \"name\": \"search_list\", \"type\": \"text\", \"unsigned\": false, \"defaultTo\": null, \"notNullable\": false}], \"indexes\": [], \"foreignKeys\": []}, {\"name\": \"components_common_top_menus\", \"columns\": [{\"args\": [{\"primary\": true, \"primaryKey\": true}], \"name\": \"id\", \"type\": \"increments\", \"unsigned\": false, \"defaultTo\": null, \"notNullable\": true}, {\"args\": [], \"name\": \"name\", \"type\": \"string\", \"unsigned\": false, \"defaultTo\": null, \"notNullable\": false}], \"indexes\": [], \"foreignKeys\": []}, {\"name\": \"components_contact_module_contact_modules\", \"columns\": [{\"args\": [{\"primary\": true, \"primaryKey\": true}], \"name\": \"id\", \"type\": \"increments\", \"unsigned\": false, \"defaultTo\": null, \"notNullable\": true}, {\"args\": [], \"name\": \"title\", \"type\": \"string\", \"unsigned\": false, \"defaultTo\": null, \"notNullable\": false}, {\"args\": [\"longtext\"], \"name\": \"discription\", \"type\": \"text\", \"unsigned\": false, \"defaultTo\": null, \"notNullable\": false}, {\"args\": [], \"name\": \"position\", \"type\": \"string\", \"unsigned\": false, \"defaultTo\": null, \"notNullable\": false}], \"indexes\": [], \"foreignKeys\": []}, {\"name\": \"components_module_button_module_buttons\", \"columns\": [{\"args\": [{\"primary\": true, \"primaryKey\": true}], \"name\": \"id\", \"type\": \"increments\", \"unsigned\": false, \"defaultTo\": null, \"notNullable\": true}, {\"args\": [], \"name\": \"label\", \"type\": \"string\", \"unsigned\": false, \"defaultTo\": null, \"notNullable\": false}, {\"args\": [], \"name\": \"link\", \"type\": \"string\", \"unsigned\": false, \"defaultTo\": null, \"notNullable\": false}], \"indexes\": [], \"foreignKeys\": []}, {\"name\": \"components_property_advantages\", \"columns\": [{\"args\": [{\"primary\": true, \"primaryKey\": true}], \"name\": \"id\", \"type\": \"increments\", \"unsigned\": false, \"defaultTo\": null, \"notNullable\": true}, {\"args\": [], \"name\": \"name\", \"type\": \"string\", \"unsigned\": false, \"defaultTo\": null, \"notNullable\": false}, {\"args\": [\"longtext\"], \"name\": \"description\", \"type\": \"text\", \"unsigned\": false, \"defaultTo\": null, \"notNullable\": false}], \"indexes\": [], \"foreignKeys\": []}, {\"name\": \"components_property_amenities\", \"columns\": [{\"args\": [{\"primary\": true, \"primaryKey\": true}], \"name\": \"id\", \"type\": \"increments\", \"unsigned\": false, \"defaultTo\": null, \"notNullable\": true}], \"indexes\": [], \"foreignKeys\": []}, {\"name\": \"components_property_distances\", \"columns\": [{\"args\": [{\"primary\": true, \"primaryKey\": true}], \"name\": \"id\", \"type\": \"increments\", \"unsigned\": false, \"defaultTo\": null, \"notNullable\": true}, {\"args\": [], \"name\": \"bus_stand\", \"type\": \"string\", \"unsigned\": false, \"defaultTo\": null, \"notNullable\": false}, {\"args\": [], \"name\": \"railway_station\", \"type\": \"string\", \"unsigned\": false, \"defaultTo\": null, \"notNullable\": false}, {\"args\": [], \"name\": \"school\", \"type\": \"string\", \"unsigned\": false, \"defaultTo\": null, \"notNullable\": false}, {\"args\": [], \"name\": \"hosptial\", \"type\": \"string\", \"unsigned\": false, \"defaultTo\": null, \"notNullable\": false}], \"indexes\": [], \"foreignKeys\": []}, {\"name\": \"components_property_downloads\", \"columns\": [{\"args\": [{\"primary\": true, \"primaryKey\": true}], \"name\": \"id\", \"type\": \"increments\", \"unsigned\": false, \"defaultTo\": null, \"notNullable\": true}, {\"args\": [], \"name\": \"name\", \"type\": \"string\", \"unsigned\": false, \"defaultTo\": null, \"notNullable\": false}, {\"args\": [], \"name\": \"link\", \"type\": \"string\", \"unsigned\": false, \"defaultTo\": null, \"notNullable\": false}], \"indexes\": [], \"foreignKeys\": []}, {\"name\": \"components_property_extras\", \"columns\": [{\"args\": [{\"primary\": true, \"primaryKey\": true}], \"name\": \"id\", \"type\": \"increments\", \"unsigned\": false, \"defaultTo\": null, \"notNullable\": true}, {\"args\": [], \"name\": \"title\", \"type\": \"string\", \"unsigned\": false, \"defaultTo\": null, \"notNullable\": false}, {\"args\": [\"longtext\"], \"name\": \"description\", \"type\": \"text\", \"unsigned\": false, \"defaultTo\": null, \"notNullable\": false}], \"indexes\": [], \"foreignKeys\": []}, {\"name\": \"components_property_facts_features\", \"columns\": [{\"args\": [{\"primary\": true, \"primaryKey\": true}], \"name\": \"id\", \"type\": \"increments\", \"unsigned\": false, \"defaultTo\": null, \"notNullable\": true}, {\"args\": [], \"name\": \"name\", \"type\": \"string\", \"unsigned\": false, \"defaultTo\": null, \"notNullable\": false}, {\"args\": [\"longtext\"], \"name\": \"description\", \"type\": \"text\", \"unsigned\": false, \"defaultTo\": null, \"notNullable\": false}], \"indexes\": [], \"foreignKeys\": []}, {\"name\": \"components_property_floor_plans\", \"columns\": [{\"args\": [{\"primary\": true, \"primaryKey\": true}], \"name\": \"id\", \"type\": \"increments\", \"unsigned\": false, \"defaultTo\": null, \"notNullable\": true}, {\"args\": [], \"name\": \"floor\", \"type\": \"string\", \"unsigned\": false, \"defaultTo\": null, \"notNullable\": false}, {\"args\": [\"longtext\"], \"name\": \"description\", \"type\": \"text\", \"unsigned\": false, \"defaultTo\": null, \"notNullable\": false}], \"indexes\": [], \"foreignKeys\": []}, {\"name\": \"components_property_other_features\", \"columns\": [{\"args\": [{\"primary\": true, \"primaryKey\": true}], \"name\": \"id\", \"type\": \"increments\", \"unsigned\": false, \"defaultTo\": null, \"notNullable\": true}, {\"args\": [], \"name\": \"spot_name\", \"type\": \"string\", \"unsigned\": false, \"defaultTo\": null, \"notNullable\": false}, {\"args\": [], \"name\": \"timing\", \"type\": \"string\", \"unsigned\": false, \"defaultTo\": null, \"notNullable\": false}], \"indexes\": [], \"foreignKeys\": []}, {\"name\": \"components_property_price_structures\", \"columns\": [{\"args\": [{\"primary\": true, \"primaryKey\": true}], \"name\": \"id\", \"type\": \"increments\", \"unsigned\": false, \"defaultTo\": null, \"notNullable\": true}, {\"args\": [], \"name\": \"name\", \"type\": \"string\", \"unsigned\": false, \"defaultTo\": null, \"notNullable\": false}, {\"args\": [\"longtext\"], \"name\": \"description\", \"type\": \"text\", \"unsigned\": false, \"defaultTo\": null, \"notNullable\": false}, {\"args\": [], \"name\": \"value\", \"type\": \"string\", \"unsigned\": false, \"defaultTo\": null, \"notNullable\": false}], \"indexes\": [], \"foreignKeys\": []}, {\"name\": \"components_property_property_details\", \"columns\": [{\"args\": [{\"primary\": true, \"primaryKey\": true}], \"name\": \"id\", \"type\": \"increments\", \"unsigned\": false, \"defaultTo\": null, \"notNullable\": true}, {\"args\": [], \"name\": \"name\", \"type\": \"string\", \"unsigned\": false, \"defaultTo\": null, \"notNullable\": false}, {\"args\": [\"longtext\"], \"name\": \"description\", \"type\": \"text\", \"unsigned\": false, \"defaultTo\": null, \"notNullable\": false}], \"indexes\": [], \"foreignKeys\": []}, {\"name\": \"components_property_unit_details\", \"columns\": [{\"args\": [{\"primary\": true, \"primaryKey\": true}], \"name\": \"id\", \"type\": \"increments\", \"unsigned\": false, \"defaultTo\": null, \"notNullable\": true}, {\"args\": [], \"name\": \"unit_type\", \"type\": \"string\", \"unsigned\": false, \"defaultTo\": null, \"notNullable\": false}, {\"args\": [], \"name\": \"saleable_area\", \"type\": \"string\", \"unsigned\": false, \"defaultTo\": null, \"notNullable\": false}, {\"args\": [], \"name\": \"rera_carpet_area\", \"type\": \"string\", \"unsigned\": false, \"defaultTo\": null, \"notNullable\": false}], \"indexes\": [], \"foreignKeys\": []}, {\"name\": \"components_site_config_footer_menu_links\", \"columns\": [{\"args\": [{\"primary\": true, \"primaryKey\": true}], \"name\": \"id\", \"type\": \"increments\", \"unsigned\": false, \"defaultTo\": null, \"notNullable\": true}, {\"args\": [], \"name\": \"separator\", \"type\": \"string\", \"unsigned\": false, \"defaultTo\": null, \"notNullable\": false}], \"indexes\": [], \"foreignKeys\": []}, {\"name\": \"components_site_config_social_links\", \"columns\": [{\"args\": [{\"primary\": true, \"primaryKey\": true}], \"name\": \"id\", \"type\": \"increments\", \"unsigned\": false, \"defaultTo\": null, \"notNullable\": true}, {\"args\": [], \"name\": \"name\", \"type\": \"string\", \"unsigned\": false, \"defaultTo\": null, \"notNullable\": false}, {\"args\": [], \"name\": \"icon\", \"type\": \"string\", \"unsigned\": false, \"defaultTo\": null, \"notNullable\": false}, {\"args\": [], \"name\": \"link\", \"type\": \"string\", \"unsigned\": false, \"defaultTo\": null, \"notNullable\": false}], \"indexes\": [], \"foreignKeys\": []}, {\"name\": \"admin_permissions_role_links\", \"columns\": [{\"args\": [{\"primary\": true, \"primaryKey\": true}], \"name\": \"id\", \"type\": \"increments\", \"unsigned\": false, \"defaultTo\": null, \"notNullable\": true}, {\"args\": [], \"name\": \"permission_id\", \"type\": \"integer\", \"unsigned\": true, \"defaultTo\": null, \"notNullable\": false}, {\"args\": [], \"name\": \"role_id\", \"type\": \"integer\", \"unsigned\": true, \"defaultTo\": null, \"notNullable\": false}, {\"args\": [], \"name\": \"permission_order\", \"type\": \"double\", \"unsigned\": true, \"defaultTo\": null, \"notNullable\": false}], \"indexes\": [{\"name\": \"admin_permissions_role_links_fk\", \"columns\": [\"permission_id\"]}, {\"name\": \"admin_permissions_role_links_inv_fk\", \"columns\": [\"role_id\"]}, {\"name\": \"admin_permissions_role_links_unique\", \"type\": \"unique\", \"columns\": [\"permission_id\", \"role_id\"]}, {\"name\": \"admin_permissions_role_links_order_inv_fk\", \"columns\": [\"permission_order\"]}], \"foreignKeys\": [{\"name\": \"admin_permissions_role_links_fk\", \"columns\": [\"permission_id\"], \"onDelete\": \"CASCADE\", \"referencedTable\": \"admin_permissions\", \"referencedColumns\": [\"id\"]}, {\"name\": \"admin_permissions_role_links_inv_fk\", \"columns\": [\"role_id\"], \"onDelete\": \"CASCADE\", \"referencedTable\": \"admin_roles\", \"referencedColumns\": [\"id\"]}]}, {\"name\": \"admin_users_roles_links\", \"columns\": [{\"args\": [{\"primary\": true, \"primaryKey\": true}], \"name\": \"id\", \"type\": \"increments\", \"unsigned\": false, \"defaultTo\": null, \"notNullable\": true}, {\"args\": [], \"name\": \"user_id\", \"type\": \"integer\", \"unsigned\": true, \"defaultTo\": null, \"notNullable\": false}, {\"args\": [], \"name\": \"role_id\", \"type\": \"integer\", \"unsigned\": true, \"defaultTo\": null, \"notNullable\": false}, {\"args\": [], \"name\": \"role_order\", \"type\": \"double\", \"unsigned\": true, \"defaultTo\": null, \"notNullable\": false}, {\"args\": [], \"name\": \"user_order\", \"type\": \"double\", \"unsigned\": true, \"defaultTo\": null, \"notNullable\": false}], \"indexes\": [{\"name\": \"admin_users_roles_links_fk\", \"columns\": [\"user_id\"]}, {\"name\": \"admin_users_roles_links_inv_fk\", \"columns\": [\"role_id\"]}, {\"name\": \"admin_users_roles_links_unique\", \"type\": \"unique\", \"columns\": [\"user_id\", \"role_id\"]}, {\"name\": \"admin_users_roles_links_order_fk\", \"columns\": [\"role_order\"]}, {\"name\": \"admin_users_roles_links_order_inv_fk\", \"columns\": [\"user_order\"]}], \"foreignKeys\": [{\"name\": \"admin_users_roles_links_fk\", \"columns\": [\"user_id\"], \"onDelete\": \"CASCADE\", \"referencedTable\": \"admin_users\", \"referencedColumns\": [\"id\"]}, {\"name\": \"admin_users_roles_links_inv_fk\", \"columns\": [\"role_id\"], \"onDelete\": \"CASCADE\", \"referencedTable\": \"admin_roles\", \"referencedColumns\": [\"id\"]}]}, {\"name\": \"strapi_api_token_permissions_token_links\", \"columns\": [{\"args\": [{\"primary\": true, \"primaryKey\": true}], \"name\": \"id\", \"type\": \"increments\", \"unsigned\": false, \"defaultTo\": null, \"notNullable\": true}, {\"args\": [], \"name\": \"api_token_permission_id\", \"type\": \"integer\", \"unsigned\": true, \"defaultTo\": null, \"notNullable\": false}, {\"args\": [], \"name\": \"api_token_id\", \"type\": \"integer\", \"unsigned\": true, \"defaultTo\": null, \"notNullable\": false}, {\"args\": [], \"name\": \"api_token_permission_order\", \"type\": \"double\", \"unsigned\": true, \"defaultTo\": null, \"notNullable\": false}], \"indexes\": [{\"name\": \"strapi_api_token_permissions_token_links_fk\", \"columns\": [\"api_token_permission_id\"]}, {\"name\": \"strapi_api_token_permissions_token_links_inv_fk\", \"columns\": [\"api_token_id\"]}, {\"name\": \"strapi_api_token_permissions_token_links_unique\", \"type\": \"unique\", \"columns\": [\"api_token_permission_id\", \"api_token_id\"]}, {\"name\": \"strapi_api_token_permissions_token_links_order_inv_fk\", \"columns\": [\"api_token_permission_order\"]}], \"foreignKeys\": [{\"name\": \"strapi_api_token_permissions_token_links_fk\", \"columns\": [\"api_token_permission_id\"], \"onDelete\": \"CASCADE\", \"referencedTable\": \"strapi_api_token_permissions\", \"referencedColumns\": [\"id\"]}, {\"name\": \"strapi_api_token_permissions_token_links_inv_fk\", \"columns\": [\"api_token_id\"], \"onDelete\": \"CASCADE\", \"referencedTable\": \"strapi_api_tokens\", \"referencedColumns\": [\"id\"]}]}, {\"name\": \"strapi_transfer_token_permissions_token_links\", \"columns\": [{\"args\": [{\"primary\": true, \"primaryKey\": true}], \"name\": \"id\", \"type\": \"increments\", \"unsigned\": false, \"defaultTo\": null, \"notNullable\": true}, {\"args\": [], \"name\": \"transfer_token_permission_id\", \"type\": \"integer\", \"unsigned\": true, \"defaultTo\": null, \"notNullable\": false}, {\"args\": [], \"name\": \"transfer_token_id\", \"type\": \"integer\", \"unsigned\": true, \"defaultTo\": null, \"notNullable\": false}, {\"args\": [], \"name\": \"transfer_token_permission_order\", \"type\": \"double\", \"unsigned\": true, \"defaultTo\": null, \"notNullable\": false}], \"indexes\": [{\"name\": \"strapi_transfer_token_permissions_token_links_fk\", \"columns\": [\"transfer_token_permission_id\"]}, {\"name\": \"strapi_transfer_token_permissions_token_links_inv_fk\", \"columns\": [\"transfer_token_id\"]}, {\"name\": \"strapi_transfer_token_permissions_token_links_unique\", \"type\": \"unique\", \"columns\": [\"transfer_token_permission_id\", \"transfer_token_id\"]}, {\"name\": \"strapi_transfer_token_permissions_token_links_order_inv_fk\", \"columns\": [\"transfer_token_permission_order\"]}], \"foreignKeys\": [{\"name\": \"strapi_transfer_token_permissions_token_links_fk\", \"columns\": [\"transfer_token_permission_id\"], \"onDelete\": \"CASCADE\", \"referencedTable\": \"strapi_transfer_token_permissions\", \"referencedColumns\": [\"id\"]}, {\"name\": \"strapi_transfer_token_permissions_token_links_inv_fk\", \"columns\": [\"transfer_token_id\"], \"onDelete\": \"CASCADE\", \"referencedTable\": \"strapi_transfer_tokens\", \"referencedColumns\": [\"id\"]}]}, {\"name\": \"files_related_morphs\", \"columns\": [{\"args\": [{\"primary\": true, \"primaryKey\": true}], \"name\": \"id\", \"type\": \"increments\", \"unsigned\": false, \"defaultTo\": null, \"notNullable\": true}, {\"args\": [], \"name\": \"file_id\", \"type\": \"integer\", \"unsigned\": true, \"defaultTo\": null, \"notNullable\": false}, {\"args\": [], \"name\": \"related_id\", \"type\": \"integer\", \"unsigned\": true, \"defaultTo\": null, \"notNullable\": false}, {\"args\": [], \"name\": \"related_type\", \"type\": \"string\", \"unsigned\": false, \"defaultTo\": null, \"notNullable\": false}, {\"args\": [], \"name\": \"field\", \"type\": \"string\", \"unsigned\": false, \"defaultTo\": null, \"notNullable\": false}, {\"args\": [], \"name\": \"order\", \"type\": \"double\", \"unsigned\": true, \"defaultTo\": null, \"notNullable\": false}], \"indexes\": [{\"name\": \"files_related_morphs_fk\", \"columns\": [\"file_id\"]}, {\"name\": \"files_related_morphs_order_index\", \"type\": null, \"columns\": [\"order\"]}, {\"name\": \"files_related_morphs_id_column_index\", \"type\": null, \"columns\": [\"related_id\"]}], \"foreignKeys\": [{\"name\": \"files_related_morphs_fk\", \"columns\": [\"file_id\"], \"onDelete\": \"CASCADE\", \"referencedTable\": \"files\", \"referencedColumns\": [\"id\"]}]}, {\"name\": \"files_folder_links\", \"columns\": [{\"args\": [{\"primary\": true, \"primaryKey\": true}], \"name\": \"id\", \"type\": \"increments\", \"unsigned\": false, \"defaultTo\": null, \"notNullable\": true}, {\"args\": [], \"name\": \"file_id\", \"type\": \"integer\", \"unsigned\": true, \"defaultTo\": null, \"notNullable\": false}, {\"args\": [], \"name\": \"folder_id\", \"type\": \"integer\", \"unsigned\": true, \"defaultTo\": null, \"notNullable\": false}, {\"args\": [], \"name\": \"file_order\", \"type\": \"double\", \"unsigned\": true, \"defaultTo\": null, \"notNullable\": false}], \"indexes\": [{\"name\": \"files_folder_links_fk\", \"columns\": [\"file_id\"]}, {\"name\": \"files_folder_links_inv_fk\", \"columns\": [\"folder_id\"]}, {\"name\": \"files_folder_links_unique\", \"type\": \"unique\", \"columns\": [\"file_id\", \"folder_id\"]}, {\"name\": \"files_folder_links_order_inv_fk\", \"columns\": [\"file_order\"]}], \"foreignKeys\": [{\"name\": \"files_folder_links_fk\", \"columns\": [\"file_id\"], \"onDelete\": \"CASCADE\", \"referencedTable\": \"files\", \"referencedColumns\": [\"id\"]}, {\"name\": \"files_folder_links_inv_fk\", \"columns\": [\"folder_id\"], \"onDelete\": \"CASCADE\", \"referencedTable\": \"upload_folders\", \"referencedColumns\": [\"id\"]}]}, {\"name\": \"upload_folders_parent_links\", \"columns\": [{\"args\": [{\"primary\": true, \"primaryKey\": true}], \"name\": \"id\", \"type\": \"increments\", \"unsigned\": false, \"defaultTo\": null, \"notNullable\": true}, {\"args\": [], \"name\": \"folder_id\", \"type\": \"integer\", \"unsigned\": true, \"defaultTo\": null, \"notNullable\": false}, {\"args\": [], \"name\": \"inv_folder_id\", \"type\": \"integer\", \"unsigned\": true, \"defaultTo\": null, \"notNullable\": false}, {\"args\": [], \"name\": \"folder_order\", \"type\": \"double\", \"unsigned\": true, \"defaultTo\": null, \"notNullable\": false}], \"indexes\": [{\"name\": \"upload_folders_parent_links_fk\", \"columns\": [\"folder_id\"]}, {\"name\": \"upload_folders_parent_links_inv_fk\", \"columns\": [\"inv_folder_id\"]}, {\"name\": \"upload_folders_parent_links_unique\", \"type\": \"unique\", \"columns\": [\"folder_id\", \"inv_folder_id\"]}, {\"name\": \"upload_folders_parent_links_order_inv_fk\", \"columns\": [\"folder_order\"]}], \"foreignKeys\": [{\"name\": \"upload_folders_parent_links_fk\", \"columns\": [\"folder_id\"], \"onDelete\": \"CASCADE\", \"referencedTable\": \"upload_folders\", \"referencedColumns\": [\"id\"]}, {\"name\": \"upload_folders_parent_links_inv_fk\", \"columns\": [\"inv_folder_id\"], \"onDelete\": \"CASCADE\", \"referencedTable\": \"upload_folders\", \"referencedColumns\": [\"id\"]}]}, {\"name\": \"up_permissions_role_links\", \"columns\": [{\"args\": [{\"primary\": true, \"primaryKey\": true}], \"name\": \"id\", \"type\": \"increments\", \"unsigned\": false, \"defaultTo\": null, \"notNullable\": true}, {\"args\": [], \"name\": \"permission_id\", \"type\": \"integer\", \"unsigned\": true, \"defaultTo\": null, \"notNullable\": false}, {\"args\": [], \"name\": \"role_id\", \"type\": \"integer\", \"unsigned\": true, \"defaultTo\": null, \"notNullable\": false}, {\"args\": [], \"name\": \"permission_order\", \"type\": \"double\", \"unsigned\": true, \"defaultTo\": null, \"notNullable\": false}], \"indexes\": [{\"name\": \"up_permissions_role_links_fk\", \"columns\": [\"permission_id\"]}, {\"name\": \"up_permissions_role_links_inv_fk\", \"columns\": [\"role_id\"]}, {\"name\": \"up_permissions_role_links_unique\", \"type\": \"unique\", \"columns\": [\"permission_id\", \"role_id\"]}, {\"name\": \"up_permissions_role_links_order_inv_fk\", \"columns\": [\"permission_order\"]}], \"foreignKeys\": [{\"name\": \"up_permissions_role_links_fk\", \"columns\": [\"permission_id\"], \"onDelete\": \"CASCADE\", \"referencedTable\": \"up_permissions\", \"referencedColumns\": [\"id\"]}, {\"name\": \"up_permissions_role_links_inv_fk\", \"columns\": [\"role_id\"], \"onDelete\": \"CASCADE\", \"referencedTable\": \"up_roles\", \"referencedColumns\": [\"id\"]}]}, {\"name\": \"up_users_role_links\", \"columns\": [{\"args\": [{\"primary\": true, \"primaryKey\": true}], \"name\": \"id\", \"type\": \"increments\", \"unsigned\": false, \"defaultTo\": null, \"notNullable\": true}, {\"args\": [], \"name\": \"user_id\", \"type\": \"integer\", \"unsigned\": true, \"defaultTo\": null, \"notNullable\": false}, {\"args\": [], \"name\": \"role_id\", \"type\": \"integer\", \"unsigned\": true, \"defaultTo\": null, \"notNullable\": false}, {\"args\": [], \"name\": \"user_order\", \"type\": \"double\", \"unsigned\": true, \"defaultTo\": null, \"notNullable\": false}], \"indexes\": [{\"name\": \"up_users_role_links_fk\", \"columns\": [\"user_id\"]}, {\"name\": \"up_users_role_links_inv_fk\", \"columns\": [\"role_id\"]}, {\"name\": \"up_users_role_links_unique\", \"type\": \"unique\", \"columns\": [\"user_id\", \"role_id\"]}, {\"name\": \"up_users_role_links_order_inv_fk\", \"columns\": [\"user_order\"]}], \"foreignKeys\": [{\"name\": \"up_users_role_links_fk\", \"columns\": [\"user_id\"], \"onDelete\": \"CASCADE\", \"referencedTable\": \"up_users\", \"referencedColumns\": [\"id\"]}, {\"name\": \"up_users_role_links_inv_fk\", \"columns\": [\"role_id\"], \"onDelete\": \"CASCADE\", \"referencedTable\": \"up_roles\", \"referencedColumns\": [\"id\"]}]}, {\"name\": \"articles_components\", \"columns\": [{\"args\": [{\"primary\": true, \"primaryKey\": true}], \"name\": \"id\", \"type\": \"increments\", \"unsigned\": false, \"defaultTo\": null, \"notNullable\": true}, {\"args\": [], \"name\": \"entity_id\", \"type\": \"integer\", \"unsigned\": true, \"defaultTo\": null, \"notNullable\": false}, {\"args\": [], \"name\": \"component_id\", \"type\": \"integer\", \"unsigned\": true, \"defaultTo\": null, \"notNullable\": false}, {\"args\": [], \"name\": \"component_type\", \"type\": \"string\", \"unsigned\": false, \"defaultTo\": null, \"notNullable\": false}, {\"args\": [], \"name\": \"field\", \"type\": \"string\", \"unsigned\": false, \"defaultTo\": null, \"notNullable\": false}, {\"args\": [], \"name\": \"order\", \"type\": \"double\", \"unsigned\": true, \"defaultTo\": null, \"notNullable\": false}], \"indexes\": [{\"name\": \"articles_field_index\", \"type\": null, \"columns\": [\"field\"]}, {\"name\": \"articles_component_type_index\", \"type\": null, \"columns\": [\"component_type\"]}, {\"name\": \"articles_entity_fk\", \"columns\": [\"entity_id\"]}, {\"name\": \"articles_unique\", \"type\": \"unique\", \"columns\": [\"entity_id\", \"component_id\", \"field\", \"component_type\"]}], \"foreignKeys\": [{\"name\": \"articles_entity_fk\", \"columns\": [\"entity_id\"], \"onDelete\": \"CASCADE\", \"referencedTable\": \"articles\", \"referencedColumns\": [\"id\"]}]}, {\"name\": \"articles_menu_link_links\", \"columns\": [{\"args\": [{\"primary\": true, \"primaryKey\": true}], \"name\": \"id\", \"type\": \"increments\", \"unsigned\": false, \"defaultTo\": null, \"notNullable\": true}, {\"args\": [], \"name\": \"article_id\", \"type\": \"integer\", \"unsigned\": true, \"defaultTo\": null, \"notNullable\": false}, {\"args\": [], \"name\": \"menu_id\", \"type\": \"integer\", \"unsigned\": true, \"defaultTo\": null, \"notNullable\": false}], \"indexes\": [{\"name\": \"articles_menu_link_links_fk\", \"columns\": [\"article_id\"]}, {\"name\": \"articles_menu_link_links_inv_fk\", \"columns\": [\"menu_id\"]}, {\"name\": \"articles_menu_link_links_unique\", \"type\": \"unique\", \"columns\": [\"article_id\", \"menu_id\"]}], \"foreignKeys\": [{\"name\": \"articles_menu_link_links_fk\", \"columns\": [\"article_id\"], \"onDelete\": \"CASCADE\", \"referencedTable\": \"articles\", \"referencedColumns\": [\"id\"]}, {\"name\": \"articles_menu_link_links_inv_fk\", \"columns\": [\"menu_id\"], \"onDelete\": \"CASCADE\", \"referencedTable\": \"menus\", \"referencedColumns\": [\"id\"]}]}, {\"name\": \"blogs_components\", \"columns\": [{\"args\": [{\"primary\": true, \"primaryKey\": true}], \"name\": \"id\", \"type\": \"increments\", \"unsigned\": false, \"defaultTo\": null, \"notNullable\": true}, {\"args\": [], \"name\": \"entity_id\", \"type\": \"integer\", \"unsigned\": true, \"defaultTo\": null, \"notNullable\": false}, {\"args\": [], \"name\": \"component_id\", \"type\": \"integer\", \"unsigned\": true, \"defaultTo\": null, \"notNullable\": false}, {\"args\": [], \"name\": \"component_type\", \"type\": \"string\", \"unsigned\": false, \"defaultTo\": null, \"notNullable\": false}, {\"args\": [], \"name\": \"field\", \"type\": \"string\", \"unsigned\": false, \"defaultTo\": null, \"notNullable\": false}, {\"args\": [], \"name\": \"order\", \"type\": \"double\", \"unsigned\": true, \"defaultTo\": null, \"notNullable\": false}], \"indexes\": [{\"name\": \"blogs_field_index\", \"type\": null, \"columns\": [\"field\"]}, {\"name\": \"blogs_component_type_index\", \"type\": null, \"columns\": [\"component_type\"]}, {\"name\": \"blogs_entity_fk\", \"columns\": [\"entity_id\"]}, {\"name\": \"blogs_unique\", \"type\": \"unique\", \"columns\": [\"entity_id\", \"component_id\", \"field\", \"component_type\"]}], \"foreignKeys\": [{\"name\": \"blogs_entity_fk\", \"columns\": [\"entity_id\"], \"onDelete\": \"CASCADE\", \"referencedTable\": \"blogs\", \"referencedColumns\": [\"id\"]}]}, {\"name\": \"menus_parent_menu_links\", \"columns\": [{\"args\": [{\"primary\": true, \"primaryKey\": true}], \"name\": \"id\", \"type\": \"increments\", \"unsigned\": false, \"defaultTo\": null, \"notNullable\": true}, {\"args\": [], \"name\": \"menu_id\", \"type\": \"integer\", \"unsigned\": true, \"defaultTo\": null, \"notNullable\": false}, {\"args\": [], \"name\": \"inv_menu_id\", \"type\": \"integer\", \"unsigned\": true, \"defaultTo\": null, \"notNullable\": false}], \"indexes\": [{\"name\": \"menus_parent_menu_links_fk\", \"columns\": [\"menu_id\"]}, {\"name\": \"menus_parent_menu_links_inv_fk\", \"columns\": [\"inv_menu_id\"]}, {\"name\": \"menus_parent_menu_links_unique\", \"type\": \"unique\", \"columns\": [\"menu_id\", \"inv_menu_id\"]}], \"foreignKeys\": [{\"name\": \"menus_parent_menu_links_fk\", \"columns\": [\"menu_id\"], \"onDelete\": \"CASCADE\", \"referencedTable\": \"menus\", \"referencedColumns\": [\"id\"]}, {\"name\": \"menus_parent_menu_links_inv_fk\", \"columns\": [\"inv_menu_id\"], \"onDelete\": \"CASCADE\", \"referencedTable\": \"menus\", \"referencedColumns\": [\"id\"]}]}, {\"name\": \"properties_components\", \"columns\": [{\"args\": [{\"primary\": true, \"primaryKey\": true}], \"name\": \"id\", \"type\": \"increments\", \"unsigned\": false, \"defaultTo\": null, \"notNullable\": true}, {\"args\": [], \"name\": \"entity_id\", \"type\": \"integer\", \"unsigned\": true, \"defaultTo\": null, \"notNullable\": false}, {\"args\": [], \"name\": \"component_id\", \"type\": \"integer\", \"unsigned\": true, \"defaultTo\": null, \"notNullable\": false}, {\"args\": [], \"name\": \"component_type\", \"type\": \"string\", \"unsigned\": false, \"defaultTo\": null, \"notNullable\": false}, {\"args\": [], \"name\": \"field\", \"type\": \"string\", \"unsigned\": false, \"defaultTo\": null, \"notNullable\": false}, {\"args\": [], \"name\": \"order\", \"type\": \"double\", \"unsigned\": true, \"defaultTo\": null, \"notNullable\": false}], \"indexes\": [{\"name\": \"properties_field_index\", \"type\": null, \"columns\": [\"field\"]}, {\"name\": \"properties_component_type_index\", \"type\": null, \"columns\": [\"component_type\"]}, {\"name\": \"properties_entity_fk\", \"columns\": [\"entity_id\"]}, {\"name\": \"properties_unique\", \"type\": \"unique\", \"columns\": [\"entity_id\", \"component_id\", \"field\", \"component_type\"]}], \"foreignKeys\": [{\"name\": \"properties_entity_fk\", \"columns\": [\"entity_id\"], \"onDelete\": \"CASCADE\", \"referencedTable\": \"properties\", \"referencedColumns\": [\"id\"]}]}, {\"name\": \"properties_builder_links\", \"columns\": [{\"args\": [{\"primary\": true, \"primaryKey\": true}], \"name\": \"id\", \"type\": \"increments\", \"unsigned\": false, \"defaultTo\": null, \"notNullable\": true}, {\"args\": [], \"name\": \"property_id\", \"type\": \"integer\", \"unsigned\": true, \"defaultTo\": null, \"notNullable\": false}, {\"args\": [], \"name\": \"builder_id\", \"type\": \"integer\", \"unsigned\": true, \"defaultTo\": null, \"notNullable\": false}], \"indexes\": [{\"name\": \"properties_builder_links_fk\", \"columns\": [\"property_id\"]}, {\"name\": \"properties_builder_links_inv_fk\", \"columns\": [\"builder_id\"]}, {\"name\": \"properties_builder_links_unique\", \"type\": \"unique\", \"columns\": [\"property_id\", \"builder_id\"]}], \"foreignKeys\": [{\"name\": \"properties_builder_links_fk\", \"columns\": [\"property_id\"], \"onDelete\": \"CASCADE\", \"referencedTable\": \"properties\", \"referencedColumns\": [\"id\"]}, {\"name\": \"properties_builder_links_inv_fk\", \"columns\": [\"builder_id\"], \"onDelete\": \"CASCADE\", \"referencedTable\": \"builders\", \"referencedColumns\": [\"id\"]}]}, {\"name\": \"properties_area_links\", \"columns\": [{\"args\": [{\"primary\": true, \"primaryKey\": true}], \"name\": \"id\", \"type\": \"increments\", \"unsigned\": false, \"defaultTo\": null, \"notNullable\": true}, {\"args\": [], \"name\": \"property_id\", \"type\": \"integer\", \"unsigned\": true, \"defaultTo\": null, \"notNullable\": false}, {\"args\": [], \"name\": \"property_area_id\", \"type\": \"integer\", \"unsigned\": true, \"defaultTo\": null, \"notNullable\": false}], \"indexes\": [{\"name\": \"properties_area_links_fk\", \"columns\": [\"property_id\"]}, {\"name\": \"properties_area_links_inv_fk\", \"columns\": [\"property_area_id\"]}, {\"name\": \"properties_area_links_unique\", \"type\": \"unique\", \"columns\": [\"property_id\", \"property_area_id\"]}], \"foreignKeys\": [{\"name\": \"properties_area_links_fk\", \"columns\": [\"property_id\"], \"onDelete\": \"CASCADE\", \"referencedTable\": \"properties\", \"referencedColumns\": [\"id\"]}, {\"name\": \"properties_area_links_inv_fk\", \"columns\": [\"property_area_id\"], \"onDelete\": \"CASCADE\", \"referencedTable\": \"property_areas\", \"referencedColumns\": [\"id\"]}]}, {\"name\": \"properties_type_links\", \"columns\": [{\"args\": [{\"primary\": true, \"primaryKey\": true}], \"name\": \"id\", \"type\": \"increments\", \"unsigned\": false, \"defaultTo\": null, \"notNullable\": true}, {\"args\": [], \"name\": \"property_id\", \"type\": \"integer\", \"unsigned\": true, \"defaultTo\": null, \"notNullable\": false}, {\"args\": [], \"name\": \"property_type_id\", \"type\": \"integer\", \"unsigned\": true, \"defaultTo\": null, \"notNullable\": false}], \"indexes\": [{\"name\": \"properties_type_links_fk\", \"columns\": [\"property_id\"]}, {\"name\": \"properties_type_links_inv_fk\", \"columns\": [\"property_type_id\"]}, {\"name\": \"properties_type_links_unique\", \"type\": \"unique\", \"columns\": [\"property_id\", \"property_type_id\"]}], \"foreignKeys\": [{\"name\": \"properties_type_links_fk\", \"columns\": [\"property_id\"], \"onDelete\": \"CASCADE\", \"referencedTable\": \"properties\", \"referencedColumns\": [\"id\"]}, {\"name\": \"properties_type_links_inv_fk\", \"columns\": [\"property_type_id\"], \"onDelete\": \"CASCADE\", \"referencedTable\": \"property_types\", \"referencedColumns\": [\"id\"]}]}, {\"name\": \"properties_status_links\", \"columns\": [{\"args\": [{\"primary\": true, \"primaryKey\": true}], \"name\": \"id\", \"type\": \"increments\", \"unsigned\": false, \"defaultTo\": null, \"notNullable\": true}, {\"args\": [], \"name\": \"property_id\", \"type\": \"integer\", \"unsigned\": true, \"defaultTo\": null, \"notNullable\": false}, {\"args\": [], \"name\": \"property_status_id\", \"type\": \"integer\", \"unsigned\": true, \"defaultTo\": null, \"notNullable\": false}], \"indexes\": [{\"name\": \"properties_status_links_fk\", \"columns\": [\"property_id\"]}, {\"name\": \"properties_status_links_inv_fk\", \"columns\": [\"property_status_id\"]}, {\"name\": \"properties_status_links_unique\", \"type\": \"unique\", \"columns\": [\"property_id\", \"property_status_id\"]}], \"foreignKeys\": [{\"name\": \"properties_status_links_fk\", \"columns\": [\"property_id\"], \"onDelete\": \"CASCADE\", \"referencedTable\": \"properties\", \"referencedColumns\": [\"id\"]}, {\"name\": \"properties_status_links_inv_fk\", \"columns\": [\"property_status_id\"], \"onDelete\": \"CASCADE\", \"referencedTable\": \"property_statuses\", \"referencedColumns\": [\"id\"]}]}, {\"name\": \"property_areas_location_links\", \"columns\": [{\"args\": [{\"primary\": true, \"primaryKey\": true}], \"name\": \"id\", \"type\": \"increments\", \"unsigned\": false, \"defaultTo\": null, \"notNullable\": true}, {\"args\": [], \"name\": \"property_area_id\", \"type\": \"integer\", \"unsigned\": true, \"defaultTo\": null, \"notNullable\": false}, {\"args\": [], \"name\": \"property_location_id\", \"type\": \"integer\", \"unsigned\": true, \"defaultTo\": null, \"notNullable\": false}], \"indexes\": [{\"name\": \"property_areas_location_links_fk\", \"columns\": [\"property_area_id\"]}, {\"name\": \"property_areas_location_links_inv_fk\", \"columns\": [\"property_location_id\"]}, {\"name\": \"property_areas_location_links_unique\", \"type\": \"unique\", \"columns\": [\"property_area_id\", \"property_location_id\"]}], \"foreignKeys\": [{\"name\": \"property_areas_location_links_fk\", \"columns\": [\"property_area_id\"], \"onDelete\": \"CASCADE\", \"referencedTable\": \"property_areas\", \"referencedColumns\": [\"id\"]}, {\"name\": \"property_areas_location_links_inv_fk\", \"columns\": [\"property_location_id\"], \"onDelete\": \"CASCADE\", \"referencedTable\": \"property_locations\", \"referencedColumns\": [\"id\"]}]}, {\"name\": \"site_configurations_components\", \"columns\": [{\"args\": [{\"primary\": true, \"primaryKey\": true}], \"name\": \"id\", \"type\": \"increments\", \"unsigned\": false, \"defaultTo\": null, \"notNullable\": true}, {\"args\": [], \"name\": \"entity_id\", \"type\": \"integer\", \"unsigned\": true, \"defaultTo\": null, \"notNullable\": false}, {\"args\": [], \"name\": \"component_id\", \"type\": \"integer\", \"unsigned\": true, \"defaultTo\": null, \"notNullable\": false}, {\"args\": [], \"name\": \"component_type\", \"type\": \"string\", \"unsigned\": false, \"defaultTo\": null, \"notNullable\": false}, {\"args\": [], \"name\": \"field\", \"type\": \"string\", \"unsigned\": false, \"defaultTo\": null, \"notNullable\": false}, {\"args\": [], \"name\": \"order\", \"type\": \"double\", \"unsigned\": true, \"defaultTo\": null, \"notNullable\": false}], \"indexes\": [{\"name\": \"site_configurations_field_index\", \"type\": null, \"columns\": [\"field\"]}, {\"name\": \"site_configurations_component_type_index\", \"type\": null, \"columns\": [\"component_type\"]}, {\"name\": \"site_configurations_entity_fk\", \"columns\": [\"entity_id\"]}, {\"name\": \"site_configurations_unique\", \"type\": \"unique\", \"columns\": [\"entity_id\", \"component_id\", \"field\", \"component_type\"]}], \"foreignKeys\": [{\"name\": \"site_configurations_entity_fk\", \"columns\": [\"entity_id\"], \"onDelete\": \"CASCADE\", \"referencedTable\": \"site_configurations\", \"referencedColumns\": [\"id\"]}]}, {\"name\": \"site_configurations_privacy_policy_links\", \"columns\": [{\"args\": [{\"primary\": true, \"primaryKey\": true}], \"name\": \"id\", \"type\": \"increments\", \"unsigned\": false, \"defaultTo\": null, \"notNullable\": true}, {\"args\": [], \"name\": \"site_configuration_id\", \"type\": \"integer\", \"unsigned\": true, \"defaultTo\": null, \"notNullable\": false}, {\"args\": [], \"name\": \"menu_id\", \"type\": \"integer\", \"unsigned\": true, \"defaultTo\": null, \"notNullable\": false}], \"indexes\": [{\"name\": \"site_configurations_privacy_policy_links_fk\", \"columns\": [\"site_configuration_id\"]}, {\"name\": \"site_configurations_privacy_policy_links_inv_fk\", \"columns\": [\"menu_id\"]}, {\"name\": \"site_configurations_privacy_policy_links_unique\", \"type\": \"unique\", \"columns\": [\"site_configuration_id\", \"menu_id\"]}], \"foreignKeys\": [{\"name\": \"site_configurations_privacy_policy_links_fk\", \"columns\": [\"site_configuration_id\"], \"onDelete\": \"CASCADE\", \"referencedTable\": \"site_configurations\", \"referencedColumns\": [\"id\"]}, {\"name\": \"site_configurations_privacy_policy_links_inv_fk\", \"columns\": [\"menu_id\"], \"onDelete\": \"CASCADE\", \"referencedTable\": \"menus\", \"referencedColumns\": [\"id\"]}]}, {\"name\": \"site_configurations_terms_conditions_links\", \"columns\": [{\"args\": [{\"primary\": true, \"primaryKey\": true}], \"name\": \"id\", \"type\": \"increments\", \"unsigned\": false, \"defaultTo\": null, \"notNullable\": true}, {\"args\": [], \"name\": \"site_configuration_id\", \"type\": \"integer\", \"unsigned\": true, \"defaultTo\": null, \"notNullable\": false}, {\"args\": [], \"name\": \"menu_id\", \"type\": \"integer\", \"unsigned\": true, \"defaultTo\": null, \"notNullable\": false}], \"indexes\": [{\"name\": \"site_configurations_terms_conditions_links_fk\", \"columns\": [\"site_configuration_id\"]}, {\"name\": \"site_configurations_terms_conditions_links_inv_fk\", \"columns\": [\"menu_id\"]}, {\"name\": \"site_configurations_terms_conditions_links_unique\", \"type\": \"unique\", \"columns\": [\"site_configuration_id\", \"menu_id\"]}], \"foreignKeys\": [{\"name\": \"site_configurations_terms_conditions_links_fk\", \"columns\": [\"site_configuration_id\"], \"onDelete\": \"CASCADE\", \"referencedTable\": \"site_configurations\", \"referencedColumns\": [\"id\"]}, {\"name\": \"site_configurations_terms_conditions_links_inv_fk\", \"columns\": [\"menu_id\"], \"onDelete\": \"CASCADE\", \"referencedTable\": \"menus\", \"referencedColumns\": [\"id\"]}]}, {\"name\": \"components_article_single_banners_components\", \"columns\": [{\"args\": [{\"primary\": true, \"primaryKey\": true}], \"name\": \"id\", \"type\": \"increments\", \"unsigned\": false, \"defaultTo\": null, \"notNullable\": true}, {\"args\": [], \"name\": \"entity_id\", \"type\": \"integer\", \"unsigned\": true, \"defaultTo\": null, \"notNullable\": false}, {\"args\": [], \"name\": \"component_id\", \"type\": \"integer\", \"unsigned\": true, \"defaultTo\": null, \"notNullable\": false}, {\"args\": [], \"name\": \"component_type\", \"type\": \"string\", \"unsigned\": false, \"defaultTo\": null, \"notNullable\": false}, {\"args\": [], \"name\": \"field\", \"type\": \"string\", \"unsigned\": false, \"defaultTo\": null, \"notNullable\": false}, {\"args\": [], \"name\": \"order\", \"type\": \"double\", \"unsigned\": true, \"defaultTo\": null, \"notNullable\": false}], \"indexes\": [{\"name\": \"components_article_single_banners_field_index\", \"type\": null, \"columns\": [\"field\"]}, {\"name\": \"components_article_single_banners_component_type_index\", \"type\": null, \"columns\": [\"component_type\"]}, {\"name\": \"components_article_single_banners_entity_fk\", \"columns\": [\"entity_id\"]}, {\"name\": \"components_article_single_banners_unique\", \"type\": \"unique\", \"columns\": [\"entity_id\", \"component_id\", \"field\", \"component_type\"]}], \"foreignKeys\": [{\"name\": \"components_article_single_banners_entity_fk\", \"columns\": [\"entity_id\"], \"onDelete\": \"CASCADE\", \"referencedTable\": \"components_article_single_banners\", \"referencedColumns\": [\"id\"]}]}, {\"name\": \"components_blog_blog_tags_tag_links\", \"columns\": [{\"args\": [{\"primary\": true, \"primaryKey\": true}], \"name\": \"id\", \"type\": \"increments\", \"unsigned\": false, \"defaultTo\": null, \"notNullable\": true}, {\"args\": [], \"name\": \"blog_tag_id\", \"type\": \"integer\", \"unsigned\": true, \"defaultTo\": null, \"notNullable\": false}, {\"args\": [], \"name\": \"inv_blog_tag_id\", \"type\": \"integer\", \"unsigned\": true, \"defaultTo\": null, \"notNullable\": false}], \"indexes\": [{\"name\": \"components_blog_blog_tags_tag_links_fk\", \"columns\": [\"blog_tag_id\"]}, {\"name\": \"components_blog_blog_tags_tag_links_inv_fk\", \"columns\": [\"inv_blog_tag_id\"]}, {\"name\": \"components_blog_blog_tags_tag_links_unique\", \"type\": \"unique\", \"columns\": [\"blog_tag_id\", \"inv_blog_tag_id\"]}], \"foreignKeys\": [{\"name\": \"components_blog_blog_tags_tag_links_fk\", \"columns\": [\"blog_tag_id\"], \"onDelete\": \"CASCADE\", \"referencedTable\": \"components_blog_blog_tags\", \"referencedColumns\": [\"id\"]}, {\"name\": \"components_blog_blog_tags_tag_links_inv_fk\", \"columns\": [\"inv_blog_tag_id\"], \"onDelete\": \"CASCADE\", \"referencedTable\": \"blog_tags\", \"referencedColumns\": [\"id\"]}]}, {\"name\": \"components_common_top_menus_menu_links\", \"columns\": [{\"args\": [{\"primary\": true, \"primaryKey\": true}], \"name\": \"id\", \"type\": \"increments\", \"unsigned\": false, \"defaultTo\": null, \"notNullable\": true}, {\"args\": [], \"name\": \"top_menus_id\", \"type\": \"integer\", \"unsigned\": true, \"defaultTo\": null, \"notNullable\": false}, {\"args\": [], \"name\": \"menu_id\", \"type\": \"integer\", \"unsigned\": true, \"defaultTo\": null, \"notNullable\": false}], \"indexes\": [{\"name\": \"components_common_top_menus_menu_links_fk\", \"columns\": [\"top_menus_id\"]}, {\"name\": \"components_common_top_menus_menu_links_inv_fk\", \"columns\": [\"menu_id\"]}, {\"name\": \"components_common_top_menus_menu_links_unique\", \"type\": \"unique\", \"columns\": [\"top_menus_id\", \"menu_id\"]}], \"foreignKeys\": [{\"name\": \"components_common_top_menus_menu_links_fk\", \"columns\": [\"top_menus_id\"], \"onDelete\": \"CASCADE\", \"referencedTable\": \"components_common_top_menus\", \"referencedColumns\": [\"id\"]}, {\"name\": \"components_common_top_menus_menu_links_inv_fk\", \"columns\": [\"menu_id\"], \"onDelete\": \"CASCADE\", \"referencedTable\": \"menus\", \"referencedColumns\": [\"id\"]}]}, {\"name\": \"components_contact_module_contact_modules_components\", \"columns\": [{\"args\": [{\"primary\": true, \"primaryKey\": true}], \"name\": \"id\", \"type\": \"increments\", \"unsigned\": false, \"defaultTo\": null, \"notNullable\": true}, {\"args\": [], \"name\": \"entity_id\", \"type\": \"integer\", \"unsigned\": true, \"defaultTo\": null, \"notNullable\": false}, {\"args\": [], \"name\": \"component_id\", \"type\": \"integer\", \"unsigned\": true, \"defaultTo\": null, \"notNullable\": false}, {\"args\": [], \"name\": \"component_type\", \"type\": \"string\", \"unsigned\": false, \"defaultTo\": null, \"notNullable\": false}, {\"args\": [], \"name\": \"field\", \"type\": \"string\", \"unsigned\": false, \"defaultTo\": null, \"notNullable\": false}, {\"args\": [], \"name\": \"order\", \"type\": \"double\", \"unsigned\": true, \"defaultTo\": null, \"notNullable\": false}], \"indexes\": [{\"name\": \"components_contact_module_contact_modules_field_index\", \"type\": null, \"columns\": [\"field\"]}, {\"name\": \"components_contact_module_contact_modules_component_type_index\", \"type\": null, \"columns\": [\"component_type\"]}, {\"name\": \"components_contact_module_contact_modules_entity_fk\", \"columns\": [\"entity_id\"]}, {\"name\": \"components_contact_module_contact_modules_unique\", \"type\": \"unique\", \"columns\": [\"entity_id\", \"component_id\", \"field\", \"component_type\"]}], \"foreignKeys\": [{\"name\": \"components_contact_module_contact_modules_entity_fk\", \"columns\": [\"entity_id\"], \"onDelete\": \"CASCADE\", \"referencedTable\": \"components_contact_module_contact_modules\", \"referencedColumns\": [\"id\"]}]}, {\"name\": \"components_property_amenities_amenitie_links\", \"columns\": [{\"args\": [{\"primary\": true, \"primaryKey\": true}], \"name\": \"id\", \"type\": \"increments\", \"unsigned\": false, \"defaultTo\": null, \"notNullable\": true}, {\"args\": [], \"name\": \"amenities_id\", \"type\": \"integer\", \"unsigned\": true, \"defaultTo\": null, \"notNullable\": false}, {\"args\": [], \"name\": \"property_amenitie_id\", \"type\": \"integer\", \"unsigned\": true, \"defaultTo\": null, \"notNullable\": false}], \"indexes\": [{\"name\": \"components_property_amenities_amenitie_links_fk\", \"columns\": [\"amenities_id\"]}, {\"name\": \"components_property_amenities_amenitie_links_inv_fk\", \"columns\": [\"property_amenitie_id\"]}, {\"name\": \"components_property_amenities_amenitie_links_unique\", \"type\": \"unique\", \"columns\": [\"amenities_id\", \"property_amenitie_id\"]}], \"foreignKeys\": [{\"name\": \"components_property_amenities_amenitie_links_fk\", \"columns\": [\"amenities_id\"], \"onDelete\": \"CASCADE\", \"referencedTable\": \"components_property_amenities\", \"referencedColumns\": [\"id\"]}, {\"name\": \"components_property_amenities_amenitie_links_inv_fk\", \"columns\": [\"property_amenitie_id\"], \"onDelete\": \"CASCADE\", \"referencedTable\": \"property_amenities\", \"referencedColumns\": [\"id\"]}]}, {\"name\": \"components_site_config_footer_menu_links_link_links\", \"columns\": [{\"args\": [{\"primary\": true, \"primaryKey\": true}], \"name\": \"id\", \"type\": \"increments\", \"unsigned\": false, \"defaultTo\": null, \"notNullable\": true}, {\"args\": [], \"name\": \"footer_menu_links_id\", \"type\": \"integer\", \"unsigned\": true, \"defaultTo\": null, \"notNullable\": false}, {\"args\": [], \"name\": \"menu_id\", \"type\": \"integer\", \"unsigned\": true, \"defaultTo\": null, \"notNullable\": false}], \"indexes\": [{\"name\": \"components_site_config_footer_menu_links_link_links_fk\", \"columns\": [\"footer_menu_links_id\"]}, {\"name\": \"components_site_config_footer_menu_links_link_links_inv_fk\", \"columns\": [\"menu_id\"]}, {\"name\": \"components_site_config_footer_menu_links_link_links_unique\", \"type\": \"unique\", \"columns\": [\"footer_menu_links_id\", \"menu_id\"]}], \"foreignKeys\": [{\"name\": \"components_site_config_footer_menu_links_link_links_fk\", \"columns\": [\"footer_menu_links_id\"], \"onDelete\": \"CASCADE\", \"referencedTable\": \"components_site_config_footer_menu_links\", \"referencedColumns\": [\"id\"]}, {\"name\": \"components_site_config_footer_menu_links_link_links_inv_fk\", \"columns\": [\"menu_id\"], \"onDelete\": \"CASCADE\", \"referencedTable\": \"menus\", \"referencedColumns\": [\"id\"]}]}]}','2023-12-22 13:11:14','d81861613f6f73ffb4734365ad83a6cc');
/*!40000 ALTER TABLE `strapi_database_schema` ENABLE KEYS */;
UNLOCK TABLES;

--
-- Table structure for table `strapi_migrations`
--

DROP TABLE IF EXISTS `strapi_migrations`;
/*!40101 SET @saved_cs_client     = @@character_set_client */;
/*!50503 SET character_set_client = utf8mb4 */;
CREATE TABLE `strapi_migrations` (
  `id` int unsigned NOT NULL AUTO_INCREMENT,
  `name` varchar(255) DEFAULT NULL,
  `time` datetime DEFAULT NULL,
  PRIMARY KEY (`id`)
) ENGINE=InnoDB DEFAULT CHARSET=utf8mb4 COLLATE=utf8mb4_0900_ai_ci;
/*!40101 SET character_set_client = @saved_cs_client */;

--
-- Dumping data for table `strapi_migrations`
--

LOCK TABLES `strapi_migrations` WRITE;
/*!40000 ALTER TABLE `strapi_migrations` DISABLE KEYS */;
/*!40000 ALTER TABLE `strapi_migrations` ENABLE KEYS */;
UNLOCK TABLES;

--
-- Table structure for table `strapi_transfer_token_permissions`
--

DROP TABLE IF EXISTS `strapi_transfer_token_permissions`;
/*!40101 SET @saved_cs_client     = @@character_set_client */;
/*!50503 SET character_set_client = utf8mb4 */;
CREATE TABLE `strapi_transfer_token_permissions` (
  `id` int unsigned NOT NULL AUTO_INCREMENT,
  `action` varchar(255) DEFAULT NULL,
  `created_at` datetime(6) DEFAULT NULL,
  `updated_at` datetime(6) DEFAULT NULL,
  `created_by_id` int unsigned DEFAULT NULL,
  `updated_by_id` int unsigned DEFAULT NULL,
  PRIMARY KEY (`id`),
  KEY `strapi_transfer_token_permissions_created_by_id_fk` (`created_by_id`),
  KEY `strapi_transfer_token_permissions_updated_by_id_fk` (`updated_by_id`),
  CONSTRAINT `strapi_transfer_token_permissions_created_by_id_fk` FOREIGN KEY (`created_by_id`) REFERENCES `admin_users` (`id`) ON DELETE SET NULL,
  CONSTRAINT `strapi_transfer_token_permissions_updated_by_id_fk` FOREIGN KEY (`updated_by_id`) REFERENCES `admin_users` (`id`) ON DELETE SET NULL
) ENGINE=InnoDB DEFAULT CHARSET=utf8mb4 COLLATE=utf8mb4_0900_ai_ci;
/*!40101 SET character_set_client = @saved_cs_client */;

--
-- Dumping data for table `strapi_transfer_token_permissions`
--

LOCK TABLES `strapi_transfer_token_permissions` WRITE;
/*!40000 ALTER TABLE `strapi_transfer_token_permissions` DISABLE KEYS */;
/*!40000 ALTER TABLE `strapi_transfer_token_permissions` ENABLE KEYS */;
UNLOCK TABLES;

--
-- Table structure for table `strapi_transfer_token_permissions_token_links`
--

DROP TABLE IF EXISTS `strapi_transfer_token_permissions_token_links`;
/*!40101 SET @saved_cs_client     = @@character_set_client */;
/*!50503 SET character_set_client = utf8mb4 */;
CREATE TABLE `strapi_transfer_token_permissions_token_links` (
  `id` int unsigned NOT NULL AUTO_INCREMENT,
  `transfer_token_permission_id` int unsigned DEFAULT NULL,
  `transfer_token_id` int unsigned DEFAULT NULL,
  `transfer_token_permission_order` double unsigned DEFAULT NULL,
  PRIMARY KEY (`id`),
  UNIQUE KEY `strapi_transfer_token_permissions_token_links_unique` (`transfer_token_permission_id`,`transfer_token_id`),
  KEY `strapi_transfer_token_permissions_token_links_fk` (`transfer_token_permission_id`),
  KEY `strapi_transfer_token_permissions_token_links_inv_fk` (`transfer_token_id`),
  KEY `strapi_transfer_token_permissions_token_links_order_inv_fk` (`transfer_token_permission_order`),
  CONSTRAINT `strapi_transfer_token_permissions_token_links_fk` FOREIGN KEY (`transfer_token_permission_id`) REFERENCES `strapi_transfer_token_permissions` (`id`) ON DELETE CASCADE,
  CONSTRAINT `strapi_transfer_token_permissions_token_links_inv_fk` FOREIGN KEY (`transfer_token_id`) REFERENCES `strapi_transfer_tokens` (`id`) ON DELETE CASCADE
) ENGINE=InnoDB DEFAULT CHARSET=utf8mb4 COLLATE=utf8mb4_0900_ai_ci;
/*!40101 SET character_set_client = @saved_cs_client */;

--
-- Dumping data for table `strapi_transfer_token_permissions_token_links`
--

LOCK TABLES `strapi_transfer_token_permissions_token_links` WRITE;
/*!40000 ALTER TABLE `strapi_transfer_token_permissions_token_links` DISABLE KEYS */;
/*!40000 ALTER TABLE `strapi_transfer_token_permissions_token_links` ENABLE KEYS */;
UNLOCK TABLES;

--
-- Table structure for table `strapi_transfer_tokens`
--

DROP TABLE IF EXISTS `strapi_transfer_tokens`;
/*!40101 SET @saved_cs_client     = @@character_set_client */;
/*!50503 SET character_set_client = utf8mb4 */;
CREATE TABLE `strapi_transfer_tokens` (
  `id` int unsigned NOT NULL AUTO_INCREMENT,
  `name` varchar(255) DEFAULT NULL,
  `description` varchar(255) DEFAULT NULL,
  `access_key` varchar(255) DEFAULT NULL,
  `last_used_at` datetime(6) DEFAULT NULL,
  `expires_at` datetime(6) DEFAULT NULL,
  `lifespan` bigint DEFAULT NULL,
  `created_at` datetime(6) DEFAULT NULL,
  `updated_at` datetime(6) DEFAULT NULL,
  `created_by_id` int unsigned DEFAULT NULL,
  `updated_by_id` int unsigned DEFAULT NULL,
  PRIMARY KEY (`id`),
  KEY `strapi_transfer_tokens_created_by_id_fk` (`created_by_id`),
  KEY `strapi_transfer_tokens_updated_by_id_fk` (`updated_by_id`),
  CONSTRAINT `strapi_transfer_tokens_created_by_id_fk` FOREIGN KEY (`created_by_id`) REFERENCES `admin_users` (`id`) ON DELETE SET NULL,
  CONSTRAINT `strapi_transfer_tokens_updated_by_id_fk` FOREIGN KEY (`updated_by_id`) REFERENCES `admin_users` (`id`) ON DELETE SET NULL
) ENGINE=InnoDB DEFAULT CHARSET=utf8mb4 COLLATE=utf8mb4_0900_ai_ci;
/*!40101 SET character_set_client = @saved_cs_client */;

--
-- Dumping data for table `strapi_transfer_tokens`
--

LOCK TABLES `strapi_transfer_tokens` WRITE;
/*!40000 ALTER TABLE `strapi_transfer_tokens` DISABLE KEYS */;
/*!40000 ALTER TABLE `strapi_transfer_tokens` ENABLE KEYS */;
UNLOCK TABLES;

--
-- Table structure for table `strapi_webhooks`
--

DROP TABLE IF EXISTS `strapi_webhooks`;
/*!40101 SET @saved_cs_client     = @@character_set_client */;
/*!50503 SET character_set_client = utf8mb4 */;
CREATE TABLE `strapi_webhooks` (
  `id` int unsigned NOT NULL AUTO_INCREMENT,
  `name` varchar(255) DEFAULT NULL,
  `url` longtext,
  `headers` json DEFAULT NULL,
  `events` json DEFAULT NULL,
  `enabled` tinyint(1) DEFAULT NULL,
  PRIMARY KEY (`id`)
) ENGINE=InnoDB DEFAULT CHARSET=utf8mb4 COLLATE=utf8mb4_0900_ai_ci;
/*!40101 SET character_set_client = @saved_cs_client */;

--
-- Dumping data for table `strapi_webhooks`
--

LOCK TABLES `strapi_webhooks` WRITE;
/*!40000 ALTER TABLE `strapi_webhooks` DISABLE KEYS */;
/*!40000 ALTER TABLE `strapi_webhooks` ENABLE KEYS */;
UNLOCK TABLES;

--
-- Table structure for table `up_permissions`
--

DROP TABLE IF EXISTS `up_permissions`;
/*!40101 SET @saved_cs_client     = @@character_set_client */;
/*!50503 SET character_set_client = utf8mb4 */;
CREATE TABLE `up_permissions` (
  `id` int unsigned NOT NULL AUTO_INCREMENT,
  `action` varchar(255) DEFAULT NULL,
  `created_at` datetime(6) DEFAULT NULL,
  `updated_at` datetime(6) DEFAULT NULL,
  `created_by_id` int unsigned DEFAULT NULL,
  `updated_by_id` int unsigned DEFAULT NULL,
  PRIMARY KEY (`id`),
  KEY `up_permissions_created_by_id_fk` (`created_by_id`),
  KEY `up_permissions_updated_by_id_fk` (`updated_by_id`),
  CONSTRAINT `up_permissions_created_by_id_fk` FOREIGN KEY (`created_by_id`) REFERENCES `admin_users` (`id`) ON DELETE SET NULL,
  CONSTRAINT `up_permissions_updated_by_id_fk` FOREIGN KEY (`updated_by_id`) REFERENCES `admin_users` (`id`) ON DELETE SET NULL
) ENGINE=InnoDB AUTO_INCREMENT=131 DEFAULT CHARSET=utf8mb4 COLLATE=utf8mb4_0900_ai_ci;
/*!40101 SET character_set_client = @saved_cs_client */;

--
-- Dumping data for table `up_permissions`
--

LOCK TABLES `up_permissions` WRITE;
/*!40000 ALTER TABLE `up_permissions` DISABLE KEYS */;
INSERT INTO `up_permissions` VALUES (1,'plugin::users-permissions.user.me','2023-09-19 11:45:52.588000','2023-09-19 11:45:52.588000',NULL,NULL),(2,'plugin::users-permissions.auth.changePassword','2023-09-19 11:45:52.588000','2023-09-19 11:45:52.588000',NULL,NULL),(3,'plugin::users-permissions.auth.callback','2023-09-19 11:45:52.600000','2023-09-19 11:45:52.600000',NULL,NULL),(4,'plugin::users-permissions.auth.connect','2023-09-19 11:45:52.600000','2023-09-19 11:45:52.600000',NULL,NULL),(5,'plugin::users-permissions.auth.forgotPassword','2023-09-19 11:45:52.600000','2023-09-19 11:45:52.600000',NULL,NULL),(6,'plugin::users-permissions.auth.resetPassword','2023-09-19 11:45:52.600000','2023-09-19 11:45:52.600000',NULL,NULL),(7,'plugin::users-permissions.auth.register','2023-09-19 11:45:52.600000','2023-09-19 11:45:52.600000',NULL,NULL),(8,'plugin::users-permissions.auth.emailConfirmation','2023-09-19 11:45:52.600000','2023-09-19 11:45:52.600000',NULL,NULL),(9,'plugin::users-permissions.auth.sendEmailConfirmation','2023-09-19 11:45:52.600000','2023-09-19 11:45:52.600000',NULL,NULL),(51,'plugin::content-type-builder.components.getComponents','2023-11-13 16:43:14.922000','2023-11-13 16:43:14.922000',NULL,NULL),(52,'plugin::content-type-builder.components.getComponent','2023-11-13 16:43:14.922000','2023-11-13 16:43:14.922000',NULL,NULL),(53,'plugin::content-type-builder.content-types.getContentTypes','2023-11-13 16:43:14.922000','2023-11-13 16:43:14.922000',NULL,NULL),(54,'plugin::content-type-builder.content-types.getContentType','2023-11-13 16:43:14.922000','2023-11-13 16:43:14.922000',NULL,NULL),(55,'plugin::email.email.send','2023-11-13 16:43:14.922000','2023-11-13 16:43:14.922000',NULL,NULL),(56,'plugin::upload.content-api.findOne','2023-11-13 16:43:14.922000','2023-11-13 16:43:14.922000',NULL,NULL),(57,'plugin::upload.content-api.find','2023-11-13 16:43:14.922000','2023-11-13 16:43:14.922000',NULL,NULL),(60,'api::article.article.find','2023-11-22 12:46:51.591000','2023-11-22 12:46:51.591000',NULL,NULL),(61,'api::article.article.findOne','2023-11-22 12:46:51.591000','2023-11-22 12:46:51.591000',NULL,NULL),(65,'api::blog.blog.find','2023-11-22 12:46:51.591000','2023-11-22 12:46:51.591000',NULL,NULL),(66,'api::blog.blog.findOne','2023-11-22 12:46:51.591000','2023-11-22 12:46:51.591000',NULL,NULL),(70,'api::blog-tag.blog-tag.find','2023-11-22 12:46:51.591000','2023-11-22 12:46:51.591000',NULL,NULL),(71,'api::blog-tag.blog-tag.findOne','2023-11-22 12:46:51.591000','2023-11-22 12:46:51.591000',NULL,NULL),(75,'api::builder.builder.find','2023-11-22 12:46:51.591000','2023-11-22 12:46:51.591000',NULL,NULL),(76,'api::builder.builder.findOne','2023-11-22 12:46:51.591000','2023-11-22 12:46:51.591000',NULL,NULL),(80,'api::client-feedback.client-feedback.find','2023-11-22 12:46:51.591000','2023-11-22 12:46:51.591000',NULL,NULL),(81,'api::client-feedback.client-feedback.findOne','2023-11-22 12:46:51.591000','2023-11-22 12:46:51.591000',NULL,NULL),(84,'api::contact-module.contact-module.find','2023-11-22 12:46:51.591000','2023-11-22 12:46:51.591000',NULL,NULL),(88,'api::menu.menu.find','2023-11-22 12:46:51.591000','2023-11-22 12:46:51.591000',NULL,NULL),(89,'api::menu.menu.findOne','2023-11-22 12:46:51.591000','2023-11-22 12:46:51.591000',NULL,NULL),(93,'api::property.property.find','2023-11-22 12:46:51.592000','2023-11-22 12:46:51.592000',NULL,NULL),(94,'api::property.property.findOne','2023-11-22 12:46:51.592000','2023-11-22 12:46:51.592000',NULL,NULL),(98,'api::property-area.property-area.find','2023-11-22 12:46:51.592000','2023-11-22 12:46:51.592000',NULL,NULL),(99,'api::property-area.property-area.findOne','2023-11-22 12:46:51.592000','2023-11-22 12:46:51.592000',NULL,NULL),(103,'api::property-location.property-location.find','2023-11-22 12:46:51.593000','2023-11-22 12:46:51.593000',NULL,NULL),(104,'api::property-location.property-location.findOne','2023-11-22 12:46:51.593000','2023-11-22 12:46:51.593000',NULL,NULL),(108,'api::property-status.property-status.find','2023-11-22 12:46:51.593000','2023-11-22 12:46:51.593000',NULL,NULL),(109,'api::property-status.property-status.findOne','2023-11-22 12:46:51.593000','2023-11-22 12:46:51.593000',NULL,NULL),(113,'api::property-type.property-type.find','2023-11-22 12:46:51.593000','2023-11-22 12:46:51.593000',NULL,NULL),(114,'api::property-type.property-type.findOne','2023-11-22 12:46:51.593000','2023-11-22 12:46:51.593000',NULL,NULL),(118,'api::site-configuration.site-configuration.find','2023-11-22 12:46:51.593000','2023-11-22 12:46:51.593000',NULL,NULL),(121,'api::article.article.find','2023-12-08 07:10:28.305000','2023-12-08 07:10:28.305000',NULL,NULL),(122,'api::article.article.findOne','2023-12-08 07:10:28.305000','2023-12-08 07:10:28.305000',NULL,NULL),(123,'api::article.article.create','2023-12-08 07:10:28.305000','2023-12-08 07:10:28.305000',NULL,NULL),(124,'api::article.article.update','2023-12-08 07:10:28.305000','2023-12-08 07:10:28.305000',NULL,NULL),(125,'api::article.article.delete','2023-12-08 07:10:28.305000','2023-12-08 07:10:28.305000',NULL,NULL),(126,'api::email-template.email-template.find','2023-12-22 14:21:00.057000','2023-12-22 14:21:00.057000',NULL,NULL),(127,'api::email-template.email-template.findOne','2023-12-22 14:21:00.057000','2023-12-22 14:21:00.057000',NULL,NULL),(128,'api::popup-contact.popup-contact.find','2023-12-22 14:22:33.676000','2023-12-22 14:22:33.676000',NULL,NULL),(129,'api::property-amenitie.property-amenitie.find','2023-12-22 14:22:33.676000','2023-12-22 14:22:33.676000',NULL,NULL),(130,'api::property-amenitie.property-amenitie.findOne','2023-12-22 14:22:33.676000','2023-12-22 14:22:33.676000',NULL,NULL);
/*!40000 ALTER TABLE `up_permissions` ENABLE KEYS */;
UNLOCK TABLES;

--
-- Table structure for table `up_permissions_role_links`
--

DROP TABLE IF EXISTS `up_permissions_role_links`;
/*!40101 SET @saved_cs_client     = @@character_set_client */;
/*!50503 SET character_set_client = utf8mb4 */;
CREATE TABLE `up_permissions_role_links` (
  `id` int unsigned NOT NULL AUTO_INCREMENT,
  `permission_id` int unsigned DEFAULT NULL,
  `role_id` int unsigned DEFAULT NULL,
  `permission_order` double unsigned DEFAULT NULL,
  PRIMARY KEY (`id`),
  UNIQUE KEY `up_permissions_role_links_unique` (`permission_id`,`role_id`),
  KEY `up_permissions_role_links_fk` (`permission_id`),
  KEY `up_permissions_role_links_inv_fk` (`role_id`),
  KEY `up_permissions_role_links_order_inv_fk` (`permission_order`),
  CONSTRAINT `up_permissions_role_links_fk` FOREIGN KEY (`permission_id`) REFERENCES `up_permissions` (`id`) ON DELETE CASCADE,
  CONSTRAINT `up_permissions_role_links_inv_fk` FOREIGN KEY (`role_id`) REFERENCES `up_roles` (`id`) ON DELETE CASCADE
) ENGINE=InnoDB AUTO_INCREMENT=131 DEFAULT CHARSET=utf8mb4 COLLATE=utf8mb4_0900_ai_ci;
/*!40101 SET character_set_client = @saved_cs_client */;

--
-- Dumping data for table `up_permissions_role_links`
--

LOCK TABLES `up_permissions_role_links` WRITE;
/*!40000 ALTER TABLE `up_permissions_role_links` DISABLE KEYS */;
INSERT INTO `up_permissions_role_links` VALUES (1,1,1,1),(2,2,1,1),(3,3,2,1),(4,4,2,1),(5,5,2,1),(6,6,2,2),(7,7,2,2),(8,9,2,2),(9,8,2,2),(51,52,2,9),(52,51,2,9),(53,53,2,10),(54,55,2,10),(55,56,2,10),(58,54,2,10),(59,57,2,11),(60,61,2,12),(61,60,2,12),(65,65,2,12),(66,66,2,12),(72,70,2,13),(73,71,2,13),(75,75,2,14),(78,76,2,14),(79,80,2,14),(81,81,2,15),(84,84,2,15),(87,88,2,16),(90,89,2,16),(93,93,2,17),(94,94,2,17),(101,98,2,18),(102,99,2,19),(104,103,2,19),(105,104,2,19),(109,108,2,19),(110,109,2,19),(112,118,2,20),(115,113,2,21),(118,114,2,21),(121,121,1,2),(122,124,1,2),(123,123,1,2),(124,122,1,2),(125,125,1,2),(126,126,2,22),(127,127,2,22),(128,128,2,23),(129,129,2,23),(130,130,2,23);
/*!40000 ALTER TABLE `up_permissions_role_links` ENABLE KEYS */;
UNLOCK TABLES;

--
-- Table structure for table `up_roles`
--

DROP TABLE IF EXISTS `up_roles`;
/*!40101 SET @saved_cs_client     = @@character_set_client */;
/*!50503 SET character_set_client = utf8mb4 */;
CREATE TABLE `up_roles` (
  `id` int unsigned NOT NULL AUTO_INCREMENT,
  `name` varchar(255) DEFAULT NULL,
  `description` varchar(255) DEFAULT NULL,
  `type` varchar(255) DEFAULT NULL,
  `created_at` datetime(6) DEFAULT NULL,
  `updated_at` datetime(6) DEFAULT NULL,
  `created_by_id` int unsigned DEFAULT NULL,
  `updated_by_id` int unsigned DEFAULT NULL,
  PRIMARY KEY (`id`),
  KEY `up_roles_created_by_id_fk` (`created_by_id`),
  KEY `up_roles_updated_by_id_fk` (`updated_by_id`),
  CONSTRAINT `up_roles_created_by_id_fk` FOREIGN KEY (`created_by_id`) REFERENCES `admin_users` (`id`) ON DELETE SET NULL,
  CONSTRAINT `up_roles_updated_by_id_fk` FOREIGN KEY (`updated_by_id`) REFERENCES `admin_users` (`id`) ON DELETE SET NULL
) ENGINE=InnoDB AUTO_INCREMENT=3 DEFAULT CHARSET=utf8mb4 COLLATE=utf8mb4_0900_ai_ci;
/*!40101 SET character_set_client = @saved_cs_client */;

--
-- Dumping data for table `up_roles`
--

LOCK TABLES `up_roles` WRITE;
/*!40000 ALTER TABLE `up_roles` DISABLE KEYS */;
INSERT INTO `up_roles` VALUES (1,'Authenticated','Default role given to authenticated user.','authenticated','2023-09-19 11:45:52.575000','2023-12-08 07:11:01.147000',NULL,NULL),(2,'Public','Default role given to unauthenticated user.','public','2023-09-19 11:45:52.580000','2023-12-22 14:22:33.537000',NULL,NULL);
/*!40000 ALTER TABLE `up_roles` ENABLE KEYS */;
UNLOCK TABLES;

--
-- Table structure for table `up_users`
--

DROP TABLE IF EXISTS `up_users`;
/*!40101 SET @saved_cs_client     = @@character_set_client */;
/*!50503 SET character_set_client = utf8mb4 */;
CREATE TABLE `up_users` (
  `id` int unsigned NOT NULL AUTO_INCREMENT,
  `username` varchar(255) DEFAULT NULL,
  `email` varchar(255) DEFAULT NULL,
  `provider` varchar(255) DEFAULT NULL,
  `password` varchar(255) DEFAULT NULL,
  `reset_password_token` varchar(255) DEFAULT NULL,
  `confirmation_token` varchar(255) DEFAULT NULL,
  `confirmed` tinyint(1) DEFAULT NULL,
  `blocked` tinyint(1) DEFAULT NULL,
  `created_at` datetime(6) DEFAULT NULL,
  `updated_at` datetime(6) DEFAULT NULL,
  `created_by_id` int unsigned DEFAULT NULL,
  `updated_by_id` int unsigned DEFAULT NULL,
  PRIMARY KEY (`id`),
  KEY `up_users_created_by_id_fk` (`created_by_id`),
  KEY `up_users_updated_by_id_fk` (`updated_by_id`),
  CONSTRAINT `up_users_created_by_id_fk` FOREIGN KEY (`created_by_id`) REFERENCES `admin_users` (`id`) ON DELETE SET NULL,
  CONSTRAINT `up_users_updated_by_id_fk` FOREIGN KEY (`updated_by_id`) REFERENCES `admin_users` (`id`) ON DELETE SET NULL
) ENGINE=InnoDB DEFAULT CHARSET=utf8mb4 COLLATE=utf8mb4_0900_ai_ci;
/*!40101 SET character_set_client = @saved_cs_client */;

--
-- Dumping data for table `up_users`
--

LOCK TABLES `up_users` WRITE;
/*!40000 ALTER TABLE `up_users` DISABLE KEYS */;
/*!40000 ALTER TABLE `up_users` ENABLE KEYS */;
UNLOCK TABLES;

--
-- Table structure for table `up_users_role_links`
--

DROP TABLE IF EXISTS `up_users_role_links`;
/*!40101 SET @saved_cs_client     = @@character_set_client */;
/*!50503 SET character_set_client = utf8mb4 */;
CREATE TABLE `up_users_role_links` (
  `id` int unsigned NOT NULL AUTO_INCREMENT,
  `user_id` int unsigned DEFAULT NULL,
  `role_id` int unsigned DEFAULT NULL,
  `user_order` double unsigned DEFAULT NULL,
  PRIMARY KEY (`id`),
  UNIQUE KEY `up_users_role_links_unique` (`user_id`,`role_id`),
  KEY `up_users_role_links_fk` (`user_id`),
  KEY `up_users_role_links_inv_fk` (`role_id`),
  KEY `up_users_role_links_order_inv_fk` (`user_order`),
  CONSTRAINT `up_users_role_links_fk` FOREIGN KEY (`user_id`) REFERENCES `up_users` (`id`) ON DELETE CASCADE,
  CONSTRAINT `up_users_role_links_inv_fk` FOREIGN KEY (`role_id`) REFERENCES `up_roles` (`id`) ON DELETE CASCADE
) ENGINE=InnoDB DEFAULT CHARSET=utf8mb4 COLLATE=utf8mb4_0900_ai_ci;
/*!40101 SET character_set_client = @saved_cs_client */;

--
-- Dumping data for table `up_users_role_links`
--

LOCK TABLES `up_users_role_links` WRITE;
/*!40000 ALTER TABLE `up_users_role_links` DISABLE KEYS */;
/*!40000 ALTER TABLE `up_users_role_links` ENABLE KEYS */;
UNLOCK TABLES;

--
-- Table structure for table `upload_folders`
--

DROP TABLE IF EXISTS `upload_folders`;
/*!40101 SET @saved_cs_client     = @@character_set_client */;
/*!50503 SET character_set_client = utf8mb4 */;
CREATE TABLE `upload_folders` (
  `id` int unsigned NOT NULL AUTO_INCREMENT,
  `name` varchar(255) DEFAULT NULL,
  `path_id` int DEFAULT NULL,
  `path` varchar(255) DEFAULT NULL,
  `created_at` datetime(6) DEFAULT NULL,
  `updated_at` datetime(6) DEFAULT NULL,
  `created_by_id` int unsigned DEFAULT NULL,
  `updated_by_id` int unsigned DEFAULT NULL,
  PRIMARY KEY (`id`),
  UNIQUE KEY `upload_folders_path_id_index` (`path_id`),
  UNIQUE KEY `upload_folders_path_index` (`path`),
  KEY `upload_folders_created_by_id_fk` (`created_by_id`),
  KEY `upload_folders_updated_by_id_fk` (`updated_by_id`),
  CONSTRAINT `upload_folders_created_by_id_fk` FOREIGN KEY (`created_by_id`) REFERENCES `admin_users` (`id`) ON DELETE SET NULL,
  CONSTRAINT `upload_folders_updated_by_id_fk` FOREIGN KEY (`updated_by_id`) REFERENCES `admin_users` (`id`) ON DELETE SET NULL
) ENGINE=InnoDB AUTO_INCREMENT=20 DEFAULT CHARSET=utf8mb4 COLLATE=utf8mb4_0900_ai_ci;
/*!40101 SET character_set_client = @saved_cs_client */;

--
-- Dumping data for table `upload_folders`
--

LOCK TABLES `upload_folders` WRITE;
/*!40000 ALTER TABLE `upload_folders` DISABLE KEYS */;
INSERT INTO `upload_folders` VALUES (4,'Banner_Images',1,'/1','2023-10-12 20:05:41.380000','2023-10-12 20:05:41.380000',1,1),(5,'logo',2,'/2','2023-10-16 08:15:15.819000','2023-10-16 08:15:15.819000',1,1),(6,'Property_Type',3,'/3','2023-10-20 07:31:47.603000','2023-10-20 07:31:47.603000',1,1),(7,'area',4,'/4','2023-10-21 03:45:20.922000','2023-10-21 03:45:20.922000',1,1),(8,'property',5,'/5','2023-10-21 18:03:26.885000','2023-10-21 18:03:26.885000',1,1),(9,'builder',6,'/6','2023-10-21 18:22:15.330000','2023-10-21 18:22:15.330000',1,1),(10,'client_review',7,'/7','2023-11-16 14:35:35.818000','2023-11-16 14:35:35.818000',1,1),(11,'blog',8,'/8','2023-11-16 17:41:53.463000','2023-11-16 17:41:53.463000',1,1),(12,'p25',9,'/5/9','2023-11-17 09:02:47.526000','2023-11-17 09:02:47.526000',1,1),(13,'p26',10,'/5/10','2023-11-20 11:39:49.728000','2023-11-20 11:39:49.728000',1,1),(14,'p27',11,'/5/11','2023-12-02 09:07:33.968000','2023-12-02 09:07:33.968000',1,1),(15,'p28',12,'/5/12','2023-12-02 11:34:10.729000','2023-12-02 11:34:10.729000',1,1),(16,'p29',13,'/5/13','2023-12-02 18:20:45.769000','2023-12-02 18:20:45.769000',1,1),(17,'p30',14,'/5/14','2023-12-02 18:39:18.848000','2023-12-02 18:39:18.848000',1,1),(18,'p33',15,'/5/15','2023-12-08 08:57:47.141000','2023-12-08 08:57:47.141000',2,2),(19,'amenities',16,'/16','2023-12-15 10:16:14.019000','2023-12-15 10:16:14.019000',1,1);
/*!40000 ALTER TABLE `upload_folders` ENABLE KEYS */;
UNLOCK TABLES;

--
-- Table structure for table `upload_folders_parent_links`
--

DROP TABLE IF EXISTS `upload_folders_parent_links`;
/*!40101 SET @saved_cs_client     = @@character_set_client */;
/*!50503 SET character_set_client = utf8mb4 */;
CREATE TABLE `upload_folders_parent_links` (
  `id` int unsigned NOT NULL AUTO_INCREMENT,
  `folder_id` int unsigned DEFAULT NULL,
  `inv_folder_id` int unsigned DEFAULT NULL,
  `folder_order` double unsigned DEFAULT NULL,
  PRIMARY KEY (`id`),
  UNIQUE KEY `upload_folders_parent_links_unique` (`folder_id`,`inv_folder_id`),
  KEY `upload_folders_parent_links_fk` (`folder_id`),
  KEY `upload_folders_parent_links_inv_fk` (`inv_folder_id`),
  KEY `upload_folders_parent_links_order_inv_fk` (`folder_order`),
  CONSTRAINT `upload_folders_parent_links_fk` FOREIGN KEY (`folder_id`) REFERENCES `upload_folders` (`id`) ON DELETE CASCADE,
  CONSTRAINT `upload_folders_parent_links_inv_fk` FOREIGN KEY (`inv_folder_id`) REFERENCES `upload_folders` (`id`) ON DELETE CASCADE
) ENGINE=InnoDB AUTO_INCREMENT=8 DEFAULT CHARSET=utf8mb4 COLLATE=utf8mb4_0900_ai_ci;
/*!40101 SET character_set_client = @saved_cs_client */;

--
-- Dumping data for table `upload_folders_parent_links`
--

LOCK TABLES `upload_folders_parent_links` WRITE;
/*!40000 ALTER TABLE `upload_folders_parent_links` DISABLE KEYS */;
INSERT INTO `upload_folders_parent_links` VALUES (1,12,8,1),(2,13,8,2),(3,14,8,3),(4,15,8,4),(5,16,8,5),(6,17,8,6),(7,18,8,7);
/*!40000 ALTER TABLE `upload_folders_parent_links` ENABLE KEYS */;
UNLOCK TABLES;
/*!40103 SET TIME_ZONE=@OLD_TIME_ZONE */;

/*!40101 SET SQL_MODE=@OLD_SQL_MODE */;
/*!40014 SET FOREIGN_KEY_CHECKS=@OLD_FOREIGN_KEY_CHECKS */;
/*!40014 SET UNIQUE_CHECKS=@OLD_UNIQUE_CHECKS */;
/*!40101 SET CHARACTER_SET_CLIENT=@OLD_CHARACTER_SET_CLIENT */;
/*!40101 SET CHARACTER_SET_RESULTS=@OLD_CHARACTER_SET_RESULTS */;
/*!40101 SET COLLATION_CONNECTION=@OLD_COLLATION_CONNECTION */;
/*!40111 SET SQL_NOTES=@OLD_SQL_NOTES */;

-- Dump completed on 2023-12-23 10:06:17
